adapter,id,family,problem_type,difficulty,answer_type,manual_variation,problem,canonical_answer,raw_output,predicted_answer,correct
algorithmic_scaffold_v3_5_lora12,hitting_time_expectation_train_5220006,hitting_time_expectation,biased_boundaries_zero_a,3,non_binary,False,"Let (S_n) be a nearest-neighbor random walk on the integers with S_0 = 2, P(S_(n+1) = S_n + 1 | F_n) = 3/5, and P(S_(n+1) = S_n - 1 | F_n) = 2/5. Let tau = inf{n >= 0 : S_n in {0, 6}}. Compute E[tau]. Answer with JSON of the form {""expected_time"": ""...""} inside the answer tags.",{'expected_time': '1100/133'},"Step 1: Classify the walk and choose the biased pipeline.
p = 3/5, q = 2/5, and p != q, so this is biased. Do not use (x-a)(b-x).

Step 2: Extract the interval.
a = 0, b = 6, x = 2.

Step 3: Use named intermediate quantities to avoid sign mistakes.
For boundaries 0 and b, define r = q/p and
E_x[tau] = (b * ((r^x - 1)/(r^b - 1)) - x)/(p-q).

Step 4: Compute the powers and differences.
r = 2/3.
A = r^x = 2/3^2 = 4/9.
B = r^b = 2/3^6 = 64/729.
C = A - 1 = 4/9 - 1 = -5/9.
D = B - 1 = 64/729 - 1 = -665/729.

Step 5: Compute the boundary term before dividing by drift.
C/D = (-5/9)/(-665/729) = 405/665.
U = b * C/D = 6 * 405/665 = 2430/665.
V = U - x = 2430/665 - 2 = 2430/665 - 1330/665 = 1100/665.

Step 6: Divide by p-q.
p-q = 3/5 - 2/5 = 1/5.
E_x[tau] = V/(p-q) = (1100/665)/(1/5) = 5500/665 = 1100/133.

Step 7: Return the JSON answer.
Final answer:
<answer>
{""expected_time"": ""1100/133""}
</answer>",{'expected_time': '1100/133'},True
algorithmic_scaffold_v3_5_lora12,hitting_time_expectation_train_5200000,hitting_time_expectation,symmetric_boundaries_zero_a,1,non_binary,False,"Let (S_n) be a simple symmetric random walk on the integers with S_0 = 8. Let tau = inf{n >= 0 : S_n in {0, 12}}. Compute E[tau]. Answer with JSON of the form {""expected_time"": ""...""} inside the answer tags.",{'expected_time': '32'},"Step 1: Identify the walk type.
The walk is simple symmetric, so p = q = 1/2. Use the symmetric finite-interval formula.

Step 2: Extract the interval parameters.
Lower boundary a = 0; upper boundary b = 12; start x = 8.

Step 3: Select the formula.
For the symmetric walk, E_x[tau] = (x-a)(b-x).

Step 4: Compute each factor.
x-a = 8 - (0) = 8.
b-x = 12 - (8) = 4.

Step 5: Multiply.
E_x[tau] = 8 * 4 = 32.

Final answer:
<answer>
{""expected_time"": ""32""}
</answer>",{'expected_time': '32'},True
algorithmic_scaffold_v3_5_lora12,hitting_time_expectation_train_5210000,hitting_time_expectation,symmetric_shifted_boundaries,2,non_binary,False,"Let (S_n) be a simple symmetric random walk with S_0 = 0. Let tau be the first time the walk hits either -2 or 2. Compute E[tau]. Answer with JSON of the form {""expected_time"": ""...""} inside the answer tags.",{'expected_time': '4'},"Step 1: Identify the walk type.
The walk is simple symmetric, so p = q = 1/2. Use the symmetric finite-interval formula.

Step 2: Extract the interval parameters.
Lower boundary a = -2; upper boundary b = 2; start x = 0.

Step 3: Select the formula.
For the symmetric walk, E_x[tau] = (x-a)(b-x).

Step 4: Compute each factor.
x-a = 0 - (-2) = 2.
b-x = 2 - (0) = 2.

Step 5: Multiply.
E_x[tau] = 2 * 2 = 4.

Final answer:
<answer>
{""expected_time"": ""4""}
</answer>",{'expected_time': '4'},True
algorithmic_scaffold_v3_5_lora12,martingale_verification_train_5600000,martingale_verification,centered_walk_basic,1,binary,False,"Let S_0 = 0 and S_n = Y_1 + ... + Y_n, where the Y_k are independent and P(Y_k = 2) = P(Y_k = -2) = 1/2. With respect to the natural filtration, is (S_n) a martingale? Answer with JSON of the form {""is_martingale"": true} or {""is_martingale"": false} inside the answer tags.",{'is_martingale': True},"Step 1: Identify the martingale test.
Check whether E[S_(n+1) | F_n] = S_n.

Step 2: Compute the conditional increment mean.
The next increment is +2 or -2 with equal probability, so its mean is 0.

Step 3: Conclude.
E[S_(n+1) | F_n] = S_n + 0 = S_n, so is_martingale = true.

Final answer:
<answer>
{""is_martingale"": true}
</answer>",{'is_martingale': True},True
algorithmic_scaffold_v3_5_lora12,martingale_verification_train_5620003,martingale_verification,exponential_compensation,3,binary,False,"Let S_n = Y_1 + ... + Y_n, where the Y_k are independent with P(Y_k = 1) = 2/3 and P(Y_k = -1) = 1/3. For fixed theta, consider M_n = exp(theta S_n) / (exp(theta))^n. With respect to the natural filtration, is (M_n) a martingale? Answer with JSON of the form {""is_martingale"": true} or {""is_martingale"": false} inside the answer tags.",{'is_martingale': False},"Step 1: Use only the denominator-factor comparison.
Do not expand the whole conditional expectation.

Step 2: Required factor.
required = E[exp(thetaY_1)] = 2/3 exp(theta) + 1/3 exp(-theta).

Step 3: Proposed factor.
proposed = exp(theta).

Step 4: Compare and conclude.
The proposed factor and required factor are different, so is_martingale = false.

Final answer:
<answer>
{""is_martingale"": false}
</answer>",{'is_martingale': False},True
algorithmic_scaffold_v3_5_lora12,martingale_verification_train_5610000,martingale_verification,quadratic_compensation,3,binary,False,"Let S_n = Y_1 + ... + Y_n for independent increments with P(Y_k = 10) = P(Y_k = -10) = 1/2. Consider M_n = S_n^2 - 100 n. With respect to the natural filtration, is (M_n) a martingale? Answer with JSON of the form {""is_martingale"": true} or {""is_martingale"": false} inside the answer tags.",{'is_martingale': True},"Step 1: Use only the compensation comparison.
For a centered independent-increment walk, S_n^2 - c n is a martingale exactly when c = Var(Y_1).

Step 2: Read the two numbers.
Required c = Var(Y_1) = 100.
Proposed c = 100.

Step 3: Compare.
Proposed c is equal to the required c.

Step 4: Conclude with the required JSON schema.
is_martingale = true.

Final answer:
<answer>
{""is_martingale"": true}
</answer>",{'is_martingale': True},True
algorithmic_scaffold_v3_5_lora12,optional_stopping_validity_train_5800000,optional_stopping_validity,bounded_time_valid,1,binary,False,"Let (X_n) be a simple symmetric random walk with X_0 = 0 and natural filtration F_n. Let T = inf{k >= 0 : X_k = 1} and tau = min(T, 20). A solution claims that optional stopping gives E[X_tau] = E[X_0]. Is this use of optional stopping justified? Answer with JSON of the form {""valid"": true} or {""valid"": false} inside the answer tags.",{'valid': True},"Step 1: Check the optional-stopping condition.
tau has a deterministic cap, so tau is bounded.

Step 2: Decide validity.
The proposed use of E[M_tau] = E[M_0] has valid = true.

Step 3: Return exactly the required JSON schema.
Final answer:
<answer>
{""valid"": true}
</answer>",{'valid': True},True
algorithmic_scaffold_v3_5_lora12,optional_stopping_validity_train_5820002,optional_stopping_validity,finite_state_hitting_valid,3,binary,False,"Let (S_n) be a simple symmetric random walk on {0, ..., 5}, absorbed when it hits 0 or 5, with S_0 = 4. Let tau be the absorption time. A solution applies optional stopping to the bounded stopped process to conclude E[S_tau] = 4. Is this use justified? Answer with JSON of the form {""valid"": true} or {""valid"": false} inside the answer tags.",{'valid': True},"Step 1: Check the optional-stopping condition.
the stopped process is finite-state and therefore bounded.

Step 2: Decide validity.
The proposed use of E[M_tau] = E[M_0] has valid = true.

Step 3: Return exactly the required JSON schema.
Final answer:
<answer>
{""valid"": true}
</answer>",{'valid': True},True
algorithmic_scaffold_v3_5_lora12,optional_stopping_validity_train_5810000,optional_stopping_validity,unbounded_first_hit_invalid,2,binary,False,"Let (S_n) be a simple symmetric random walk with S_0 = 0. Let tau = inf{n >= 0 : S_n = 4}. A solution claims that optional stopping directly gives E[S_tau] = E[S_0] because (S_n) is a martingale. Is this use justified as stated? Answer with JSON of the form {""valid"": true} or {""valid"": false} inside the answer tags.",{'valid': False},"Step 1: Check the optional-stopping condition.
tau is uncapped and no boundedness or integrability hypothesis is supplied.

Step 2: Decide validity.
The proposed use of E[M_tau] = E[M_0] has valid = false.

Step 3: Return exactly the required JSON schema.
Final answer:
<answer>
{""valid"": false}
</answer>",{'valid': False},True
algorithmic_scaffold_v3_5_lora12,stopped_process_expectation_train_5400000,stopped_process_expectation,bounded_walk_expectation,1,non_binary,False,"Let (S_n) be a simple symmetric random walk with S_0 = 3. Let T = inf{k >= 0 : S_k = 5} and tau = min(T, 10). Compute E[S_tau]. Answer with JSON of the form {""value"": ""...""} inside the answer tags.",{'value': '3'},"Step 1: Identify the stopped process.
The process is the simple symmetric random walk (S_n), and tau = min(T, 10).
Because tau has a deterministic cap, tau is bounded.

Step 2: Extract the starting value.
S_0 = 3. The target level 5 does not change the optional-stopping value.

Step 3: Apply optional stopping directly.
E[S_tau] = E[S_0] = 3.

Final answer:
<answer>
{""value"": ""3""}
</answer>",{'value': '3'},True
algorithmic_scaffold_v3_5_lora12,stopped_process_expectation_train_5410000,stopped_process_expectation,quadratic_fixed_horizon,2,non_binary,False,"Let S_n = -2 + Y_1 + ... + Y_n, where P(Y_k = 3) = P(Y_k = -3) = 1/2 and the increments are independent. Compute E[S_3^2]. Answer with JSON of the form {""value"": ""...""} inside the answer tags.",{'value': '31'},"Step 1: Identify the fixed-time second-moment task.
We need E[S_3^2] for a centered independent-increment walk.

Step 2: Extract the parameters.
S_0 = -2; n = 3; increments are +3 or -3 with probability 1/2 each.
The variance of one increment is sigma^2 = (3)^2 = 9.

Step 3: Select the formula.
E[S_n^2] = S_0^2 + n sigma^2.

Step 4: Do the arithmetic in small pieces.
S_0^2 = (-2)^2 = 4.
n sigma^2 = 3 * 9 = 27.
Total = 4 + 27 = 31.

Final answer:
<answer>
{""value"": ""31""}
</answer>",{'value': '31'},True
algorithmic_scaffold_v3_5_lora12,stopped_process_expectation_train_5420001,stopped_process_expectation,stopped_martingale_value,3,non_binary,False,"Let (S_n) be a simple symmetric random walk with S_0 = 1. Let T = inf{k >= 0 : S_k = 5} and tau = min(T, 4). Compute E[S_tau^2 - tau]. Answer with JSON of the form {""value"": ""...""} inside the answer tags.",{'value': '1'},"Step 1: Identify the stopped quadratic martingale task.
The requested expression is E[S_tau^2 - tau]. Do not compute E[S_tau^2] and E[tau] separately.

Step 2: Extract the bounded stopping time.
S_0 = 1; target level = 5; tau = min(T, 4).
Since tau is capped by 4, optional stopping applies.

Step 3: Use the martingale directly.
For a simple symmetric random walk, M_n = S_n^2 - n is a martingale.
Therefore E[S_tau^2 - tau] = E[M_tau] = E[M_0].

Step 4: Compute M_0.
M_0 = S_0^2 - 0 = (1)^2 = 1.

Final answer:
<answer>
{""value"": ""1""}
</answer>",{'value': '1'},True
algorithmic_scaffold_v3_5_lora12,hitting_time_expectation_train_5220009,hitting_time_expectation,biased_boundaries_zero_a,3,non_binary,False,"Let (S_n) be a nearest-neighbor random walk on the integers with S_0 = 4, P(S_(n+1) = S_n + 1 | F_n) = 2/3, and P(S_(n+1) = S_n - 1 | F_n) = 1/3. Let tau = inf{n >= 0 : S_n in {0, 5}}. Compute E[tau]. Answer with JSON of the form {""expected_time"": ""...""} inside the answer tags.",{'expected_time': '78/31'},"Step 1: Classify the walk and choose the biased pipeline.
p = 2/3, q = 1/3, and p != q, so this is biased. Do not use (x-a)(b-x).

Step 2: Extract the interval.
a = 0, b = 5, x = 4.

Step 3: Use named intermediate quantities to avoid sign mistakes.
For boundaries 0 and b, define r = q/p and
E_x[tau] = (b * ((r^x - 1)/(r^b - 1)) - x)/(p-q).

Step 4: Compute the powers and differences.
r = 1/2.
A = r^x = 1/2^4 = 1/16.
B = r^b = 1/2^5 = 1/32.
C = A - 1 = 1/16 - 1 = -15/16.
D = B - 1 = 1/32 - 1 = -31/32.

Step 5: Compute the boundary term before dividing by drift.
C/D = (-15/16)/(-31/32) = 30/31.
U = b * C/D = 5 * 30/31 = 150/31.
V = U - x = 150/31 - 4 = 150/31 - 124/31 = 26/31.

Step 6: Divide by p-q.
p-q = 2/3 - 1/3 = 1/3.
E_x[tau] = V/(p-q) = (26/31)/(1/3) = 78/31.

Step 7: Return the JSON answer.
Final answer:
<answer>
{""expected_time"": ""78/31""}
</answer>",{'expected_time': '78/31'},True
algorithmic_scaffold_v3_5_lora12,hitting_time_expectation_train_5200001,hitting_time_expectation,symmetric_boundaries_zero_a,1,non_binary,False,"Let (S_n) be a simple symmetric random walk on the integers with S_0 = 3. Let tau = inf{n >= 0 : S_n in {0, 6}}. Compute E[tau]. Answer with JSON of the form {""expected_time"": ""...""} inside the answer tags.",{'expected_time': '9'},"Step 1: Identify the walk type.
The walk is simple symmetric, so p = q = 1/2. Use the symmetric finite-interval formula.

Step 2: Extract the interval parameters.
Lower boundary a = 0; upper boundary b = 6; start x = 3.

Step 3: Select the formula.
For the symmetric walk, E_x[tau] = (x-a)(b-x).

Step 4: Compute each factor.
x-a = 3 - (0) = 3.
b-x = 6 - (3) = 3.

Step 5: Multiply.
E_x[tau] = 3 * 3 = 9.

Final answer:
<answer>
{""expected_time"": ""9""}
</answer>",{'expected_time': '9'},True
algorithmic_scaffold_v3_5_lora12,hitting_time_expectation_train_5210001,hitting_time_expectation,symmetric_shifted_boundaries,2,non_binary,False,"Let (X_n) be a simple symmetric random walk with X_0 = 0. Let tau be the first time the walk hits either -2 or 8. Compute E[tau]. Answer with JSON of the form {""expected_time"": ""...""} inside the answer tags.",{'expected_time': '16'},"Step 1: Identify the walk type.
The walk is simple symmetric, so p = q = 1/2. Use the symmetric finite-interval formula.

Step 2: Extract the interval parameters.
Lower boundary a = -2; upper boundary b = 8; start x = 0.

Step 3: Select the formula.
For the symmetric walk, E_x[tau] = (x-a)(b-x).

Step 4: Compute each factor.
x-a = 0 - (-2) = 2.
b-x = 8 - (0) = 8.

Step 5: Multiply.
E_x[tau] = 2 * 8 = 16.

Final answer:
<answer>
{""expected_time"": ""16""}
</answer>",{'expected_time': '16'},True
algorithmic_scaffold_v3_5_lora12,martingale_verification_train_5600001,martingale_verification,centered_walk_basic,1,binary,False,"Let S_0 = 0 and S_n = Y_1 + ... + Y_n, where the Y_k are independent and P(Y_k = 4) = P(Y_k = -4) = 1/2. With respect to the natural filtration, is (S_n) a martingale? Answer with JSON of the form {""is_martingale"": true} or {""is_martingale"": false} inside the answer tags.",{'is_martingale': True},"Step 1: Identify the martingale test.
Check whether E[S_(n+1) | F_n] = S_n.

Step 2: Compute the conditional increment mean.
The next increment is +4 or -4 with equal probability, so its mean is 0.

Step 3: Conclude.
E[S_(n+1) | F_n] = S_n + 0 = S_n, so is_martingale = true.

Final answer:
<answer>
{""is_martingale"": true}
</answer>",{'is_martingale': True},True
algorithmic_scaffold_v3_5_lora12,martingale_verification_train_5620010,martingale_verification,exponential_compensation,3,binary,False,"Let S_n = Y_1 + ... + Y_n, where the Y_k are independent with P(Y_k = 1) = 2/5 and P(Y_k = -1) = 3/5. For fixed lambda, consider M_n = exp(lambda S_n) / (p exp(lambda) + q exp(-lambda))^n. With respect to the natural filtration, is (M_n) a martingale? Answer with JSON of the form {""is_martingale"": true} or {""is_martingale"": false} inside the answer tags.",{'is_martingale': True},"Step 1: Use only the denominator-factor comparison.
Do not expand the whole conditional expectation.

Step 2: Required factor.
required = E[exp(lambdaY_1)] = 2/5 exp(lambda) + 3/5 exp(-lambda).

Step 3: Proposed factor.
proposed = p exp(lambda) + q exp(-lambda).

Step 4: Compare and conclude.
The proposed factor and required factor are same, so is_martingale = true.

Final answer:
<answer>
{""is_martingale"": true}
</answer>",{'is_martingale': True},True
algorithmic_scaffold_v3_5_lora12,martingale_verification_train_5610001,martingale_verification,quadratic_compensation,3,binary,False,"Let S_n = Y_1 + ... + Y_n for independent increments with the increments have mean 0 and variance 16. Consider M_n = S_n^2 - 16 n. With respect to the natural filtration, is (M_n) a martingale? Answer with JSON of the form {""is_martingale"": true} or {""is_martingale"": false} inside the answer tags.",{'is_martingale': True},"Step 1: Use only the compensation comparison.
For a centered independent-increment walk, S_n^2 - c n is a martingale exactly when c = Var(Y_1).

Step 2: Read the two numbers.
Required c = Var(Y_1) = 16.
Proposed c = 16.

Step 3: Compare.
Proposed c is equal to the required c.

Step 4: Conclude with the required JSON schema.
is_martingale = true.

Final answer:
<answer>
{""is_martingale"": true}
</answer>",{'is_martingale': True},True
algorithmic_scaffold_v3_5_lora12,optional_stopping_validity_train_5800001,optional_stopping_validity,bounded_time_valid,1,binary,False,"Let (X_n) be a simple symmetric random walk with X_0 = 0 and natural filtration F_n. Let T = inf{k >= 0 : X_k = 2} and tau = min(T, 10). A solution claims that optional stopping gives E[X_tau] = E[X_0]. Is this use of optional stopping justified? Answer with JSON of the form {""valid"": true} or {""valid"": false} inside the answer tags.",{'valid': True},"Step 1: Check the optional-stopping condition.
tau has a deterministic cap, so tau is bounded.

Step 2: Decide validity.
The proposed use of E[M_tau] = E[M_0] has valid = true.

Step 3: Return exactly the required JSON schema.
Final answer:
<answer>
{""valid"": true}
</answer>",{'valid': True},True
algorithmic_scaffold_v3_5_lora12,optional_stopping_validity_train_5820003,optional_stopping_validity,finite_state_hitting_valid,3,binary,False,"Let (S_n) be a simple symmetric random walk on {0, ..., 10}, absorbed when it hits 0 or 10, with S_0 = 2. Let tau be the absorption time. A solution applies optional stopping to the bounded stopped process to conclude E[S_tau] = 2. Is this use justified? Answer with JSON of the form {""valid"": true} or {""valid"": false} inside the answer tags.",{'valid': True},"Step 1: Check the optional-stopping condition.
the stopped process is finite-state and therefore bounded.

Step 2: Decide validity.
The proposed use of E[M_tau] = E[M_0] has valid = true.

Step 3: Return exactly the required JSON schema.
Final answer:
<answer>
{""valid"": true}
</answer>",{'valid': True},True
algorithmic_scaffold_v3_5_lora12,optional_stopping_validity_train_5810001,optional_stopping_validity,unbounded_first_hit_invalid,2,binary,False,"Let (S_n) be a simple symmetric random walk with S_0 = 0. Let tau = inf{n >= 0 : S_n = 4}. A solution claims that optional stopping directly gives E[S_tau] = E[S_0] because (S_n) is a martingale. Is this use justified as stated? Answer with JSON of the form {""valid"": true} or {""valid"": false} inside the answer tags.",{'valid': False},"Step 1: Check the optional-stopping condition.
tau is uncapped and no boundedness or integrability hypothesis is supplied.

Step 2: Decide validity.
The proposed use of E[M_tau] = E[M_0] has valid = false.

Step 3: Return exactly the required JSON schema.
Final answer:
<answer>
{""valid"": false}
</answer>",{'valid': False},True
algorithmic_scaffold_v3_5_lora12,stopped_process_expectation_train_5400001,stopped_process_expectation,bounded_walk_expectation,1,non_binary,False,"Let (S_n) be a simple symmetric random walk with S_0 = 0. Let T = inf{k >= 0 : S_k = 3} and tau = min(T, 20). Compute E[S_tau]. Answer with JSON of the form {""value"": ""...""} inside the answer tags.",{'value': '0'},"Step 1: Identify the stopped process.
The process is the simple symmetric random walk (S_n), and tau = min(T, 20).
Because tau has a deterministic cap, tau is bounded.

Step 2: Extract the starting value.
S_0 = 0. The target level 3 does not change the optional-stopping value.

Step 3: Apply optional stopping directly.
E[S_tau] = E[S_0] = 0.

Final answer:
<answer>
{""value"": ""0""}
</answer>",{'value': '0'},True
algorithmic_scaffold_v3_5_lora12,stopped_process_expectation_train_5410001,stopped_process_expectation,quadratic_fixed_horizon,2,non_binary,False,"Let S_n = 1 + Y_1 + ... + Y_n, where P(Y_k = 3) = P(Y_k = -3) = 1/2 and the increments are independent. Compute E[S_2^2]. Answer with JSON of the form {""value"": ""...""} inside the answer tags.",{'value': '19'},"Step 1: Identify the fixed-time second-moment task.
We need E[S_2^2] for a centered independent-increment walk.

Step 2: Extract the parameters.
S_0 = 1; n = 2; increments are +3 or -3 with probability 1/2 each.
The variance of one increment is sigma^2 = (3)^2 = 9.

Step 3: Select the formula.
E[S_n^2] = S_0^2 + n sigma^2.

Step 4: Do the arithmetic in small pieces.
S_0^2 = (1)^2 = 1.
n sigma^2 = 2 * 9 = 18.
Total = 1 + 18 = 19.

Final answer:
<answer>
{""value"": ""19""}
</answer>",{'value': '19'},True
algorithmic_scaffold_v3_5_lora12,stopped_process_expectation_train_5420003,stopped_process_expectation,stopped_martingale_value,3,non_binary,False,"Let (X_n) be a simple symmetric random walk with X_0 = 0. Let T = inf{k >= 0 : X_k = 4} and tau = min(T, 6). Compute E[X_tau^2 - tau]. Answer with JSON of the form {""value"": ""...""} inside the answer tags.",{'value': '0'},"Step 1: Identify the stopped quadratic martingale task.
The requested expression is E[X_tau^2 - tau]. Do not compute E[X_tau^2] and E[tau] separately.

Step 2: Extract the bounded stopping time.
X_0 = 0; target level = 4; tau = min(T, 6).
Since tau is capped by 6, optional stopping applies.

Step 3: Use the martingale directly.
For a simple symmetric random walk, M_n = X_n^2 - n is a martingale.
Therefore E[X_tau^2 - tau] = E[M_tau] = E[M_0].

Step 4: Compute M_0.
M_0 = X_0^2 - 0 = (0)^2 = 0.

Final answer:
<answer>
{""value"": ""0""}
</answer>",{'value': '0'},True
algorithmic_scaffold_v3_5_lora12,hitting_time_expectation_train_5220010,hitting_time_expectation,biased_boundaries_zero_a,3,non_binary,False,"Let (X_n) be a nearest-neighbor random walk on the integers with X_0 = 3, P(X_(n+1) = X_n + 1 | F_n) = 1/3, and P(X_(n+1) = X_n - 1 | F_n) = 2/3. Let tau = inf{n >= 0 : X_n in {0, 5}}. Compute E[tau]. Answer with JSON of the form {""expected_time"": ""...""} inside the answer tags.",{'expected_time': '174/31'},"Step 1: Classify the walk and choose the biased pipeline.
p = 1/3, q = 2/3, and p != q, so this is biased. Do not use (x-a)(b-x).

Step 2: Extract the interval.
a = 0, b = 5, x = 3.

Step 3: Use named intermediate quantities to avoid sign mistakes.
For boundaries 0 and b, define r = q/p and
E_x[tau] = (b * ((r^x - 1)/(r^b - 1)) - x)/(p-q).

Step 4: Compute the powers and differences.
r = 2.
A = r^x = 2^3 = 8.
B = r^b = 2^5 = 32.
C = A - 1 = 8 - 1 = 7.
D = B - 1 = 32 - 1 = 31.

Step 5: Compute the boundary term before dividing by drift.
C/D = (7)/(31) = 7/31.
U = b * C/D = 5 * 7/31 = 35/31.
V = U - x = 35/31 - 3 = -58/31.

Step 6: Divide by p-q.
p-q = 1/3 - 2/3 = -1/3.
E_x[tau] = V/(p-q) = (-58/31)/(-1/3) = 174/31.

Step 7: Return the JSON answer.
Final answer:
<answer>
{""expected_time"": ""174/31""}
</answer>",{'expected_time': '174/31'},True
algorithmic_scaffold_v3_5_lora12,hitting_time_expectation_train_5200002,hitting_time_expectation,symmetric_boundaries_zero_a,1,non_binary,False,"Let (X_n) be a simple symmetric random walk on the integers with X_0 = 3. Let tau = inf{n >= 0 : X_n in {0, 4}}. Compute E[tau]. Answer with JSON of the form {""expected_time"": ""...""} inside the answer tags.",{'expected_time': '3'},"Step 1: Identify the walk type.
The walk is simple symmetric, so p = q = 1/2. Use the symmetric finite-interval formula.

Step 2: Extract the interval parameters.
Lower boundary a = 0; upper boundary b = 4; start x = 3.

Step 3: Select the formula.
For the symmetric walk, E_x[tau] = (x-a)(b-x).

Step 4: Compute each factor.
x-a = 3 - (0) = 3.
b-x = 4 - (3) = 1.

Step 5: Multiply.
E_x[tau] = 3 * 1 = 3.

Final answer:
<answer>
{""expected_time"": ""3""}
</answer>",{'expected_time': '3'},True
algorithmic_scaffold_v3_5_lora12,hitting_time_expectation_train_5210002,hitting_time_expectation,symmetric_shifted_boundaries,2,non_binary,False,"Let (S_n) be a simple symmetric random walk with S_0 = 6. Let tau be the first time the walk hits either 1 or 11. Compute E[tau]. Answer with JSON of the form {""expected_time"": ""...""} inside the answer tags.",{'expected_time': '25'},"Step 1: Identify the walk type.
The walk is simple symmetric, so p = q = 1/2. Use the symmetric finite-interval formula.

Step 2: Extract the interval parameters.
Lower boundary a = 1; upper boundary b = 11; start x = 6.

Step 3: Select the formula.
For the symmetric walk, E_x[tau] = (x-a)(b-x).

Step 4: Compute each factor.
x-a = 6 - (1) = 5.
b-x = 11 - (6) = 5.

Step 5: Multiply.
E_x[tau] = 5 * 5 = 25.

Final answer:
<answer>
{""expected_time"": ""25""}
</answer>",{'expected_time': '25'},True
algorithmic_scaffold_v3_5_lora12,martingale_verification_train_5600002,martingale_verification,centered_walk_basic,1,binary,False,"Let S_0 = 0 and S_n = Y_1 + ... + Y_n, where the Y_k are independent and P(Y_k = 3) = P(Y_k = -3) = 1/2. With respect to the natural filtration, is (S_n) a martingale? Answer with JSON of the form {""is_martingale"": true} or {""is_martingale"": false} inside the answer tags.",{'is_martingale': True},"Step 1: Identify the martingale test.
Check whether E[S_(n+1) | F_n] = S_n.

Step 2: Compute the conditional increment mean.
The next increment is +3 or -3 with equal probability, so its mean is 0.

Step 3: Conclude.
E[S_(n+1) | F_n] = S_n + 0 = S_n, so is_martingale = true.

Final answer:
<answer>
{""is_martingale"": true}
</answer>",{'is_martingale': True},True
algorithmic_scaffold_v3_5_lora12,martingale_verification_train_5620013,martingale_verification,exponential_compensation,3,binary,False,"Let X_n = Y_1 + ... + Y_n, where the Y_k are independent with P(Y_k = 1) = 2/3 and P(Y_k = -1) = 1/3. For fixed theta, consider M_n = exp(theta X_n) / (p exp(theta) + q exp(-theta))^n. With respect to the natural filtration, is (M_n) a martingale? Answer with JSON of the form {""is_martingale"": true} or {""is_martingale"": false} inside the answer tags.",{'is_martingale': True},"Step 1: Use only the denominator-factor comparison.
Do not expand the whole conditional expectation.

Step 2: Required factor.
required = E[exp(thetaY_1)] = 2/3 exp(theta) + 1/3 exp(-theta).

Step 3: Proposed factor.
proposed = p exp(theta) + q exp(-theta).

Step 4: Compare and conclude.
The proposed factor and required factor are same, so is_martingale = true.

Final answer:
<answer>
{""is_martingale"": true}
</answer>",{'is_martingale': True},True
algorithmic_scaffold_v3_5_lora12,martingale_verification_train_5610002,martingale_verification,quadratic_compensation,3,binary,False,"Let S_n = Y_1 + ... + Y_n for independent increments with the increments have mean 0 and variance 25. Consider M_n = S_n^2 - 25 n. With respect to the natural filtration, is (M_n) a martingale? Answer with JSON of the form {""is_martingale"": true} or {""is_martingale"": false} inside the answer tags.",{'is_martingale': True},"Step 1: Use only the compensation comparison.
For a centered independent-increment walk, S_n^2 - c n is a martingale exactly when c = Var(Y_1).

Step 2: Read the two numbers.
Required c = Var(Y_1) = 25.
Proposed c = 25.

Step 3: Compare.
Proposed c is equal to the required c.

Step 4: Conclude with the required JSON schema.
is_martingale = true.

Final answer:
<answer>
{""is_martingale"": true}
</answer>",{'is_martingale': True},True
algorithmic_scaffold_v3_5_lora12,optional_stopping_validity_train_5800002,optional_stopping_validity,bounded_time_valid,1,binary,False,"Let (S_n) be a simple symmetric random walk with S_0 = 0 and natural filtration F_n. Let T = inf{k >= 0 : S_k = 2} and tau = min(T, 10). A solution claims that optional stopping gives E[S_tau] = E[S_0]. Is this use of optional stopping justified? Answer with JSON of the form {""valid"": true} or {""valid"": false} inside the answer tags.",{'valid': True},"Step 1: Check the optional-stopping condition.
tau has a deterministic cap, so tau is bounded.

Step 2: Decide validity.
The proposed use of E[M_tau] = E[M_0] has valid = true.

Step 3: Return exactly the required JSON schema.
Final answer:
<answer>
{""valid"": true}
</answer>",{'valid': True},True
algorithmic_scaffold_v3_5_lora12,optional_stopping_validity_train_5820004,optional_stopping_validity,finite_state_hitting_valid,3,binary,False,"Let (S_n) be a simple symmetric random walk on {0, ..., 10}, absorbed when it hits 0 or 10, with S_0 = 7. Let tau be the absorption time. A solution applies optional stopping to the bounded stopped process to conclude E[S_tau] = 7. Is this use justified? Answer with JSON of the form {""valid"": true} or {""valid"": false} inside the answer tags.",{'valid': True},"Step 1: Check the optional-stopping condition.
the stopped process is finite-state and therefore bounded.

Step 2: Decide validity.
The proposed use of E[M_tau] = E[M_0] has valid = true.

Step 3: Return exactly the required JSON schema.
Final answer:
<answer>
{""valid"": true}
</answer>",{'valid': True},True
algorithmic_scaffold_v3_5_lora12,optional_stopping_validity_train_5810002,optional_stopping_validity,unbounded_first_hit_invalid,2,binary,False,"Let (S_n) be a simple symmetric random walk with S_0 = 0. Let tau = inf{n >= 0 : S_n = 3}. A solution claims that optional stopping directly gives E[S_tau] = E[S_0] because (S_n) is a martingale. Is this use justified as stated? Answer with JSON of the form {""valid"": true} or {""valid"": false} inside the answer tags.",{'valid': False},"Step 1: Check the optional-stopping condition.
tau is uncapped and no boundedness or integrability hypothesis is supplied.

Step 2: Decide validity.
The proposed use of E[M_tau] = E[M_0] has valid = false.

Step 3: Return exactly the required JSON schema.
Final answer:
<answer>
{""valid"": false}
</answer>",{'valid': False},True
algorithmic_scaffold_v3_5_lora12,stopped_process_expectation_train_5400002,stopped_process_expectation,bounded_walk_expectation,1,non_binary,False,"Let (S_n) be a simple symmetric random walk with S_0 = -2. Let T = inf{k >= 0 : S_k = 0} and tau = min(T, 3). Compute E[S_tau]. Answer with JSON of the form {""value"": ""...""} inside the answer tags.",{'value': '-2'},"Step 1: Identify the stopped process.
The process is the simple symmetric random walk (S_n), and tau = min(T, 3).
Because tau has a deterministic cap, tau is bounded.

Step 2: Extract the starting value.
S_0 = -2. The target level 0 does not change the optional-stopping value.

Step 3: Apply optional stopping directly.
E[S_tau] = E[S_0] = -2.

Final answer:
<answer>
{""value"": ""-2""}
</answer>",{'value': '-2'},True
algorithmic_scaffold_v3_5_lora12,stopped_process_expectation_train_5410002,stopped_process_expectation,quadratic_fixed_horizon,2,non_binary,False,"Let X_n = -2 + Y_1 + ... + Y_n, where P(Y_k = 2) = P(Y_k = -2) = 1/2 and the increments are independent. Compute E[X_5^2]. Answer with JSON of the form {""value"": ""...""} inside the answer tags.",{'value': '24'},"Step 1: Identify the fixed-time second-moment task.
We need E[X_5^2] for a centered independent-increment walk.

Step 2: Extract the parameters.
X_0 = -2; n = 5; increments are +2 or -2 with probability 1/2 each.
The variance of one increment is sigma^2 = (2)^2 = 4.

Step 3: Select the formula.
E[X_n^2] = X_0^2 + n sigma^2.

Step 4: Do the arithmetic in small pieces.
X_0^2 = (-2)^2 = 4.
n sigma^2 = 5 * 4 = 20.
Total = 4 + 20 = 24.

Final answer:
<answer>
{""value"": ""24""}
</answer>",{'value': '24'},True
algorithmic_scaffold_v3_5_lora12,stopped_process_expectation_train_5420005,stopped_process_expectation,stopped_martingale_value,3,non_binary,False,"Let (X_n) be a simple symmetric random walk with X_0 = -1. Let T = inf{k >= 0 : X_k = 2} and tau = min(T, 4). Compute E[X_tau^2 - tau]. Answer with JSON of the form {""value"": ""...""} inside the answer tags.",{'value': '1'},"Step 1: Identify the stopped quadratic martingale task.
The requested expression is E[X_tau^2 - tau]. Do not compute E[X_tau^2] and E[tau] separately.

Step 2: Extract the bounded stopping time.
X_0 = -1; target level = 2; tau = min(T, 4).
Since tau is capped by 4, optional stopping applies.

Step 3: Use the martingale directly.
For a simple symmetric random walk, M_n = X_n^2 - n is a martingale.
Therefore E[X_tau^2 - tau] = E[M_tau] = E[M_0].

Step 4: Compute M_0.
M_0 = X_0^2 - 0 = (-1)^2 = 1.

Final answer:
<answer>
{""value"": ""1""}
</answer>",{'value': '1'},True
algorithmic_scaffold_v3_5_lora12,hitting_time_expectation_train_5220011,hitting_time_expectation,biased_boundaries_zero_a,3,non_binary,False,"Let (S_n) be a nearest-neighbor random walk on the integers with S_0 = 5, P(S_(n+1) = S_n + 1 | F_n) = 3/5, and P(S_(n+1) = S_n - 1 | F_n) = 2/5. Let tau = inf{n >= 0 : S_n in {0, 6}}. Compute E[tau]. Answer with JSON of the form {""expected_time"": ""...""} inside the answer tags.",{'expected_time': '473/133'},"Step 1: Classify the walk and choose the biased pipeline.
p = 3/5, q = 2/5, and p != q, so this is biased. Do not use (x-a)(b-x).

Step 2: Extract the interval.
a = 0, b = 6, x = 5.

Step 3: Use named intermediate quantities to avoid sign mistakes.
For boundaries 0 and b, define r = q/p and
E_x[tau] = (b * ((r^x - 1)/(r^b - 1)) - x)/(p-q).

Step 4: Compute the powers and differences.
r = 2/3.
A = r^x = 2/3^5 = 32/243.
B = r^b = 2/3^6 = 64/729.
C = A - 1 = 32/243 - 1 = -211/243.
D = B - 1 = 64/729 - 1 = -665/729.

Step 5: Compute the boundary term before dividing by drift.
C/D = (-211/243)/(-665/729) = 211/243 * 729/665 = 573/665.
U = b * C/D = 6 * 573/665 = 3438/665.
V = U - x = 3438/665 - 5 = 3438/665 - 3325/665 = 113/665.

Step 6: Divide by p-q.
p-q = 3/5 - 2/5 = 1/5.
E_x[tau] = V/(p-q) = (113/665)/(1/5) = 565/665 = 113/133.

Step 7: Return the JSON answer.
Final answer:
<answer>
{""expected_time"": ""113/133""}
</answer>",{'expected_time': '113/133'},False
algorithmic_scaffold_v3_5_lora12,hitting_time_expectation_train_5200003,hitting_time_expectation,symmetric_boundaries_zero_a,1,non_binary,False,"Let (S_n) be a simple symmetric random walk on the integers with S_0 = 3. Let tau = inf{n >= 0 : S_n in {0, 8}}. Compute E[tau]. Answer with JSON of the form {""expected_time"": ""...""} inside the answer tags.",{'expected_time': '15'},"Step 1: Identify the walk type.
The walk is simple symmetric, so p = q = 1/2. Use the symmetric finite-interval formula.

Step 2: Extract the interval parameters.
Lower boundary a = 0; upper boundary b = 8; start x = 3.

Step 3: Select the formula.
For the symmetric walk, E_x[tau] = (x-a)(b-x).

Step 4: Compute each factor.
x-a = 3 - (0) = 3.
b-x = 8 - (3) = 5.

Step 5: Multiply.
E_x[tau] = 3 * 5 = 15.

Final answer:
<answer>
{""expected_time"": ""15""}
</answer>",{'expected_time': '15'},True
algorithmic_scaffold_v3_5_lora12,hitting_time_expectation_train_5210003,hitting_time_expectation,symmetric_shifted_boundaries,2,non_binary,False,"Let (X_n) be a simple symmetric random walk with X_0 = 3. Let tau be the first time the walk hits either 2 or 8. Compute E[tau]. Answer with JSON of the form {""expected_time"": ""...""} inside the answer tags.",{'expected_time': '5'},"Step 1: Identify the walk type.
The walk is simple symmetric, so p = q = 1/2. Use the symmetric finite-interval formula.

Step 2: Extract the interval parameters.
Lower boundary a = 2; upper boundary b = 8; start x = 3.

Step 3: Select the formula.
For the symmetric walk, E_x[tau] = (x-a)(b-x).

Step 4: Compute each factor.
x-a = 3 - (2) = 1.
b-x = 8 - (3) = 5.

Step 5: Multiply.
E_x[tau] = 1 * 5 = 5.

Final answer:
<answer>
{""expected_time"": ""5""}
</answer>",{'expected_time': '5'},True
algorithmic_scaffold_v3_5_lora12,martingale_verification_train_5600003,martingale_verification,centered_walk_basic,1,binary,False,"Let S_0 = 0 and S_n = Y_1 + ... + Y_n, where the Y_k are independent and P(Y_k = 2) = P(Y_k = -2) = 1/2. With respect to the natural filtration, is (S_n) a martingale? Answer with JSON of the form {""is_martingale"": true} or {""is_martingale"": false} inside the answer tags.",{'is_martingale': True},"Step 1: Identify the martingale test.
Check whether E[S_(n+1) | F_n] = S_n.

Step 2: Compute the conditional increment mean.
The next increment is +2 or -2 with equal probability, so its mean is 0.

Step 3: Conclude.
E[S_(n+1) | F_n] = S_n + 0 = S_n, so is_martingale = true.

Final answer:
<answer>
{""is_martingale"": true}
</answer>",{'is_martingale': True},True
algorithmic_scaffold_v3_5_lora12,martingale_verification_train_5620014,martingale_verification,exponential_compensation,3,binary,False,"Let S_n = Y_1 + ... + Y_n, where the Y_k are independent with P(Y_k = 1) = 2/3 and P(Y_k = -1) = 1/3. For fixed theta, consider M_n = exp(theta S_n) / (p exp(theta) + q exp(-theta))^n. With respect to the natural filtration, is (M_n) a martingale? Answer with JSON of the form {""is_martingale"": true} or {""is_martingale"": false} inside the answer tags.",{'is_martingale': True},"Step 1: Use only the denominator-factor comparison.
Do not expand the whole conditional expectation.

Step 2: Required factor.
required = E[exp(thetaY_1)] = 2/3 exp(theta) + 1/3 exp(-theta).

Step 3: Proposed factor.
proposed = p exp(theta) + q exp(-theta).

Step 4: Compare and conclude.
The proposed factor and required factor are same, so is_martingale = true.

Final answer:
<answer>
{""is_martingale"": true}
</answer>",{'is_martingale': True},True
algorithmic_scaffold_v3_5_lora12,martingale_verification_train_5610006,martingale_verification,quadratic_compensation,3,binary,False,"Let S_n = Y_1 + ... + Y_n for independent increments with the increments have mean 0 and variance 4. Consider M_n = S_n^2 - 3 n. With respect to the natural filtration, is (M_n) a martingale? Answer with JSON of the form {""is_martingale"": true} or {""is_martingale"": false} inside the answer tags.",{'is_martingale': False},"Step 1: Use only the compensation comparison.
For a centered independent-increment walk, S_n^2 - c n is a martingale exactly when c = Var(Y_1).

Step 2: Read the two numbers.
Required c = Var(Y_1) = 4.
Proposed c = 3.

Step 3: Compare.
Proposed c is not equal to the required c.

Step 4: Conclude with the required JSON schema.
is_martingale = false.

Final answer:
<answer>
{""is_martingale"": false}
</answer>",{'is_martingale': False},True
algorithmic_scaffold_v3_5_lora12,optional_stopping_validity_train_5800003,optional_stopping_validity,bounded_time_valid,1,binary,False,"Let (S_n) be a simple symmetric random walk with S_0 = 0 and natural filtration F_n. Let T = inf{k >= 0 : S_k = 2} and tau = min(T, 20). A solution claims that optional stopping gives E[S_tau] = E[S_0]. Is this use of optional stopping justified? Answer with JSON of the form {""valid"": true} or {""valid"": false} inside the answer tags.",{'valid': True},"Step 1: Check the optional-stopping condition.
tau has a deterministic cap, so tau is bounded.

Step 2: Decide validity.
The proposed use of E[M_tau] = E[M_0] has valid = true.

Step 3: Return exactly the required JSON schema.
Final answer:
<answer>
{""valid"": true}
</answer>",{'valid': True},True
algorithmic_scaffold_v3_5_lora12,optional_stopping_validity_train_5820005,optional_stopping_validity,finite_state_hitting_valid,3,binary,False,"Let (X_n) be a simple symmetric random walk on {0, ..., 4}, absorbed when it hits 0 or 4, with X_0 = 1. Let tau be the absorption time. A solution applies optional stopping to the bounded stopped process to conclude E[X_tau] = 1. Is this use justified? Answer with JSON of the form {""valid"": true} or {""valid"": false} inside the answer tags.",{'valid': True},"Step 1: Check the optional-stopping condition.
the stopped process is finite-state and therefore bounded.

Step 2: Decide validity.
The proposed use of E[M_tau] = E[M_0] has valid = true.

Step 3: Return exactly the required JSON schema.
Final answer:
<answer>
{""valid"": true}
</answer>",{'valid': True},True
algorithmic_scaffold_v3_5_lora12,optional_stopping_validity_train_5810003,optional_stopping_validity,unbounded_first_hit_invalid,2,binary,False,"Let (S_n) be a simple symmetric random walk with S_0 = 0. Let tau = inf{n >= 0 : S_n = 3}. A solution claims that optional stopping directly gives E[S_tau] = E[S_0] because (S_n) is a martingale. Is this use justified as stated? Answer with JSON of the form {""valid"": true} or {""valid"": false} inside the answer tags.",{'valid': False},"Step 1: Check the optional-stopping condition.
tau is uncapped and no boundedness or integrability hypothesis is supplied.

Step 2: Decide validity.
The proposed use of E[M_tau] = E[M_0] has valid = false.

Step 3: Return exactly the required JSON schema.
Final answer:
<answer>
{""valid"": false}
</answer>",{'valid': False},True
algorithmic_scaffold_v3_5_lora12,stopped_process_expectation_train_5400003,stopped_process_expectation,bounded_walk_expectation,1,non_binary,False,"Let (X_n) be a simple symmetric random walk with X_0 = -3. Let T = inf{k >= 0 : X_k = 0} and tau = min(T, 3). Compute E[X_tau]. Answer with JSON of the form {""value"": ""...""} inside the answer tags.",{'value': '-3'},"Step 1: Identify the stopped process.
The process is the simple symmetric random walk (X_n), and tau = min(T, 3).
Because tau has a deterministic cap, tau is bounded.

Step 2: Extract the starting value.
X_0 = -3. The target level 0 does not change the optional-stopping value.

Step 3: Apply optional stopping directly.
E[X_tau] = E[X_0] = -3.

Final answer:
<answer>
{""value"": ""-3""}
</answer>",{'value': '-3'},True
algorithmic_scaffold_v3_5_lora12,stopped_process_expectation_train_5410003,stopped_process_expectation,quadratic_fixed_horizon,2,non_binary,False,"Let S_n = -2 + Y_1 + ... + Y_n, where P(Y_k = 1) = P(Y_k = -1) = 1/2 and the increments are independent. Compute E[S_5^2]. Answer with JSON of the form {""value"": ""...""} inside the answer tags.",{'value': '9'},"Step 1: Identify the fixed-time second-moment task.
We need E[S_5^2] for a centered independent-increment walk.

Step 2: Extract the parameters.
S_0 = -2; n = 5; increments are +1 or -1 with probability 1/2 each.
The variance of one increment is sigma^2 = (1)^2 = 1.

Step 3: Select the formula.
E[S_n^2] = S_0^2 + n sigma^2.

Step 4: Do the arithmetic in small pieces.
S_0^2 = (-2)^2 = 4.
n sigma^2 = 5 * 1 = 5.
Total = 4 + 5 = 9.

Final answer:
<answer>
{""value"": ""9""}
</answer>",{'value': '9'},True
algorithmic_scaffold_v3_5_lora12,stopped_process_expectation_train_5420010,stopped_process_expectation,stopped_martingale_value,3,non_binary,False,"Let (X_n) be a simple symmetric random walk with X_0 = 1. Let T = inf{k >= 0 : X_k = 5} and tau = min(T, 4). Compute E[X_tau^2 - tau]. Answer with JSON of the form {""value"": ""...""} inside the answer tags.",{'value': '1'},"Step 1: Identify the stopped quadratic martingale task.
The requested expression is E[X_tau^2 - tau]. Do not compute E[X_tau^2] and E[tau] separately.

Step 2: Extract the bounded stopping time.
X_0 = 1; target level = 5; tau = min(T, 4).
Since tau is capped by 4, optional stopping applies.

Step 3: Use the martingale directly.
For a simple symmetric random walk, M_n = X_n^2 - n is a martingale.
Therefore E[X_tau^2 - tau] = E[M_tau] = E[M_0].

Step 4: Compute M_0.
M_0 = X_0^2 - 0 = (1)^2 = 1.

Final answer:
<answer>
{""value"": ""1""}
</answer>",{'value': '1'},True
algorithmic_scaffold_v3_5_lora12,hitting_time_expectation_train_5220012,hitting_time_expectation,biased_boundaries_zero_a,3,non_binary,False,"Let (S_n) be a nearest-neighbor random walk on the integers with S_0 = 4, P(S_(n+1) = S_n + 1 | F_n) = 3/5, and P(S_(n+1) = S_n - 1 | F_n) = 2/5. Let tau = inf{n >= 0 : S_n in {0, 6}}. Compute E[tau]. Answer with JSON of the form {""expected_time"": ""...""} inside the answer tags.",{'expected_time': '850/133'},"Step 1: Classify the walk and choose the biased pipeline.
p = 3/5, q = 2/5, and p != q, so this is biased. Do not use (x-a)(b-x).

Step 2: Extract the interval.
a = 0, b = 6, x = 4.

Step 3: Use named intermediate quantities to avoid sign mistakes.
For boundaries 0 and b, define r = q/p and
E_x[tau] = (b * ((r^x - 1)/(r^b - 1)) - x)/(p-q).

Step 4: Compute the powers and differences.
r = 2/3.
A = r^x = 2/3^4 = 16/81.
B = r^b = 2/3^6 = 64/729.
C = A - 1 = 16/81 - 1 = -65/81.
D = B - 1 = 64/729 - 1 = -665/729.

Step 5: Compute the boundary term before dividing by drift.
C/D = (-65/81)/(-665/729) = 65/81 * 729/665 = 99/665.
U = b * C/D = 6 * 99/665 = 594/665.
V = U - x = 594/665 - 4 = -2326/665.

Step 6: Divide by p-q.
p-q = 3/5 - 2/5 = 1/5.
E_x[tau] = V/(p-q) = (-2326/665)/(1/5) = -11630/665 = -17.46.

Step 7: Multiply by -1.
E_x[tau] = 17.46.

Step 8: Return the JSON answer.
Final answer:
<answer>
{""expected_time"": ""17.46""}
</answer>",{'expected_time': '17.46'},False
algorithmic_scaffold_v3_5_lora12,hitting_time_expectation_train_5200004,hitting_time_expectation,symmetric_boundaries_zero_a,1,non_binary,False,"Let (X_n) be a simple symmetric random walk on the integers with X_0 = 2. Let tau = inf{n >= 0 : X_n in {0, 5}}. Compute E[tau]. Answer with JSON of the form {""expected_time"": ""...""} inside the answer tags.",{'expected_time': '6'},"Step 1: Identify the walk type.
The walk is simple symmetric, so p = q = 1/2. Use the symmetric finite-interval formula.

Step 2: Extract the interval parameters.
Lower boundary a = 0; upper boundary b = 5; start x = 2.

Step 3: Select the formula.
For the symmetric walk, E_x[tau] = (x-a)(b-x).

Step 4: Compute each factor.
x-a = 2 - (0) = 2.
b-x = 5 - (2) = 3.

Step 5: Multiply.
E_x[tau] = 2 * 3 = 6.

Final answer:
<answer>
{""expected_time"": ""6""}
</answer>",{'expected_time': '6'},True
algorithmic_scaffold_v3_5_lora12,hitting_time_expectation_train_5210004,hitting_time_expectation,symmetric_shifted_boundaries,2,non_binary,False,"Let (X_n) be a simple symmetric random walk with X_0 = -1. Let tau be the first time the walk hits either -5 or 1. Compute E[tau]. Answer with JSON of the form {""expected_time"": ""...""} inside the answer tags.",{'expected_time': '8'},"Step 1: Identify the walk type.
The walk is simple symmetric, so p = q = 1/2. Use the symmetric finite-interval formula.

Step 2: Extract the interval parameters.
Lower boundary a = -5; upper boundary b = 1; start x = -1.

Step 3: Select the formula.
For the symmetric walk, E_x[tau] = (x-a)(b-x).

Step 4: Compute each factor.
x-a = -1 - (-5) = 4.
b-x = 1 - (-1) = 2.

Step 5: Multiply.
E_x[tau] = 4 * 2 = 8.

Final answer:
<answer>
{""expected_time"": ""8""}
</answer>",{'expected_time': '8'},True
algorithmic_scaffold_v3_5_lora12,martingale_verification_train_5600004,martingale_verification,centered_walk_basic,1,binary,False,"Let S_0 = 0 and S_n = Y_1 + ... + Y_n, where the Y_k are independent and P(Y_k = 1) = P(Y_k = -1) = 1/2. With respect to the natural filtration, is (S_n) a martingale? Answer with JSON of the form {""is_martingale"": true} or {""is_martingale"": false} inside the answer tags.",{'is_martingale': True},"Step 1: Identify the martingale test.
Check whether E[S_(n+1) | F_n] = S_n.

Step 2: Compute the conditional increment mean.
The next increment is +1 or -1 with equal probability, so its mean is 0.

Step 3: Conclude.
E[S_(n+1) | F_n] = S_n + 0 = S_n, so is_martingale = true.

Final answer:
<answer>
{""is_martingale"": true}
</answer>",{'is_martingale': True},True
algorithmic_scaffold_v3_5_lora12,martingale_verification_train_5620015,martingale_verification,exponential_compensation,3,binary,False,"Let X_n = Y_1 + ... + Y_n, where the Y_k are independent with P(Y_k = 1) = 2/5 and P(Y_k = -1) = 3/5. For fixed lambda, consider M_n = exp(lambda X_n) / (p exp(lambda) + q exp(-lambda))^n. With respect to the natural filtration, is (M_n) a martingale? Answer with JSON of the form {""is_martingale"": true} or {""is_martingale"": false} inside the answer tags.",{'is_martingale': True},"Step 1: Use only the denominator-factor comparison.
Do not expand the whole conditional expectation.

Step 2: Required factor.
required = E[exp(lambdaY_1)] = 2/5 exp(lambda) + 3/5 exp(-lambda).

Step 3: Proposed factor.
proposed = p exp(lambda) + q exp(-lambda).

Step 4: Compare and conclude.
The proposed factor and required factor are same, so is_martingale = true.

Final answer:
<answer>
{""is_martingale"": true}
</answer>",{'is_martingale': True},True
algorithmic_scaffold_v3_5_lora12,martingale_verification_train_5610010,martingale_verification,quadratic_compensation,3,binary,False,"Let X_n = Y_1 + ... + Y_n for independent increments with the increments have mean 0 and standard deviation 4. Consider M_n = X_n^2 - 16 n. With respect to the natural filtration, is (M_n) a martingale? Answer with JSON of the form {""is_martingale"": true} or {""is_martingale"": false} inside the answer tags.",{'is_martingale': True},"Step 1: Use only the compensation comparison.
For a centered independent-increment walk, X_n^2 - c n is a martingale exactly when c = Var(Y_1).

Step 2: Read the two numbers.
Required c = Var(Y_1) = 16.
Proposed c = 16.

Step 3: Compare.
Proposed c is equal to the required c.

Step 4: Conclude with the required JSON schema.
is_martingale = true.

Final answer:
<answer>
{""is_martingale"": true}
</answer>",{'is_martingale': True},True
algorithmic_scaffold_v3_5_lora12,optional_stopping_validity_train_5800004,optional_stopping_validity,bounded_time_valid,1,binary,False,"Let (X_n) be a simple symmetric random walk with X_0 = 0 and natural filtration F_n. Let T = inf{k >= 0 : X_k = 2} and tau = min(T, 20). A solution claims that optional stopping gives E[X_tau] = E[X_0]. Is this use of optional stopping justified? Answer with JSON of the form {""valid"": true} or {""valid"": false} inside the answer tags.",{'valid': True},"Step 1: Check the optional-stopping condition.
tau has a deterministic cap, so tau is bounded.

Step 2: Decide validity.
The proposed use of E[M_tau] = E[M_0] has valid = true.

Step 3: Return exactly the required JSON schema.
Final answer:
<answer>
{""valid"": true}
</answer>",{'valid': True},True
algorithmic_scaffold_v3_5_lora12,optional_stopping_validity_train_5820006,optional_stopping_validity,finite_state_hitting_valid,3,binary,False,"Let (X_n) be a simple symmetric random walk on {0, ..., 8}, absorbed when it hits 0 or 8, with X_0 = 1. Let tau be the absorption time. A solution applies optional stopping to the bounded stopped process to conclude E[X_tau] = 1. Is this use justified? Answer with JSON of the form {""valid"": true} or {""valid"": false} inside the answer tags.",{'valid': True},"Step 1: Check the optional-stopping condition.
the stopped process is finite-state and therefore bounded.

Step 2: Decide validity.
The proposed use of E[M_tau] = E[M_0] has valid = true.

Step 3: Return exactly the required JSON schema.
Final answer:
<answer>
{""valid"": true}
</answer>",{'valid': True},True
algorithmic_scaffold_v3_5_lora12,optional_stopping_validity_train_5810004,optional_stopping_validity,unbounded_first_hit_invalid,2,binary,False,"Let (S_n) be a simple symmetric random walk with S_0 = 0. Let tau = inf{n >= 0 : S_n = 4}. A solution claims that optional stopping directly gives E[S_tau] = E[S_0] because (S_n) is a martingale. Is this use justified as stated? Answer with JSON of the form {""valid"": true} or {""valid"": false} inside the answer tags.",{'valid': False},"Step 1: Check the optional-stopping condition.
tau is uncapped and no boundedness or integrability hypothesis is supplied.

Step 2: Decide validity.
The proposed use of E[M_tau] = E[M_0] has valid = false.

Step 3: Return exactly the required JSON schema.
Final answer:
<answer>
{""valid"": false}
</answer>",{'valid': False},True
algorithmic_scaffold_v3_5_lora12,stopped_process_expectation_train_5400004,stopped_process_expectation,bounded_walk_expectation,1,non_binary,False,"Let (X_n) be a simple symmetric random walk with X_0 = -3. Let T = inf{k >= 0 : X_k = 0} and tau = min(T, 3). Compute E[X_tau]. Answer with JSON of the form {""value"": ""...""} inside the answer tags.",{'value': '-3'},"Step 1: Identify the stopped process.
The process is the simple symmetric random walk (X_n), and tau = min(T, 3).
Because tau has a deterministic cap, tau is bounded.

Step 2: Extract the starting value.
X_0 = -3. The target level 0 does not change the optional-stopping value.

Step 3: Apply optional stopping directly.
E[X_tau] = E[X_0] = -3.

Final answer:
<answer>
{""value"": ""-3""}
</answer>",{'value': '-3'},True
algorithmic_scaffold_v3_5_lora12,stopped_process_expectation_train_5410004,stopped_process_expectation,quadratic_fixed_horizon,2,non_binary,False,"Let S_n = 0 + Y_1 + ... + Y_n, where P(Y_k = 2) = P(Y_k = -2) = 1/2 and the increments are independent. Compute E[S_10^2]. Answer with JSON of the form {""value"": ""...""} inside the answer tags.",{'value': '40'},"Step 1: Identify the fixed-time second-moment task.
We need E[S_10^2] for a centered independent-increment walk.

Step 2: Extract the parameters.
S_0 = 0; n = 10; increments are +2 or -2 with probability 1/2 each.
The variance of one increment is sigma^2 = (2)^2 = 4.

Step 3: Select the formula.
E[S_n^2] = S_0^2 + n sigma^2.

Step 4: Do the arithmetic in small pieces.
S_0^2 = (0)^2 = 0.
n sigma^2 = 10 * 4 = 40.
Total = 0 + 40 = 40.

Final answer:
<answer>
{""value"": ""40""}
</answer>",{'value': '40'},True
algorithmic_scaffold_v3_5_lora12,stopped_process_expectation_train_5420013,stopped_process_expectation,stopped_martingale_value,3,non_binary,False,"Let (S_n) be a simple symmetric random walk with S_0 = 2. Let T = inf{k >= 0 : S_k = 4} and tau = min(T, 4). Compute E[S_tau^2 - tau]. Answer with JSON of the form {""value"": ""...""} inside the answer tags.",{'value': '4'},"Step 1: Identify the stopped quadratic martingale task.
The requested expression is E[S_tau^2 - tau]. Do not compute E[S_tau^2] and E[tau] separately.

Step 2: Extract the bounded stopping time.
S_0 = 2; target level = 4; tau = min(T, 4).
Since tau is capped by 4, optional stopping applies.

Step 3: Use the martingale directly.
For a simple symmetric random walk, M_n = S_n^2 - n is a martingale.
Therefore E[S_tau^2 - tau] = E[M_tau] = E[M_0].

Step 4: Compute M_0.
M_0 = S_0^2 - 0 = (2)^2 = 4.

Final answer:
<answer>
{""value"": ""4""}
</answer>",{'value': '4'},True
algorithmic_scaffold_v3_5_lora12,hitting_time_expectation_train_5220018,hitting_time_expectation,biased_boundaries_zero_a,3,non_binary,False,"Let (X_n) be a nearest-neighbor random walk on the integers with X_0 = 4, P(X_(n+1) = X_n + 1 | F_n) = 2/3, and P(X_(n+1) = X_n - 1 | F_n) = 1/3. Let tau = inf{n >= 0 : X_n in {0, 7}}. Compute E[tau]. Answer with JSON of the form {""expected_time"": ""...""} inside the answer tags.",{'expected_time': '996/127'},"Step 1: Classify the walk and choose the biased pipeline.
p = 2/3, q = 1/3, and p != q, so this is biased. Do not use (x-a)(b-x).

Step 2: Extract the interval.
a = 0, b = 7, x = 4.

Step 3: Use named intermediate quantities to avoid sign mistakes.
For boundaries 0 and b, define r = q/p and
E_x[tau] = (b * ((r^x - 1)/(r^b - 1)) - x)/(p-q).

Step 4: Compute the powers and differences.
r = 1/2.
A = r^x = 1/2^4 = 1/16.
B = r^b = 1/2^7 = 1/128.
C = A - 1 = 1/16 - 1 = -15/16.
D = B - 1 = 1/128 - 1 = -127/128.

Step 5: Compute the boundary term before dividing by drift.
C/D = (-15/16)/(-127/128) = 15/16 * 128/127 = 120/127.
U = b * C/D = 7 * 120/127 = 840/127.
V = U - x = 840/127 - 4 = 840/127 - 508/127 = 332/127.

Step 6: Divide by p-q.
p-q = 2/3 - 1/3 = 1/3.
E_x[tau] = V/(p-q) = (332/127)/(1/3) = 996/127.

Step 7: Return the JSON answer.
Final answer:
<answer>
{""expected_time"": ""996/127""}
</answer>",{'expected_time': '996/127'},True
algorithmic_scaffold_v3_5_lora12,hitting_time_expectation_train_5200005,hitting_time_expectation,symmetric_boundaries_zero_a,1,non_binary,False,"Let (X_n) be a simple symmetric random walk on the integers with X_0 = 6. Let tau = inf{n >= 0 : X_n in {0, 8}}. Compute E[tau]. Answer with JSON of the form {""expected_time"": ""...""} inside the answer tags.",{'expected_time': '12'},"Step 1: Identify the walk type.
The walk is simple symmetric, so p = q = 1/2. Use the symmetric finite-interval formula.

Step 2: Extract the interval parameters.
Lower boundary a = 0; upper boundary b = 8; start x = 6.

Step 3: Select the formula.
For the symmetric walk, E_x[tau] = (x-a)(b-x).

Step 4: Compute each factor.
x-a = 6 - (0) = 6.
b-x = 8 - (6) = 2.

Step 5: Multiply.
E_x[tau] = 6 * 2 = 12.

Final answer:
<answer>
{""expected_time"": ""12""}
</answer>",{'expected_time': '12'},True
algorithmic_scaffold_v3_5_lora12,hitting_time_expectation_train_5210005,hitting_time_expectation,symmetric_shifted_boundaries,2,non_binary,False,"Let (S_n) be a simple symmetric random walk with S_0 = 1. Let tau be the first time the walk hits either -2 or 8. Compute E[tau]. Answer with JSON of the form {""expected_time"": ""...""} inside the answer tags.",{'expected_time': '21'},"Step 1: Identify the walk type.
The walk is simple symmetric, so p = q = 1/2. Use the symmetric finite-interval formula.

Step 2: Extract the interval parameters.
Lower boundary a = -2; upper boundary b = 8; start x = 1.

Step 3: Select the formula.
For the symmetric walk, E_x[tau] = (x-a)(b-x).

Step 4: Compute each factor.
x-a = 1 - (-2) = 3.
b-x = 8 - (1) = 7.

Step 5: Multiply.
E_x[tau] = 3 * 7 = 21.

Final answer:
<answer>
{""expected_time"": ""21""}
</answer>",{'expected_time': '21'},True
algorithmic_scaffold_v3_5_lora12,martingale_verification_train_5600005,martingale_verification,centered_walk_basic,1,binary,False,"Let X_0 = 0 and X_n = Y_1 + ... + Y_n, where the Y_k are independent and P(Y_k = 3) = P(Y_k = -3) = 1/2. With respect to the natural filtration, is (X_n) a martingale? Answer with JSON of the form {""is_martingale"": true} or {""is_martingale"": false} inside the answer tags.",{'is_martingale': True},"Step 1: Identify the martingale test.
Check whether E[X_(n+1) | F_n] = X_n.

Step 2: Compute the conditional increment mean.
The next increment is +3 or -3 with equal probability, so its mean is 0.

Step 3: Conclude.
E[X_(n+1) | F_n] = X_n + 0 = X_n, so is_martingale = true.

Final answer:
<answer>
{""is_martingale"": true}
</answer>",{'is_martingale': True},True
algorithmic_scaffold_v3_5_lora12,martingale_verification_train_5620016,martingale_verification,exponential_compensation,3,binary,False,"Let X_n = Y_1 + ... + Y_n, where the Y_k are independent with P(Y_k = 1) = 2/3 and P(Y_k = -1) = 1/3. For fixed theta, consider M_n = exp(theta X_n) / (exp(theta))^n. With respect to the natural filtration, is (M_n) a martingale? Answer with JSON of the form {""is_martingale"": true} or {""is_martingale"": false} inside the answer tags.",{'is_martingale': False},"Step 1: Use only the denominator-factor comparison.
Do not expand the whole conditional expectation.

Step 2: Required factor.
required = E[exp(thetaY_1)] = 2/3 exp(theta) + 1/3 exp(-theta).

Step 3: Proposed factor.
proposed = exp(theta).

Step 4: Compare and conclude.
The proposed factor and required factor are different, so is_martingale = false.

Final answer:
<answer>
{""is_martingale"": false}
</answer>",{'is_martingale': False},True
algorithmic_scaffold_v3_5_lora12,martingale_verification_train_5610012,martingale_verification,quadratic_compensation,3,binary,False,"Let S_n = Y_1 + ... + Y_n for independent increments with the increments have mean 0 and standard deviation 1. Consider M_n = S_n^2 - 1 n. With respect to the natural filtration, is (M_n) a martingale? Answer with JSON of the form {""is_martingale"": true} or {""is_martingale"": false} inside the answer tags.",{'is_martingale': True},"Step 1: Use only the compensation comparison.
For a centered independent-increment walk, S_n^2 - c n is a martingale exactly when c = Var(Y_1).

Step 2: Read the two numbers.
Required c = Var(Y_1) = 1.
Proposed c = 1.

Step 3: Compare.
Proposed c is equal to the required c.

Step 4: Conclude with the required JSON schema.
is_martingale = true.

Final answer:
<answer>
{""is_martingale"": true}
</answer>",{'is_martingale': True},True
algorithmic_scaffold_v3_5_lora12,optional_stopping_validity_train_5800005,optional_stopping_validity,bounded_time_valid,1,binary,False,"Let (X_n) be a simple symmetric random walk with X_0 = 0 and natural filtration F_n. Let T = inf{k >= 0 : X_k = 2} and tau = min(T, 8). A solution claims that optional stopping gives E[X_tau] = E[X_0]. Is this use of optional stopping justified? Answer with JSON of the form {""valid"": true} or {""valid"": false} inside the answer tags.",{'valid': True},"Step 1: Check the optional-stopping condition.
tau has a deterministic cap, so tau is bounded.

Step 2: Decide validity.
The proposed use of E[M_tau] = E[M_0] has valid = true.

Step 3: Return exactly the required JSON schema.
Final answer:
<answer>
{""valid"": true}
</answer>",{'valid': True},True
algorithmic_scaffold_v3_5_lora12,optional_stopping_validity_train_5820007,optional_stopping_validity,finite_state_hitting_valid,3,binary,False,"Let (X_n) be a simple symmetric random walk on {0, ..., 8}, absorbed when it hits 0 or 8, with X_0 = 5. Let tau be the absorption time. A solution applies optional stopping to the bounded stopped process to conclude E[X_tau] = 5. Is this use justified? Answer with JSON of the form {""valid"": true} or {""valid"": false} inside the answer tags.",{'valid': True},"Step 1: Check the optional-stopping condition.
the stopped process is finite-state and therefore bounded.

Step 2: Decide validity.
The proposed use of E[M_tau] = E[M_0] has valid = true.

Step 3: Return exactly the required JSON schema.
Final answer:
<answer>
{""valid"": true}
</answer>",{'valid': True},True
algorithmic_scaffold_v3_5_lora12,optional_stopping_validity_train_5810005,optional_stopping_validity,unbounded_first_hit_invalid,2,binary,False,"Let (X_n) be a simple symmetric random walk with X_0 = 0. Let tau = inf{n >= 0 : X_n = 4}. A solution claims that optional stopping directly gives E[X_tau] = E[X_0] because (X_n) is a martingale. Is this use justified as stated? Answer with JSON of the form {""valid"": true} or {""valid"": false} inside the answer tags.",{'valid': False},"Step 1: Check the optional-stopping condition.
tau is uncapped and no boundedness or integrability hypothesis is supplied.

Step 2: Decide validity.
The proposed use of E[M_tau] = E[M_0] has valid = false.

Step 3: Return exactly the required JSON schema.
Final answer:
<answer>
{""valid"": false}
</answer>",{'valid': False},True
algorithmic_scaffold_v3_5_lora12,stopped_process_expectation_train_5400005,stopped_process_expectation,bounded_walk_expectation,1,non_binary,False,"Let (S_n) be a simple symmetric random walk with S_0 = 2. Let T = inf{k >= 0 : S_k = 6} and tau = min(T, 5). Compute E[S_tau]. Answer with JSON of the form {""value"": ""...""} inside the answer tags.",{'value': '2'},"Step 1: Identify the stopped process.
The process is the simple symmetric random walk (S_n), and tau = min(T, 5).
Because tau has a deterministic cap, tau is bounded.

Step 2: Extract the starting value.
S_0 = 2. The target level 6 does not change the optional-stopping value.

Step 3: Apply optional stopping directly.
E[S_tau] = E[S_0] = 2.

Final answer:
<answer>
{""value"": ""2""}
</answer>",{'value': '2'},True
algorithmic_scaffold_v3_5_lora12,stopped_process_expectation_train_5410005,stopped_process_expectation,quadratic_fixed_horizon,2,non_binary,False,"Let X_n = -2 + Y_1 + ... + Y_n, where P(Y_k = 3) = P(Y_k = -3) = 1/2 and the increments are independent. Compute E[X_10^2]. Answer with JSON of the form {""value"": ""...""} inside the answer tags.",{'value': '94'},"Step 1: Identify the fixed-time second-moment task.
We need E[X_10^2] for a centered independent-increment walk.

Step 2: Extract the parameters.
X_0 = -2; n = 10; increments are +3 or -3 with probability 1/2 each.
The variance of one increment is sigma^2 = (3)^2 = 9.

Step 3: Select the formula.
E[X_n^2] = X_0^2 + n sigma^2.

Step 4: Do the arithmetic in small pieces.
X_0^2 = (-2)^2 = 4.
n sigma^2 = 10 * 9 = 90.
Total = 4 + 90 = 94.

Final answer:
<answer>
{""value"": ""94""}
</answer>",{'value': '94'},True
algorithmic_scaffold_v3_5_lora12,stopped_process_expectation_train_5420020,stopped_process_expectation,stopped_martingale_value,3,non_binary,False,"Let (S_n) be a simple symmetric random walk with S_0 = 2. Let T = inf{k >= 0 : S_k = 6} and tau = min(T, 6). Compute E[S_tau^2 - tau]. Answer with JSON of the form {""value"": ""...""} inside the answer tags.",{'value': '4'},"Step 1: Identify the stopped quadratic martingale task.
The requested expression is E[S_tau^2 - tau]. Do not compute E[S_tau^2] and E[tau] separately.

Step 2: Extract the bounded stopping time.
S_0 = 2; target level = 6; tau = min(T, 6).
Since tau is capped by 6, optional stopping applies.

Step 3: Use the martingale directly.
For a simple symmetric random walk, M_n = S_n^2 - n is a martingale.
Therefore E[S_tau^2 - tau] = E[M_tau] = E[M_0].

Step 4: Compute M_0.
M_0 = S_0^2 - 0 = (2)^2 = 4.

Final answer:
<answer>
{""value"": ""4""}
</answer>",{'value': '4'},True
algorithmic_scaffold_v3_5_lora12,hitting_time_expectation_train_5220019,hitting_time_expectation,biased_boundaries_zero_a,3,non_binary,False,"Let (X_n) be a nearest-neighbor random walk on the integers with X_0 = 1, P(X_(n+1) = X_n + 1 | F_n) = 1/3, and P(X_(n+1) = X_n - 1 | F_n) = 2/3. Let tau = inf{n >= 0 : X_n in {0, 4}}. Compute E[tau]. Answer with JSON of the form {""expected_time"": ""...""} inside the answer tags.",{'expected_time': '11/5'},"Step 1: Classify the walk and choose the biased pipeline.
p = 1/3, q = 2/3, and p != q, so this is biased. Do not use (x-a)(b-x).

Step 2: Extract the interval.
a = 0, b = 4, x = 1.

Step 3: Use named intermediate quantities to avoid sign mistakes.
For boundaries 0 and b, define r = q/p and
E_x[tau] = (b * ((r^x - 1)/(r^b - 1)) - x)/(p-q).

Step 4: Compute the powers and differences.
r = 2.
A = r^x = 2^1 = 2.
B = r^b = 2^4 = 16.
C = A - 1 = 2 - 1 = 1.
D = B - 1 = 16 - 1 = 15.

Step 5: Compute the boundary term before dividing by drift.
C/D = (1)/(15) = 1/15.
U = b * C/D = 4 * 1/15 = 4/15.
V = U - x = 4/15 - 1 = -11/15.

Step 6: Divide by p-q.
p-q = 1/3 - 2/3 = -1/3.
E_x[tau] = V/(p-q) = (-11/15)/(-1/3) = 11/5.

Step 7: Return the JSON answer.
Final answer:
<answer>
{""expected_time"": ""11/5""}
</answer>",{'expected_time': '11/5'},True
algorithmic_scaffold_v3_5_lora12,hitting_time_expectation_train_5200006,hitting_time_expectation,symmetric_boundaries_zero_a,1,non_binary,False,"Let (S_n) be a simple symmetric random walk on the integers with S_0 = 1. Let tau = inf{n >= 0 : S_n in {0, 5}}. Compute E[tau]. Answer with JSON of the form {""expected_time"": ""...""} inside the answer tags.",{'expected_time': '4'},"Step 1: Identify the walk type.
The walk is simple symmetric, so p = q = 1/2. Use the symmetric finite-interval formula.

Step 2: Extract the interval parameters.
Lower boundary a = 0; upper boundary b = 5; start x = 1.

Step 3: Select the formula.
For the symmetric walk, E_x[tau] = (x-a)(b-x).

Step 4: Compute each factor.
x-a = 1 - (0) = 1.
b-x = 5 - (1) = 4.

Step 5: Multiply.
E_x[tau] = 1 * 4 = 4.

Final answer:
<answer>
{""expected_time"": ""4""}
</answer>",{'expected_time': '4'},True
algorithmic_scaffold_v3_5_lora12,hitting_time_expectation_train_5210006,hitting_time_expectation,symmetric_shifted_boundaries,2,non_binary,False,"Let (X_n) be a simple symmetric random walk with X_0 = -3. Let tau be the first time the walk hits either -5 or 0. Compute E[tau]. Answer with JSON of the form {""expected_time"": ""...""} inside the answer tags.",{'expected_time': '6'},"Step 1: Identify the walk type.
The walk is simple symmetric, so p = q = 1/2. Use the symmetric finite-interval formula.

Step 2: Extract the interval parameters.
Lower boundary a = -5; upper boundary b = 0; start x = -3.

Step 3: Select the formula.
For the symmetric walk, E_x[tau] = (x-a)(b-x).

Step 4: Compute each factor.
x-a = -3 - (-5) = 2.
b-x = 0 - (-3) = 3.

Step 5: Multiply.
E_x[tau] = 2 * 3 = 6.

Final answer:
<answer>
{""expected_time"": ""6""}
</answer>",{'expected_time': '6'},True
algorithmic_scaffold_v3_5_lora12,martingale_verification_train_5600006,martingale_verification,centered_walk_basic,1,binary,False,"Let S_0 = 0 and S_n = Y_1 + ... + Y_n, where the Y_k are independent and P(Y_k = 3) = P(Y_k = -3) = 1/2. With respect to the natural filtration, is (S_n) a martingale? Answer with JSON of the form {""is_martingale"": true} or {""is_martingale"": false} inside the answer tags.",{'is_martingale': True},"Step 1: Identify the martingale test.
Check whether E[S_(n+1) | F_n] = S_n.

Step 2: Compute the conditional increment mean.
The next increment is +3 or -3 with equal probability, so its mean is 0.

Step 3: Conclude.
E[S_(n+1) | F_n] = S_n + 0 = S_n, so is_martingale = true.

Final answer:
<answer>
{""is_martingale"": true}
</answer>",{'is_martingale': True},True
algorithmic_scaffold_v3_5_lora12,martingale_verification_train_5620017,martingale_verification,exponential_compensation,3,binary,False,"Let S_n = Y_1 + ... + Y_n, where the Y_k are independent with P(Y_k = 1) = 2/5 and P(Y_k = -1) = 3/5. For fixed lambda, consider M_n = exp(lambda S_n) / (p exp(lambda) + q exp(-lambda))^n. With respect to the natural filtration, is (M_n) a martingale? Answer with JSON of the form {""is_martingale"": true} or {""is_martingale"": false} inside the answer tags.",{'is_martingale': True},"Step 1: Use only the denominator-factor comparison.
Do not expand the whole conditional expectation.

Step 2: Required factor.
required = E[exp(lambdaY_1)] = 2/5 exp(lambda) + 3/5 exp(-lambda).

Step 3: Proposed factor.
proposed = p exp(lambda) + q exp(-lambda).

Step 4: Compare and conclude.
The proposed factor and required factor are same, so is_martingale = true.

Final answer:
<answer>
{""is_martingale"": true}
</answer>",{'is_martingale': True},True
algorithmic_scaffold_v3_5_lora12,martingale_verification_train_5610015,martingale_verification,quadratic_compensation,3,binary,False,"Let S_n = Y_1 + ... + Y_n for independent increments with the increments have mean 0 and standard deviation 1. Consider M_n = S_n^2 - 1 n. With respect to the natural filtration, is (M_n) a martingale? Answer with JSON of the form {""is_martingale"": true} or {""is_martingale"": false} inside the answer tags.",{'is_martingale': True},"Step 1: Use only the compensation comparison.
For a centered independent-increment walk, S_n^2 - c n is a martingale exactly when c = Var(Y_1).

Step 2: Read the two numbers.
Required c = Var(Y_1) = 1.
Proposed c = 1.

Step 3: Compare.
Proposed c is equal to the required c.

Step 4: Conclude with the required JSON schema.
is_martingale = true.

Final answer:
<answer>
{""is_martingale"": true}
</answer>",{'is_martingale': True},True
algorithmic_scaffold_v3_5_lora12,optional_stopping_validity_train_5800006,optional_stopping_validity,bounded_time_valid,1,binary,False,"Let (S_n) be a simple symmetric random walk with S_0 = 0 and natural filtration F_n. Let T = inf{k >= 0 : S_k = 3} and tau = min(T, 5). A solution claims that optional stopping gives E[S_tau] = E[S_0]. Is this use of optional stopping justified? Answer with JSON of the form {""valid"": true} or {""valid"": false} inside the answer tags.",{'valid': True},"Step 1: Check the optional-stopping condition.
tau has a deterministic cap, so tau is bounded.

Step 2: Decide validity.
The proposed use of E[M_tau] = E[M_0] has valid = true.

Step 3: Return exactly the required JSON schema.
Final answer:
<answer>
{""valid"": true}
</answer>",{'valid': True},True
algorithmic_scaffold_v3_5_lora12,optional_stopping_validity_train_5820011,optional_stopping_validity,finite_state_hitting_valid,3,binary,False,"Let (S_n) be a simple symmetric random walk on {0, ..., 6}, absorbed when it hits 0 or 6, with S_0 = 3. Let tau be the absorption time. A solution applies optional stopping to the bounded stopped process to conclude E[S_tau] = 3. Is this use justified? Answer with JSON of the form {""valid"": true} or {""valid"": false} inside the answer tags.",{'valid': True},"Step 1: Check the optional-stopping condition.
the stopped process is finite-state and therefore bounded.

Step 2: Decide validity.
The proposed use of E[M_tau] = E[M_0] has valid = true.

Step 3: Return exactly the required JSON schema.
Final answer:
<answer>
{""valid"": true}
</answer>",{'valid': True},True
algorithmic_scaffold_v3_5_lora12,optional_stopping_validity_train_5810006,optional_stopping_validity,unbounded_first_hit_invalid,2,binary,False,"Let (X_n) be a simple symmetric random walk with X_0 = 0. Let tau = inf{n >= 0 : X_n = 1}. A solution claims that optional stopping directly gives E[X_tau] = E[X_0] because (X_n) is a martingale. Is this use justified as stated? Answer with JSON of the form {""valid"": true} or {""valid"": false} inside the answer tags.",{'valid': False},"Step 1: Check the optional-stopping condition.
tau is uncapped and no boundedness or integrability hypothesis is supplied.

Step 2: Decide validity.
The proposed use of E[M_tau] = E[M_0] has valid = false.

Step 3: Return exactly the required JSON schema.
Final answer:
<answer>
{""valid"": false}
</answer>",{'valid': False},True
algorithmic_scaffold_v3_5_lora12,stopped_process_expectation_train_5400006,stopped_process_expectation,bounded_walk_expectation,1,non_binary,False,"Let (S_n) be a simple symmetric random walk with S_0 = 2. Let T = inf{k >= 0 : S_k = 6} and tau = min(T, 8). Compute E[S_tau]. Answer with JSON of the form {""value"": ""...""} inside the answer tags.",{'value': '2'},"Step 1: Identify the stopped process.
The process is the simple symmetric random walk (S_n), and tau = min(T, 8).
Because tau has a deterministic cap, tau is bounded.

Step 2: Extract the starting value.
S_0 = 2. The target level 6 does not change the optional-stopping value.

Step 3: Apply optional stopping directly.
E[S_tau] = E[S_0] = 2.

Final answer:
<answer>
{""value"": ""2""}
</answer>",{'value': '2'},True
algorithmic_scaffold_v3_5_lora12,stopped_process_expectation_train_5410006,stopped_process_expectation,quadratic_fixed_horizon,2,non_binary,False,"Let S_n = 2 + Y_1 + ... + Y_n, where P(Y_k = 3) = P(Y_k = -3) = 1/2 and the increments are independent. Compute E[S_10^2]. Answer with JSON of the form {""value"": ""...""} inside the answer tags.",{'value': '94'},"Step 1: Identify the fixed-time second-moment task.
We need E[S_10^2] for a centered independent-increment walk.

Step 2: Extract the parameters.
S_0 = 2; n = 10; increments are +3 or -3 with probability 1/2 each.
The variance of one increment is sigma^2 = (3)^2 = 9.

Step 3: Select the formula.
E[S_n^2] = S_0^2 + n sigma^2.

Step 4: Do the arithmetic in small pieces.
S_0^2 = (2)^2 = 4.
n sigma^2 = 10 * 9 = 90.
Total = 4 + 90 = 94.

Final answer:
<answer>
{""value"": ""94""}
</answer>",{'value': '94'},True
algorithmic_scaffold_v3_5_lora12,stopped_process_expectation_train_5420023,stopped_process_expectation,stopped_martingale_value,3,non_binary,False,"Let (S_n) be a simple symmetric random walk with S_0 = 0. Let T = inf{k >= 0 : S_k = 3} and tau = min(T, 8). Compute E[S_tau^2 - tau]. Answer with JSON of the form {""value"": ""...""} inside the answer tags.",{'value': '0'},"Step 1: Identify the stopped quadratic martingale task.
The requested expression is E[S_tau^2 - tau]. Do not compute E[S_tau^2] and E[tau] separately.

Step 2: Extract the bounded stopping time.
S_0 = 0; target level = 3; tau = min(T, 8).
Since tau is capped by 8, optional stopping applies.

Step 3: Use the martingale directly.
For a simple symmetric random walk, M_n = S_n^2 - n is a martingale.
Therefore E[S_tau^2 - tau] = E[M_tau] = E[M_0].

Step 4: Compute M_0.
M_0 = S_0^2 - 0 = (0)^2 = 0.

Final answer:
<answer>
{""value"": ""0""}
</answer>",{'value': '0'},True
algorithmic_scaffold_v3_5_lora12,hitting_time_expectation_train_5220020,hitting_time_expectation,biased_boundaries_zero_a,3,non_binary,False,"Let (S_n) be a nearest-neighbor random walk on the integers with S_0 = 1, P(S_(n+1) = S_n + 1 | F_n) = 2/5, and P(S_(n+1) = S_n - 1 | F_n) = 3/5. Let tau = inf{n >= 0 : S_n in {0, 6}}. Compute E[tau]. Answer with JSON of the form {""expected_time"": ""...""} inside the answer tags.",{'expected_time': '473/133'},"Step 1: Classify the walk and choose the biased pipeline.
p = 2/5, q = 3/5, and p != q, so this is biased. Do not use (x-a)(b-x).

Step 2: Extract the interval.
a = 0, b = 6, x = 1.

Step 3: Use named intermediate quantities to avoid sign mistakes.
For boundaries 0 and b, define r = q/p and
E_x[tau] = (b * ((r^x - 1)/(r^b - 1)) - x)/(p-q).

Step 4: Compute the powers and differences.
r = 3/2.
A = r^x = 3/2^1 = 3/2.
B = r^b = 3/2^6 = 729/64.
C = A - 1 = 3/2 - 1 = 1/2.
D = B - 1 = 729/64 - 1 = 665/64.

Step 5: Compute the boundary term before dividing by drift.
C/D = (1/2)/(665/64) = 32/665.
U = b * C/D = 6 * 32/665 = 192/665.
V = U - x = 192/665 - 1 = -473/665.

Step 6: Divide by p-q.
p-q = 2/5 - 3/5 = -1/5.
E_x[tau] = V/(p-q) = (-473/665)/(-1/5) = 2365/665 = 473/133.

Step 7: Return the JSON answer.
Final answer:
<answer>
{""expected_time"": ""473/133""}
</answer>",{'expected_time': '473/133'},True
algorithmic_scaffold_v3_5_lora12,hitting_time_expectation_train_5200007,hitting_time_expectation,symmetric_boundaries_zero_a,1,non_binary,False,"Let (S_n) be a simple symmetric random walk on the integers with S_0 = 2. Let tau = inf{n >= 0 : S_n in {0, 4}}. Compute E[tau]. Answer with JSON of the form {""expected_time"": ""...""} inside the answer tags.",{'expected_time': '4'},"Step 1: Identify the walk type.
The walk is simple symmetric, so p = q = 1/2. Use the symmetric finite-interval formula.

Step 2: Extract the interval parameters.
Lower boundary a = 0; upper boundary b = 4; start x = 2.

Step 3: Select the formula.
For the symmetric walk, E_x[tau] = (x-a)(b-x).

Step 4: Compute each factor.
x-a = 2 - (0) = 2.
b-x = 4 - (2) = 2.

Step 5: Multiply.
E_x[tau] = 2 * 2 = 4.

Final answer:
<answer>
{""expected_time"": ""4""}
</answer>",{'expected_time': '4'},True
algorithmic_scaffold_v3_5_lora12,hitting_time_expectation_train_5210007,hitting_time_expectation,symmetric_shifted_boundaries,2,non_binary,False,"Let (S_n) be a simple symmetric random walk with S_0 = 1. Let tau be the first time the walk hits either -2 or 3. Compute E[tau]. Answer with JSON of the form {""expected_time"": ""...""} inside the answer tags.",{'expected_time': '6'},"Step 1: Identify the walk type.
The walk is simple symmetric, so p = q = 1/2. Use the symmetric finite-interval formula.

Step 2: Extract the interval parameters.
Lower boundary a = -2; upper boundary b = 3; start x = 1.

Step 3: Select the formula.
For the symmetric walk, E_x[tau] = (x-a)(b-x).

Step 4: Compute each factor.
x-a = 1 - (-2) = 3.
b-x = 3 - (1) = 2.

Step 5: Multiply.
E_x[tau] = 3 * 2 = 6.

Final answer:
<answer>
{""expected_time"": ""6""}
</answer>",{'expected_time': '6'},True
algorithmic_scaffold_v3_5_lora12,martingale_verification_train_5600007,martingale_verification,centered_walk_basic,1,binary,False,"Let S_0 = 0 and S_n = Y_1 + ... + Y_n, where the Y_k are independent and P(Y_k = 3) = P(Y_k = -3) = 1/2. With respect to the natural filtration, is (S_n) a martingale? Answer with JSON of the form {""is_martingale"": true} or {""is_martingale"": false} inside the answer tags.",{'is_martingale': True},"Step 1: Identify the martingale test.
Check whether E[S_(n+1) | F_n] = S_n.

Step 2: Compute the conditional increment mean.
The next increment is +3 or -3 with equal probability, so its mean is 0.

Step 3: Conclude.
E[S_(n+1) | F_n] = S_n + 0 = S_n, so is_martingale = true.

Final answer:
<answer>
{""is_martingale"": true}
</answer>",{'is_martingale': True},True
algorithmic_scaffold_v3_5_lora12,martingale_verification_train_5620019,martingale_verification,exponential_compensation,3,binary,False,"Let X_n = Y_1 + ... + Y_n, where the Y_k are independent with P(Y_k = 1) = 3/5 and P(Y_k = -1) = 2/5. For fixed lambda, consider M_n = exp(lambda X_n) / (p exp(lambda) + q exp(-lambda))^n. With respect to the natural filtration, is (M_n) a martingale? Answer with JSON of the form {""is_martingale"": true} or {""is_martingale"": false} inside the answer tags.",{'is_martingale': True},"Step 1: Use only the denominator-factor comparison.
Do not expand the whole conditional expectation.

Step 2: Required factor.
required = E[exp(lambdaY_1)] = 3/5 exp(lambda) + 2/5 exp(-lambda).

Step 3: Proposed factor.
proposed = p exp(lambda) + q exp(-lambda).

Step 4: Compare and conclude.
The proposed factor and required factor are same, so is_martingale = true.

Final answer:
<answer>
{""is_martingale"": true}
</answer>",{'is_martingale': True},True
algorithmic_scaffold_v3_5_lora12,martingale_verification_train_5610017,martingale_verification,quadratic_compensation,3,binary,False,"Let X_n = Y_1 + ... + Y_n for independent increments with the increments have mean 0 and variance 9. Consider M_n = X_n^2 - 9 n. With respect to the natural filtration, is (M_n) a martingale? Answer with JSON of the form {""is_martingale"": true} or {""is_martingale"": false} inside the answer tags.",{'is_martingale': True},"Step 1: Use only the compensation comparison.
For a centered independent-increment walk, X_n^2 - c n is a martingale exactly when c = Var(Y_1).

Step 2: Read the two numbers.
Required c = Var(Y_1) = 9.
Proposed c = 9.

Step 3: Compare.
Proposed c is equal to the required c.

Step 4: Conclude with the required JSON schema.
is_martingale = true.

Final answer:
<answer>
{""is_martingale"": true}
</answer>",{'is_martingale': True},True
algorithmic_scaffold_v3_5_lora12,optional_stopping_validity_train_5800007,optional_stopping_validity,bounded_time_valid,1,binary,False,"Let (X_n) be a simple symmetric random walk with X_0 = 0 and natural filtration F_n. Let T = inf{k >= 0 : X_k = 1} and tau = min(T, 10). A solution claims that optional stopping gives E[X_tau] = E[X_0]. Is this use of optional stopping justified? Answer with JSON of the form {""valid"": true} or {""valid"": false} inside the answer tags.",{'valid': True},"Step 1: Check the optional-stopping condition.
tau has a deterministic cap, so tau is bounded.

Step 2: Decide validity.
The proposed use of E[M_tau] = E[M_0] has valid = true.

Step 3: Return exactly the required JSON schema.
Final answer:
<answer>
{""valid"": true}
</answer>",{'valid': True},True
algorithmic_scaffold_v3_5_lora12,optional_stopping_validity_train_5820012,optional_stopping_validity,finite_state_hitting_valid,3,binary,False,"Let (X_n) be a simple symmetric random walk on {0, ..., 6}, absorbed when it hits 0 or 6, with X_0 = 2. Let tau be the absorption time. A solution applies optional stopping to the bounded stopped process to conclude E[X_tau] = 2. Is this use justified? Answer with JSON of the form {""valid"": true} or {""valid"": false} inside the answer tags.",{'valid': True},"Step 1: Check the optional-stopping condition.
the stopped process is finite-state and therefore bounded.

Step 2: Decide validity.
The proposed use of E[M_tau] = E[M_0] has valid = true.

Step 3: Return exactly the required JSON schema.
Final answer:
<answer>
{""valid"": true}
</answer>",{'valid': True},True
algorithmic_scaffold_v3_5_lora12,optional_stopping_validity_train_5810007,optional_stopping_validity,unbounded_first_hit_invalid,2,binary,False,"Let (X_n) be a simple symmetric random walk with X_0 = 0. Let tau = inf{n >= 0 : X_n = 3}. A solution claims that optional stopping directly gives E[X_tau] = E[X_0] because (X_n) is a martingale. Is this use justified as stated? Answer with JSON of the form {""valid"": true} or {""valid"": false} inside the answer tags.",{'valid': False},"Step 1: Check the optional-stopping condition.
tau is uncapped and no boundedness or integrability hypothesis is supplied.

Step 2: Decide validity.
The proposed use of E[M_tau] = E[M_0] has valid = false.

Step 3: Return exactly the required JSON schema.
Final answer:
<answer>
{""valid"": false}
</answer>",{'valid': False},True
algorithmic_scaffold_v3_5_lora12,stopped_process_expectation_train_5400007,stopped_process_expectation,bounded_walk_expectation,1,non_binary,False,"Let (X_n) be a simple symmetric random walk with X_0 = 2. Let T = inf{k >= 0 : X_k = 6} and tau = min(T, 20). Compute E[X_tau]. Answer with JSON of the form {""value"": ""...""} inside the answer tags.",{'value': '2'},"Step 1: Identify the stopped process.
The process is the simple symmetric random walk (X_n), and tau = min(T, 20).
Because tau has a deterministic cap, tau is bounded.

Step 2: Extract the starting value.
X_0 = 2. The target level 6 does not change the optional-stopping value.

Step 3: Apply optional stopping directly.
E[X_tau] = E[X_0] = 2.

Final answer:
<answer>
{""value"": ""2""}
</answer>",{'value': '2'},True
algorithmic_scaffold_v3_5_lora12,stopped_process_expectation_train_5410007,stopped_process_expectation,quadratic_fixed_horizon,2,non_binary,False,"Let S_n = 1 + Y_1 + ... + Y_n, where P(Y_k = 2) = P(Y_k = -2) = 1/2 and the increments are independent. Compute E[S_3^2]. Answer with JSON of the form {""value"": ""...""} inside the answer tags.",{'value': '13'},"Step 1: Identify the fixed-time second-moment task.
We need E[S_3^2] for a centered independent-increment walk.

Step 2: Extract the parameters.
S_0 = 1; n = 3; increments are +2 or -2 with probability 1/2 each.
The variance of one increment is sigma^2 = (2)^2 = 4.

Step 3: Select the formula.
E[S_n^2] = S_0^2 + n sigma^2.

Step 4: Do the arithmetic in small pieces.
S_0^2 = (1)^2 = 1.
n sigma^2 = 3 * 4 = 12.
Total = 1 + 12 = 13.

Final answer:
<answer>
{""value"": ""13""}
</answer>",{'value': '13'},True
algorithmic_scaffold_v3_5_lora12,stopped_process_expectation_train_5420026,stopped_process_expectation,stopped_martingale_value,3,non_binary,False,"Let (X_n) be a simple symmetric random walk with X_0 = -1. Let T = inf{k >= 0 : X_k = 2} and tau = min(T, 4). Compute E[X_tau^2 - tau]. Answer with JSON of the form {""value"": ""...""} inside the answer tags.",{'value': '1'},"Step 1: Identify the stopped quadratic martingale task.
The requested expression is E[X_tau^2 - tau]. Do not compute E[X_tau^2] and E[tau] separately.

Step 2: Extract the bounded stopping time.
X_0 = -1; target level = 2; tau = min(T, 4).
Since tau is capped by 4, optional stopping applies.

Step 3: Use the martingale directly.
For a simple symmetric random walk, M_n = X_n^2 - n is a martingale.
Therefore E[X_tau^2 - tau] = E[M_tau] = E[M_0].

Step 4: Compute M_0.
M_0 = X_0^2 - 0 = (-1)^2 = 1.

Final answer:
<answer>
{""value"": ""1""}
</answer>",{'value': '1'},True
algorithmic_scaffold_v3_5_lora12,hitting_time_expectation_train_5220021,hitting_time_expectation,biased_boundaries_zero_a,3,non_binary,False,"Let (S_n) be a nearest-neighbor random walk on the integers with S_0 = 1, P(S_(n+1) = S_n + 1 | F_n) = 3/5, and P(S_(n+1) = S_n - 1 | F_n) = 2/5. Let tau = inf{n >= 0 : S_n in {0, 5}}. Compute E[tau]. Answer with JSON of the form {""expected_time"": ""...""} inside the answer tags.",{'expected_time': '970/211'},"Step 1: Classify the walk and choose the biased pipeline.
p = 3/5, q = 2/5, and p != q, so this is biased. Do not use (x-a)(b-x).

Step 2: Extract the interval.
a = 0, b = 5, x = 1.

Step 3: Use named intermediate quantities to avoid sign mistakes.
For boundaries 0 and b, define r = q/p and
E_x[tau] = (b * ((r^x - 1)/(r^b - 1)) - x)/(p-q).

Step 4: Compute the powers and differences.
r = 2/3.
A = r^x = 2/3^1 = 2/3.
B = r^b = 2/3^5 = 32/243.
C = A - 1 = 2/3 - 1 = -1/3.
D = B - 1 = 32/243 - 1 = -211/243.

Step 5: Compute the boundary term before dividing by drift.
C/D = (-1/3)/(-211/243) = 81/211.
U = b * C/D = 5 * 81/211 = 405/211.
V = U - x = 405/211 - 1 = 194/211.

Step 6: Divide by p-q.
p-q = 3/5 - 2/5 = 1/5.
E_x[tau] = V/(p-q) = (194/211)/(1/5) = 970/211.

Step 7: Return the JSON answer.
Final answer:
<answer>
{""expected_time"": ""970/211""}
</answer>",{'expected_time': '970/211'},True
algorithmic_scaffold_v3_5_lora12,hitting_time_expectation_train_5200008,hitting_time_expectation,symmetric_boundaries_zero_a,1,non_binary,False,"Let (S_n) be a simple symmetric random walk on the integers with S_0 = 9. Let tau = inf{n >= 0 : S_n in {0, 10}}. Compute E[tau]. Answer with JSON of the form {""expected_time"": ""...""} inside the answer tags.",{'expected_time': '9'},"Step 1: Identify the walk type.
The walk is simple symmetric, so p = q = 1/2. Use the symmetric finite-interval formula.

Step 2: Extract the interval parameters.
Lower boundary a = 0; upper boundary b = 10; start x = 9.

Step 3: Select the formula.
For the symmetric walk, E_x[tau] = (x-a)(b-x).

Step 4: Compute each factor.
x-a = 9 - (0) = 9.
b-x = 10 - (9) = 1.

Step 5: Multiply.
E_x[tau] = 9 * 1 = 9.

Final answer:
<answer>
{""expected_time"": ""9""}
</answer>",{'expected_time': '9'},True
algorithmic_scaffold_v3_5_lora12,hitting_time_expectation_train_5210008,hitting_time_expectation,symmetric_shifted_boundaries,2,non_binary,False,"Let (S_n) be a simple symmetric random walk with S_0 = -3. Let tau be the first time the walk hits either -5 or -1. Compute E[tau]. Answer with JSON of the form {""expected_time"": ""...""} inside the answer tags.",{'expected_time': '4'},"Step 1: Identify the walk type.
The walk is simple symmetric, so p = q = 1/2. Use the symmetric finite-interval formula.

Step 2: Extract the interval parameters.
Lower boundary a = -5; upper boundary b = -1; start x = -3.

Step 3: Select the formula.
For the symmetric walk, E_x[tau] = (x-a)(b-x).

Step 4: Compute each factor.
x-a = -3 - (-5) = 2.
b-x = -1 - (-3) = 2.

Step 5: Multiply.
E_x[tau] = 2 * 2 = 4.

Final answer:
<answer>
{""expected_time"": ""4""}
</answer>",{'expected_time': '4'},True
algorithmic_scaffold_v3_5_lora12,martingale_verification_train_5600008,martingale_verification,centered_walk_basic,1,binary,False,"Let S_0 = 0 and S_n = Y_1 + ... + Y_n, where the Y_k are independent and P(Y_k = 1) = P(Y_k = -1) = 1/2. With respect to the natural filtration, is (S_n) a martingale? Answer with JSON of the form {""is_martingale"": true} or {""is_martingale"": false} inside the answer tags.",{'is_martingale': True},"Step 1: Identify the martingale test.
Check whether E[S_(n+1) | F_n] = S_n.

Step 2: Compute the conditional increment mean.
The next increment is +1 or -1 with equal probability, so its mean is 0.

Step 3: Conclude.
E[S_(n+1) | F_n] = S_n + 0 = S_n, so is_martingale = true.

Final answer:
<answer>
{""is_martingale"": true}
</answer>",{'is_martingale': True},True
algorithmic_scaffold_v3_5_lora12,martingale_verification_train_5620020,martingale_verification,exponential_compensation,3,binary,False,"Let X_n = Y_1 + ... + Y_n, where the Y_k are independent with P(Y_k = 1) = 1/3 and P(Y_k = -1) = 2/3. For fixed theta, consider M_n = exp(theta X_n) / (p exp(theta) + q exp(-theta))^n. With respect to the natural filtration, is (M_n) a martingale? Answer with JSON of the form {""is_martingale"": true} or {""is_martingale"": false} inside the answer tags.",{'is_martingale': True},"Step 1: Use only the denominator-factor comparison.
Do not expand the whole conditional expectation.

Step 2: Required factor.
required = E[exp(thetaY_1)] = 1/3 exp(theta) + 2/3 exp(-theta).

Step 3: Proposed factor.
proposed = p exp(theta) + q exp(-theta).

Step 4: Compare and conclude.
The proposed factor and required factor are same, so is_martingale = true.

Final answer:
<answer>
{""is_martingale"": true}
</answer>",{'is_martingale': True},True
algorithmic_scaffold_v3_5_lora12,martingale_verification_train_5610019,martingale_verification,quadratic_compensation,3,binary,False,"Let X_n = Y_1 + ... + Y_n for independent increments with P(Y_k = 3) = P(Y_k = -3) = 1/2. Consider M_n = X_n^2 - 9 n. With respect to the natural filtration, is (M_n) a martingale? Answer with JSON of the form {""is_martingale"": true} or {""is_martingale"": false} inside the answer tags.",{'is_martingale': True},"Step 1: Use only the compensation comparison.
For a centered independent-increment walk, X_n^2 - c n is a martingale exactly when c = Var(Y_1).

Step 2: Read the two numbers.
Required c = Var(Y_1) = 9.
Proposed c = 9.

Step 3: Compare.
Proposed c is equal to the required c.

Step 4: Conclude with the required JSON schema.
is_martingale = true.

Final answer:
<answer>
{""is_martingale"": true}
</answer>",{'is_martingale': True},True
algorithmic_scaffold_v3_5_lora12,optional_stopping_validity_train_5800008,optional_stopping_validity,bounded_time_valid,1,binary,False,"Let (X_n) be a simple symmetric random walk with X_0 = 0 and natural filtration F_n. Let T = inf{k >= 0 : X_k = 2} and tau = min(T, 5). A solution claims that optional stopping gives E[X_tau] = E[X_0]. Is this use of optional stopping justified? Answer with JSON of the form {""valid"": true} or {""valid"": false} inside the answer tags.",{'valid': True},"Step 1: Check the optional-stopping condition.
tau has a deterministic cap, so tau is bounded.

Step 2: Decide validity.
The proposed use of E[M_tau] = E[M_0] has valid = true.

Step 3: Return exactly the required JSON schema.
Final answer:
<answer>
{""valid"": true}
</answer>",{'valid': True},True
algorithmic_scaffold_v3_5_lora12,optional_stopping_validity_train_5820015,optional_stopping_validity,finite_state_hitting_valid,3,binary,False,"Let (S_n) be a simple symmetric random walk on {0, ..., 4}, absorbed when it hits 0 or 4, with S_0 = 1. Let tau be the absorption time. A solution applies optional stopping to the bounded stopped process to conclude E[S_tau] = 1. Is this use justified? Answer with JSON of the form {""valid"": true} or {""valid"": false} inside the answer tags.",{'valid': True},"Step 1: Check the optional-stopping condition.
the stopped process is finite-state and therefore bounded.

Step 2: Decide validity.
The proposed use of E[M_tau] = E[M_0] has valid = true.

Step 3: Return exactly the required JSON schema.
Final answer:
<answer>
{""valid"": true}
</answer>",{'valid': True},True
algorithmic_scaffold_v3_5_lora12,optional_stopping_validity_train_5810008,optional_stopping_validity,unbounded_first_hit_invalid,2,binary,False,"Let (S_n) be a simple symmetric random walk with S_0 = 0. Let tau = inf{n >= 0 : S_n = 3}. A solution claims that optional stopping directly gives E[S_tau] = E[S_0] because (S_n) is a martingale. Is this use justified as stated? Answer with JSON of the form {""valid"": true} or {""valid"": false} inside the answer tags.",{'valid': False},"Step 1: Check the optional-stopping condition.
tau is uncapped and no boundedness or integrability hypothesis is supplied.

Step 2: Decide validity.
The proposed use of E[M_tau] = E[M_0] has valid = false.

Step 3: Return exactly the required JSON schema.
Final answer:
<answer>
{""valid"": false}
</answer>",{'valid': False},True
algorithmic_scaffold_v3_5_lora12,stopped_process_expectation_train_5400008,stopped_process_expectation,bounded_walk_expectation,1,non_binary,False,"Let (S_n) be a simple symmetric random walk with S_0 = -1. Let T = inf{k >= 0 : S_k = 2} and tau = min(T, 5). Compute E[S_tau]. Answer with JSON of the form {""value"": ""...""} inside the answer tags.",{'value': '-1'},"Step 1: Identify the stopped process.
The process is the simple symmetric random walk (S_n), and tau = min(T, 5).
Because tau has a deterministic cap, tau is bounded.

Step 2: Extract the starting value.
S_0 = -1. The target level 2 does not change the optional-stopping value.

Step 3: Apply optional stopping directly.
E[S_tau] = E[S_0] = -1.

Final answer:
<answer>
{""value"": ""-1""}
</answer>",{'value': '-1'},True
algorithmic_scaffold_v3_5_lora12,stopped_process_expectation_train_5410008,stopped_process_expectation,quadratic_fixed_horizon,2,non_binary,False,"Let X_n = 2 + Y_1 + ... + Y_n, where P(Y_k = 5) = P(Y_k = -5) = 1/2 and the increments are independent. Compute E[X_7^2]. Answer with JSON of the form {""value"": ""...""} inside the answer tags.",{'value': '179'},"Step 1: Identify the fixed-time second-moment task.
We need E[X_7^2] for a centered independent-increment walk.

Step 2: Extract the parameters.
X_0 = 2; n = 7; increments are +5 or -5 with probability 1/2 each.
The variance of one increment is sigma^2 = (5)^2 = 25.

Step 3: Select the formula.
E[X_n^2] = X_0^2 + n sigma^2.

Step 4: Do the arithmetic in small pieces.
X_0^2 = (2)^2 = 4.
n sigma^2 = 7 * 25 = 175.
Total = 4 + 175 = 179.

Final answer:
<answer>
{""value"": ""179""}
</answer>",{'value': '179'},True
algorithmic_scaffold_v3_5_lora12,stopped_process_expectation_train_5420028,stopped_process_expectation,stopped_martingale_value,3,non_binary,False,"Let (S_n) be a simple symmetric random walk with S_0 = 0. Let T = inf{k >= 0 : S_k = 3} and tau = min(T, 4). Compute E[S_tau^2 - tau]. Answer with JSON of the form {""value"": ""...""} inside the answer tags.",{'value': '0'},"Step 1: Identify the stopped quadratic martingale task.
The requested expression is E[S_tau^2 - tau]. Do not compute E[S_tau^2] and E[tau] separately.

Step 2: Extract the bounded stopping time.
S_0 = 0; target level = 3; tau = min(T, 4).
Since tau is capped by 4, optional stopping applies.

Step 3: Use the martingale directly.
For a simple symmetric random walk, M_n = S_n^2 - n is a martingale.
Therefore E[S_tau^2 - tau] = E[M_tau] = E[M_0].

Step 4: Compute M_0.
M_0 = S_0^2 - 0 = (0)^2 = 0.

Final answer:
<answer>
{""value"": ""0""}
</answer>",{'value': '0'},True
algorithmic_scaffold_v3_5_lora12,hitting_time_expectation_train_5220026,hitting_time_expectation,biased_boundaries_zero_a,3,non_binary,False,"Let (S_n) be a nearest-neighbor random walk on the integers with S_0 = 3, P(S_(n+1) = S_n + 1 | F_n) = 2/3, and P(S_(n+1) = S_n - 1 | F_n) = 1/3. Let tau = inf{n >= 0 : S_n in {0, 6}}. Compute E[tau]. Answer with JSON of the form {""expected_time"": ""...""} inside the answer tags.",{'expected_time': '7'},"Step 1: Classify the walk and choose the biased pipeline.
p = 2/3, q = 1/3, and p != q, so this is biased. Do not use (x-a)(b-x).

Step 2: Extract the interval.
a = 0, b = 6, x = 3.

Step 3: Use named intermediate quantities to avoid sign mistakes.
For boundaries 0 and b, define r = q/p and
E_x[tau] = (b * ((r^x - 1)/(r^b - 1)) - x)/(p-q).

Step 4: Compute the powers and differences.
r = 1/2.
A = r^x = 1/2^3 = 1/8.
B = r^b = 1/2^6 = 1/64.
C = A - 1 = 1/8 - 1 = -7/8.
D = B - 1 = 1/64 - 1 = -63/64.

Step 5: Compute the boundary term before dividing by drift.
C/D = (-7/8)/(-63/64) = 4/9.
U = b * C/D = 6 * 4/9 = 8/3.
V = U - x = 8/3 - 3 = -1/3.

Step 6: Divide by p-q.
p-q = 2/3 - 1/3 = 1/3.
E_x[tau] = V/(p-q) = (-1/3)/(1/3) = -1.

Step 7: Return the JSON answer.
Final answer:
<answer>
{""expected_time"": ""-1""}
</answer>",{'expected_time': '-1'},False
algorithmic_scaffold_v3_5_lora12,hitting_time_expectation_train_5200009,hitting_time_expectation,symmetric_boundaries_zero_a,1,non_binary,False,"Let (X_n) be a simple symmetric random walk on the integers with X_0 = 1. Let tau = inf{n >= 0 : X_n in {0, 5}}. Compute E[tau]. Answer with JSON of the form {""expected_time"": ""...""} inside the answer tags.",{'expected_time': '4'},"Step 1: Identify the walk type.
The walk is simple symmetric, so p = q = 1/2. Use the symmetric finite-interval formula.

Step 2: Extract the interval parameters.
Lower boundary a = 0; upper boundary b = 5; start x = 1.

Step 3: Select the formula.
For the symmetric walk, E_x[tau] = (x-a)(b-x).

Step 4: Compute each factor.
x-a = 1 - (0) = 1.
b-x = 5 - (1) = 4.

Step 5: Multiply.
E_x[tau] = 1 * 4 = 4.

Final answer:
<answer>
{""expected_time"": ""4""}
</answer>",{'expected_time': '4'},True
algorithmic_scaffold_v3_5_lora12,hitting_time_expectation_train_5210009,hitting_time_expectation,symmetric_shifted_boundaries,2,non_binary,False,"Let (X_n) be a simple symmetric random walk with X_0 = 4. Let tau be the first time the walk hits either 2 or 7. Compute E[tau]. Answer with JSON of the form {""expected_time"": ""...""} inside the answer tags.",{'expected_time': '6'},"Step 1: Identify the walk type.
The walk is simple symmetric, so p = q = 1/2. Use the symmetric finite-interval formula.

Step 2: Extract the interval parameters.
Lower boundary a = 2; upper boundary b = 7; start x = 4.

Step 3: Select the formula.
For the symmetric walk, E_x[tau] = (x-a)(b-x).

Step 4: Compute each factor.
x-a = 4 - (2) = 2.
b-x = 7 - (4) = 3.

Step 5: Multiply.
E_x[tau] = 2 * 3 = 6.

Final answer:
<answer>
{""expected_time"": ""6""}
</answer>",{'expected_time': '6'},True
algorithmic_scaffold_v3_5_lora12,martingale_verification_train_5600009,martingale_verification,centered_walk_basic,1,binary,False,"Let X_0 = 0 and X_n = Y_1 + ... + Y_n, where the Y_k are independent and P(Y_k = 3) = P(Y_k = -3) = 1/2. With respect to the natural filtration, is (X_n) a martingale? Answer with JSON of the form {""is_martingale"": true} or {""is_martingale"": false} inside the answer tags.",{'is_martingale': True},"Step 1: Identify the martingale test.
Check whether E[X_(n+1) | F_n] = X_n.

Step 2: Compute the conditional increment mean.
The next increment is +3 or -3 with equal probability, so its mean is 0.

Step 3: Conclude.
E[X_(n+1) | F_n] = X_n + 0 = X_n, so is_martingale = true.

Final answer:
<answer>
{""is_martingale"": true}
</answer>",{'is_martingale': True},True
algorithmic_scaffold_v3_5_lora12,martingale_verification_train_5620023,martingale_verification,exponential_compensation,3,binary,False,"Let X_n = Y_1 + ... + Y_n, where the Y_k are independent with P(Y_k = 1) = 2/5 and P(Y_k = -1) = 3/5. For fixed lambda, consider M_n = exp(lambda X_n) / (exp(lambda))^n. With respect to the natural filtration, is (M_n) a martingale? Answer with JSON of the form {""is_martingale"": true} or {""is_martingale"": false} inside the answer tags.",{'is_martingale': False},"Step 1: Use only the denominator-factor comparison.
Do not expand the whole conditional expectation.

Step 2: Required factor.
required = E[exp(lambdaY_1)] = 2/5 exp(lambda) + 3/5 exp(-lambda).

Step 3: Proposed factor.
proposed = exp(lambda).

Step 4: Compare and conclude.
The proposed factor and required factor are different, so is_martingale = false.

Final answer:
<answer>
{""is_martingale"": false}
</answer>",{'is_martingale': False},True
algorithmic_scaffold_v3_5_lora12,martingale_verification_train_5610020,martingale_verification,quadratic_compensation,3,binary,False,"Let X_n = Y_1 + ... + Y_n for independent increments with the increments have mean 0 and variance 1. Consider M_n = X_n^2 - 1 n. With respect to the natural filtration, is (M_n) a martingale? Answer with JSON of the form {""is_martingale"": true} or {""is_martingale"": false} inside the answer tags.",{'is_martingale': True},"Step 1: Use only the compensation comparison.
For a centered independent-increment walk, X_n^2 - c n is a martingale exactly when c = Var(Y_1).

Step 2: Read the two numbers.
Required c = Var(Y_1) = 1.
Proposed c = 1.

Step 3: Compare.
Proposed c is equal to the required c.

Step 4: Conclude with the required JSON schema.
is_martingale = true.

Final answer:
<answer>
{""is_martingale"": true}
</answer>",{'is_martingale': True},True
algorithmic_scaffold_v3_5_lora12,optional_stopping_validity_train_5800009,optional_stopping_validity,bounded_time_valid,1,binary,False,"Let (S_n) be a simple symmetric random walk with S_0 = 0 and natural filtration F_n. Let T = inf{k >= 0 : S_k = 3} and tau = min(T, 8). A solution claims that optional stopping gives E[S_tau] = E[S_0]. Is this use of optional stopping justified? Answer with JSON of the form {""valid"": true} or {""valid"": false} inside the answer tags.",{'valid': True},"Step 1: Check the optional-stopping condition.
tau has a deterministic cap, so tau is bounded.

Step 2: Decide validity.
The proposed use of E[M_tau] = E[M_0] has valid = true.

Step 3: Return exactly the required JSON schema.
Final answer:
<answer>
{""valid"": true}
</answer>",{'valid': True},True
algorithmic_scaffold_v3_5_lora12,optional_stopping_validity_train_5820016,optional_stopping_validity,finite_state_hitting_valid,3,binary,False,"Let (S_n) be a simple symmetric random walk on {0, ..., 4}, absorbed when it hits 0 or 4, with S_0 = 2. Let tau be the absorption time. A solution applies optional stopping to the bounded stopped process to conclude E[S_tau] = 2. Is this use justified? Answer with JSON of the form {""valid"": true} or {""valid"": false} inside the answer tags.",{'valid': True},"Step 1: Check the optional-stopping condition.
the stopped process is finite-state and therefore bounded.

Step 2: Decide validity.
The proposed use of E[M_tau] = E[M_0] has valid = true.

Step 3: Return exactly the required JSON schema.
Final answer:
<answer>
{""valid"": true}
</answer>",{'valid': True},True
algorithmic_scaffold_v3_5_lora12,optional_stopping_validity_train_5810009,optional_stopping_validity,unbounded_first_hit_invalid,2,binary,False,"Let (S_n) be a simple symmetric random walk with S_0 = 0. Let tau = inf{n >= 0 : S_n = 3}. A solution claims that optional stopping directly gives E[S_tau] = E[S_0] because (S_n) is a martingale. Is this use justified as stated? Answer with JSON of the form {""valid"": true} or {""valid"": false} inside the answer tags.",{'valid': False},"Step 1: Check the optional-stopping condition.
tau is uncapped and no boundedness or integrability hypothesis is supplied.

Step 2: Decide validity.
The proposed use of E[M_tau] = E[M_0] has valid = false.

Step 3: Return exactly the required JSON schema.
Final answer:
<answer>
{""valid"": false}
</answer>",{'valid': False},True
algorithmic_scaffold_v3_5_lora12,stopped_process_expectation_train_5400009,stopped_process_expectation,bounded_walk_expectation,1,non_binary,False,"Let (X_n) be a simple symmetric random walk with X_0 = 2. Let T = inf{k >= 0 : X_k = 6} and tau = min(T, 10). Compute E[X_tau]. Answer with JSON of the form {""value"": ""...""} inside the answer tags.",{'value': '2'},"Step 1: Identify the stopped process.
The process is the simple symmetric random walk (X_n), and tau = min(T, 10).
Because tau has a deterministic cap, tau is bounded.

Step 2: Extract the starting value.
X_0 = 2. The target level 6 does not change the optional-stopping value.

Step 3: Apply optional stopping directly.
E[X_tau] = E[X_0] = 2.

Final answer:
<answer>
{""value"": ""2""}
</answer>",{'value': '2'},True
algorithmic_scaffold_v3_5_lora12,stopped_process_expectation_train_5410009,stopped_process_expectation,quadratic_fixed_horizon,2,non_binary,False,"Let S_n = -1 + Y_1 + ... + Y_n, where P(Y_k = 3) = P(Y_k = -3) = 1/2 and the increments are independent. Compute E[S_2^2]. Answer with JSON of the form {""value"": ""...""} inside the answer tags.",{'value': '19'},"Step 1: Identify the fixed-time second-moment task.
We need E[S_2^2] for a centered independent-increment walk.

Step 2: Extract the parameters.
S_0 = -1; n = 2; increments are +3 or -3 with probability 1/2 each.
The variance of one increment is sigma^2 = (3)^2 = 9.

Step 3: Select the formula.
E[S_n^2] = S_0^2 + n sigma^2.

Step 4: Do the arithmetic in small pieces.
S_0^2 = (-1)^2 = 1.
n sigma^2 = 2 * 9 = 18.
Total = 1 + 18 = 19.

Final answer:
<answer>
{""value"": ""19""}
</answer>",{'value': '19'},True
algorithmic_scaffold_v3_5_lora12,stopped_process_expectation_train_5420032,stopped_process_expectation,stopped_martingale_value,3,non_binary,False,"Let (X_n) be a simple symmetric random walk with X_0 = -1. Let T = inf{k >= 0 : X_k = 2} and tau = min(T, 12). Compute E[X_tau^2 - tau]. Answer with JSON of the form {""value"": ""...""} inside the answer tags.",{'value': '1'},"Step 1: Identify the stopped quadratic martingale task.
The requested expression is E[X_tau^2 - tau]. Do not compute E[X_tau^2] and E[tau] separately.

Step 2: Extract the bounded stopping time.
X_0 = -1; target level = 2; tau = min(T, 12).
Since tau is capped by 12, optional stopping applies.

Step 3: Use the martingale directly.
For a simple symmetric random walk, M_n = X_n^2 - n is a martingale.
Therefore E[X_tau^2 - tau] = E[M_tau] = E[M_0].

Step 4: Compute M_0.
M_0 = X_0^2 - 0 = (-1)^2 = 1.

Final answer:
<answer>
{""value"": ""1""}
</answer>",{'value': '1'},True
