adapter,id,family,problem_type,difficulty,answer_type,manual_variation,problem,canonical_answer,raw_output,predicted_answer,correct
algorithmic_scaffold,hitting_time_expectation_train_700002,hitting_time_expectation,biased_boundaries_zero_a,3,non_binary,False,"Let (S_n) be a nearest-neighbor random walk on the integers with S_0 = 1, P(S_(n+1) = S_n + 1 | F_n) = 1/3, and P(S_(n+1) = S_n - 1 | F_n) = 2/3. Let tau = inf{n >= 0 : S_n in {0, 6}}. Compute E[tau]. Answer with JSON of the form {""expected_time"": ""...""} inside the answer tags.",{'expected_time': '19/7'},"Step 1: Identify the task.
This is a finite-interval hitting-time expectation for a biased nearest-neighbor walk.

Step 2: Extract the parameters.
Lower boundary a = 0; upper boundary b = 6; starting point x = 1; bias = 1/3; up probability = 1/3; down probability = 2/3.

Step 3: Select the formula.
For a biased nearest-neighbor walk stopped on hitting a or b,
E_x[tau] = (x-a)(b-x).

Step 4: Substitute and simplify.
x-a = 1-0 = 1.
b-x = 6-1 = 5.
E_x[tau] = (1)(5) = 5.

Final answer:
<answer>
{""expected_time"": ""5""}
</answer>",{'expected_time': '5'},False
algorithmic_scaffold,hitting_time_expectation_train_700000,hitting_time_expectation,symmetric_boundaries_zero_a,1,non_binary,False,"Let (X_n) be a simple symmetric random walk on the integers with X_0 = 3. Let tau = inf{n >= 0 : X_n in {0, 12}}. Compute E[tau]. Answer with JSON of the form {""expected_time"": ""...""} inside the answer tags.",{'expected_time': '27'},"Step 1: Identify the task.
This is a finite-interval hitting-time expectation for a simple symmetric random walk.

Step 2: Extract the parameters.
Lower boundary a = 0; upper boundary b = 12; starting point x = 3.

Step 3: Select the formula.
For a simple symmetric random walk stopped on hitting a or b,
E_x[tau] = (x-a)(b-x).

Step 4: Substitute and simplify.
x-a = 3-0 = 3.
b-x = 12-3 = 9.
E_x[tau] = (3)(9) = 27.

Final answer:
<answer>
{""expected_time"": ""27""}
</answer>",{'expected_time': '27'},True
algorithmic_scaffold,hitting_time_expectation_train_700001,hitting_time_expectation,symmetric_shifted_boundaries,2,non_binary,False,"Let (X_n) be a simple symmetric random walk with X_0 = 2. Let tau be the first time the walk hits either 1 or 7. Compute E[tau]. Answer with JSON of the form {""expected_time"": ""...""} inside the answer tags.",{'expected_time': '5'},"Step 1: Identify the task.
This is a finite-interval hitting-time expectation for a simple symmetric random walk.

Step 2: Extract the parameters.
Lower boundary a = 1; upper boundary b = 7; starting point x = 2.

Step 3: Select the formula.
For a simple symmetric random walk stopped on hitting a or b,
E_x[tau] = (x-a)(b-x).

Step 4: Substitute and simplify.
x-a = 2-1 = 1.
b-x = 7-2 = 5.
E_x[tau] = (1)(5) = 5.

Final answer:
<answer>
{""expected_time"": ""5""}
</answer>",{'expected_time': '5'},True
algorithmic_scaffold,hitting_time_expectation_train_700005,hitting_time_expectation,symmetric_shifted_boundaries,3,non_binary,False,"Let (S_n) be a simple symmetric random walk with S_0 = -1. Let tau be the first time the walk hits either -5 or 5. Compute E[tau]. Answer with JSON of the form {""expected_time"": ""...""} inside the answer tags.",{'expected_time': '24'},"Step 1: Identify the task.
This is a finite-interval hitting-time expectation for a simple symmetric random walk.

Step 2: Extract the parameters.
Lower boundary a = -5; upper boundary b = 5; starting point x = -1.

Step 3: Select the formula.
For a simple symmetric random walk stopped on hitting a or b,
E_x[tau] = (x-a)(b-x).

Step 4: Substitute and simplify.
x-a = -1--5 = 4.
b-x = 5--1 = 6.
E_x[tau] = (4)(6) = 24.

Final answer:
<answer>
{""expected_time"": ""24""}
</answer>",{'expected_time': '24'},True
algorithmic_scaffold,martingale_verification_train_900000,martingale_verification,centered_walk_basic,1,binary,False,"Let S_0 = 0 and S_n = Y_1 + ... + Y_n, where the Y_k are independent and P(Y_k = 3) = P(Y_k = -3) = 1/2. With respect to the natural filtration, is (S_n) a martingale? Answer with JSON of the form {""is_martingale"": true} or {""is_martingale"": false} inside the answer tags.",{'is_martingale': True},"Step 1: Identify the required compensation.
The stopping-time is a bounded first-hitting time, so the required compensation is finite.

Step 2: Check the required compensation.
The stopped process is finite, so the required compensation is finite.

Step 3: Conclude.
is_martingale = true.

Final answer:
<answer>
{""is_martingale"": true}
</answer>",{'is_martingale': True},True
algorithmic_scaffold,martingale_verification_train_900002,martingale_verification,exponential_compensation,3,binary,False,"Let S_n = Y_1 + ... + Y_n, where the Y_k are independent with P(Y_k = 1) = 2/5 and P(Y_k = -1) = 3/5. For fixed theta, consider M_n = exp(theta S_n) / (exp(theta))^n. With respect to the natural filtration, is (M_n) a martingale? Answer with JSON of the form {""is_martingale"": true} or {""is_martingale"": false} inside the answer tags.",{'is_martingale': False},"Step 1: Identify the required exponential compensation.
The denominator is (exp(theta))^n = exp(n theta).

Step 2: Compute the required factor.
E[exp(theta S_n)] = E[exp(theta (Y_1 + ... + Y_n))].

Step 3: Extract the factor.
E[exp(theta S_n)] = E[exp(theta (Y_1 + ... + Y_n))] = E[exp(theta^2 n)].

Step 4: Compare the factor.
Compare this with the denominator, (exp(theta))^n.

Step 5: Conclude.
is_martingale = true.

Final answer:
<answer>
{""is_martingale"": true}
</answer>",{'is_martingale': True},False
algorithmic_scaffold,martingale_verification_train_900001,martingale_verification,quadratic_compensation,2,binary,False,"Let X_n = Y_1 + ... + Y_n for independent increments with P(Y_k = 10) = P(Y_k = -10) = 1/2. Consider M_n = X_n^2 - 100 n. With respect to the natural filtration, is (M_n) a martingale? Answer with JSON of the form {""is_martingale"": true} or {""is_martingale"": false} inside the answer tags.",{'is_martingale': True},"Step 1: Identify the required compensation.
For a centered walk, the required compensation is a fixed mean.

Step 2: Compute the required compensation.
Optional stopping gives a fixed mean.

Step 3: Compare the centered walk and the required compensation.
The centered walk is a martingale exactly when its required compensation matches the fixed mean.

Step 4: Conclude.
is_martingale = true.

Final answer:
<answer>
{""is_martingale"": true}
</answer>",{'is_martingale': True},True
algorithmic_scaffold,martingale_verification_train_900008,martingale_verification,quadratic_compensation,3,binary,False,"Let S_n = Y_1 + ... + Y_n for independent increments with P(Y_k = 10) = P(Y_k = -10) = 1/2. Consider M_n = S_n^2 - 100 n. With respect to the natural filtration, is (M_n) a martingale? Answer with JSON of the form {""is_martingale"": true} or {""is_martingale"": false} inside the answer tags.",{'is_martingale': True},"Step 1: Identify the required compensation.
For a centered walk, S_n^2 - c n is a martingale exactly when c = Var(Y_1).

Step 2: Extract the variance.
Var(Y_1) = Cov(Y_1^2, Y_1) = 100(1/2)(1/2) = 25.

Step 3: Compare and check.
is_martingale = true exactly when c = Var(Y_1).

Final answer:
<answer>
{""is_martingale"": true}
</answer>",{'is_martingale': True},True
algorithmic_scaffold,optional_stopping_validity_train_1000000,optional_stopping_validity,bounded_time_valid,1,binary,False,"Let (S_n) be a simple symmetric random walk with S_0 = 0 and natural filtration F_n. Let T = inf{k >= 0 : S_k = 1} and tau = min(T, 5). A solution claims that optional stopping gives E[S_tau] = E[S_0]. Is this use of optional stopping justified? Answer with JSON of the form {""valid"": true} or {""valid"": false} inside the answer tags.",{'valid': True},"Step 1: Identify the optional-stopping issue.
Before using E[M_tau] = E[M_0], check the stopping-time hypotheses.

Step 2: Check the condition in this problem.
tau = min(T, 5), and no extra integrability condition is given.

Step 3: Conclude.
valid = false.

Final answer:
<answer>
{""valid"": false}
</answer>",{'valid': False},False
algorithmic_scaffold,optional_stopping_validity_train_1000002,optional_stopping_validity,finite_state_hitting_valid,3,binary,False,"Let (S_n) be a simple symmetric random walk on {0, ..., 8}, absorbed when it hits 0 or 8, with S_0 = 5. Let tau be the absorption time. A solution applies optional stopping to the bounded stopped process to conclude E[S_tau] = 5. Is this use justified? Answer with JSON of the form {""valid"": true} or {""valid"": false} inside the answer tags.",{'valid': True},"Step 1: Identify the optional-stopping issue.
Before using E[M_tau] = E[M_0], check the stopping-time hypotheses.

Step 2: Check the condition in this problem.
The stopped process is finite-state, and the stopping-time tau is bounded.

Step 3: Conclude.
valid = true.

Final answer:
<answer>
{""valid"": true}
</answer>",{'valid': True},True
algorithmic_scaffold,optional_stopping_validity_train_1000001,optional_stopping_validity,unbounded_first_hit_invalid,2,binary,False,"Let (S_n) be a simple symmetric random walk with S_0 = 0. Let tau = inf{n >= 0 : S_n = 3}. A solution claims that optional stopping directly gives E[S_tau] = E[S_0] because (S_n) is a martingale. Is this use justified as stated? Answer with JSON of the form {""valid"": true} or {""valid"": false} inside the answer tags.",{'valid': False},"Step 1: Identify the optional-stopping issue.
Before using E[M_tau] = E[M_0], check the stopping-time hypotheses.

Step 2: Check the condition in this problem.
tau is an unbounded first-hitting time, and no extra integrability condition is given.

Step 3: Conclude.
valid = false.

Final answer:
<answer>
{""valid"": false}
</answer>",{'valid': False},True
algorithmic_scaffold,optional_stopping_validity_train_1000005,optional_stopping_validity,unbounded_first_hit_invalid,3,binary,False,"Let (S_n) be a simple symmetric random walk with S_0 = 0. Let tau = inf{n >= 0 : S_n = 1}. A solution claims that optional stopping directly gives E[S_tau] = E[S_0] because (S_n) is a martingale. Is this use justified as stated? Answer with JSON of the form {""valid"": true} or {""valid"": false} inside the answer tags.",{'valid': False},"Step 1: Identify the optional-stopping issue.
Before using E[M_tau] = E[M_0], check the stopping-time hypotheses.

Step 2: Check the condition in this problem.
tau is an unbounded first-hitting time, and no extra integrability condition is given.

Step 3: Conclude.
valid = false.

Final answer:
<answer>
{""valid"": false}
</answer>",{'valid': False},True
algorithmic_scaffold,stopped_process_expectation_train_800000,stopped_process_expectation,bounded_walk_expectation,1,non_binary,False,"Let (X_n) be a simple symmetric random walk with X_0 = -1. Let T = inf{k >= 0 : X_k = 1} and tau = min(T, 8). Compute E[X_tau]. Answer with JSON of the form {""value"": ""...""} inside the answer tags.",{'value': '-1'},"Step 1: Identify the task.
This asks for the expectation of a bounded stopped simple symmetric random walk.

Step 2: Extract the parameters.
X_0 = -1; target level = 1; deterministic cap = 8.

Step 3: Select the martingale relation.
(X_n) is a martingale, so optional stopping gives E[X_tau] = E[X_0].

Step 4: Substitute and simplify.
E[X_tau] = E[X_0] = -1.

Final answer:
<answer>
{""value"": ""-1""}
</answer>",{'value': '-1'},True
algorithmic_scaffold,stopped_process_expectation_train_800005,stopped_process_expectation,bounded_walk_expectation,3,non_binary,False,"Let (X_n) be a simple symmetric random walk with X_0 = -3. Let T = inf{k >= 0 : X_k = 1} and tau = min(T, 10). Compute E[X_tau]. Answer with JSON of the form {""value"": ""...""} inside the answer tags.",{'value': '-3'},"Step 1: Identify the task.
This asks for the expectation of a bounded stopped simple symmetric random walk.

Step 2: Extract the parameters.
X_0 = -3; target level = 1; deterministic cap = 10.

Step 3: Select the martingale relation.
(X_n) is a martingale, so optional stopping gives E[X_tau] = E[X_0].

Step 4: Substitute and simplify.
E[X_tau] = E[X_0] = -3.

Final answer:
<answer>
{""value"": ""-3""}
</answer>",{'value': '-3'},True
algorithmic_scaffold,stopped_process_expectation_train_800001,stopped_process_expectation,quadratic_fixed_horizon,2,non_binary,False,"Let S_n = 1 + Y_1 + ... + Y_n, where P(Y_k = 2) = P(Y_k = -2) = 1/2 and the increments are independent. Compute E[S_10^2]. Answer with JSON of the form {""value"": ""...""} inside the answer tags.",{'value': '41'},"Step 1: Identify the task.
This asks for the second moment of a centered independent-increment walk at a fixed time.

Step 2: Extract the parameters.
S_0 = 1; n = 10; increments are +/-2; Var(Y_k) = 4.

Step 3: Select the formula.
For centered independent increments, E[S_n^2] = S_0^2 + n Var(Y_1).

Step 4: Substitute and simplify.
E[S_10^2] = (1)^2 + (10)(4) = 14.

Final answer:
<answer>
{""value"": ""14""}
</answer>",{'value': '14'},False
algorithmic_scaffold,stopped_process_expectation_train_800014,stopped_process_expectation,quadratic_fixed_horizon,3,non_binary,False,"Let S_n = -1 + Y_1 + ... + Y_n, where P(Y_k = 5) = P(Y_k = -5) = 1/2 and the increments are independent. Compute E[S_7^2]. Answer with JSON of the form {""value"": ""...""} inside the answer tags.",{'value': '176'},"Step 1: Identify the task.
This asks for the second moment of a centered independent-increment walk at a fixed time.

Step 2: Extract the parameters.
S_0 = -1; n = 7; increments are +/-5; Var(Y_k) = 25.

Step 3: Select the formula.
For centered independent increments, E[S_n^2] = S_0^2 + n Var(Y_1).

Step 4: Substitute and simplify.
E[S_7^2] = (-1)^2 + 7(25) = 1 + 175 = 176.

Final answer:
<answer>
{""value"": ""176""}
</answer>",{'value': '176'},True
algorithmic_scaffold,stopped_process_expectation_train_800002,stopped_process_expectation,stopped_martingale_value,3,non_binary,False,"Let (X_n) be a simple symmetric random walk with X_0 = 1. Let T = inf{k >= 0 : X_k = 4} and tau = min(T, 12). Compute E[X_tau^2 - tau]. Answer with JSON of the form {""value"": ""...""} inside the answer tags.",{'value': '1'},"Step 1: Identify the task.
This asks for the expectation of a stopped quadratic martingale.

Step 2: Extract the parameters.
X_0 = 1; target level = 4; deterministic cap = 12.

Step 3: Select the martingale relation.
For a simple symmetric random walk, M_n = X_n^2 - n is a martingale.

Step 4: Select the stopped time.
tau = min(T, 12), so tau is bounded.

Step 5: Select the required compensation.
For a stopped quadratic martingale, M_tau = M_0 + E[M_tau - M_0 | tau].

Step 6: Select the optional stopping issue.
E[M_tau] = M_0 + E[M_tau - M_0 | tau].

Step 7: Select the optional stopping issue.
E[M_tau] = M_0 + E[M_tau - M_0 | tau].

Step 8: Select the required compensation.
E[M_tau] = E[X_tau^2 - tau].

Step 9: Select the optional stopping issue.
E[X_tau^2 - tau] = M_0 + E[X_tau^2 - tau - (X_tau^2 - tau)].

Step 10: Select the required compensation.
E[X_tau^2 - tau] = M_0 = 1^2 - 0 = 1.

Final answer:
<answer>
{""value"": ""1""}
</answer>",{'value': '1'},True
algorithmic_scaffold,hitting_time_expectation_train_700008,hitting_time_expectation,biased_boundaries_zero_a,3,non_binary,False,"Let (S_n) be a nearest-neighbor random walk on the integers with S_0 = 1, P(S_(n+1) = S_n + 1 | F_n) = 1/3, and P(S_(n+1) = S_n - 1 | F_n) = 2/3. Let tau = inf{n >= 0 : S_n in {0, 5}}. Compute E[tau]. Answer with JSON of the form {""expected_time"": ""...""} inside the answer tags.",{'expected_time': '78/31'},"Step 1: Identify the task.
This is a finite-interval hitting-time expectation for a biased nearest-neighbor walk.

Step 2: Extract the parameters.
Lower boundary a = 0; upper boundary b = 5; starting point x = 1; bias = 1/3; up probability = 1/3; down probability = 2/3.

Step 3: Select the formula.
For a biased nearest-neighbor walk stopped on hitting a or b,
E_x[tau] = (x-a)(b-x).

Step 4: Substitute and simplify.
x-a = 1-0 = 1.
b-x = 5-1 = 4.
E_x[tau] = (1)(4) = 4.

Final answer:
<answer>
{""expected_time"": ""4""}
</answer>",{'expected_time': '4'},False
algorithmic_scaffold,hitting_time_expectation_train_700003,hitting_time_expectation,symmetric_boundaries_zero_a,1,non_binary,False,"Let (S_n) be a simple symmetric random walk on the integers with S_0 = 4. Let tau = inf{n >= 0 : S_n in {0, 6}}. Compute E[tau]. Answer with JSON of the form {""expected_time"": ""...""} inside the answer tags.",{'expected_time': '8'},"Step 1: Identify the task.
This is a finite-interval hitting-time expectation for a simple symmetric random walk.

Step 2: Extract the parameters.
Lower boundary a = 0; upper boundary b = 6; starting point x = 4.

Step 3: Select the formula.
For a simple symmetric random walk stopped on hitting a or b,
E_x[tau] = (x-a)(b-x).

Step 4: Substitute and simplify.
x-a = 4-0 = 4.
b-x = 6-4 = 2.
E_x[tau] = (4)(2) = 8.

Final answer:
<answer>
{""expected_time"": ""8""}
</answer>",{'expected_time': '8'},True
algorithmic_scaffold,hitting_time_expectation_train_700004,hitting_time_expectation,symmetric_shifted_boundaries,2,non_binary,False,"Let (S_n) be a simple symmetric random walk with S_0 = 2. Let tau be the first time the walk hits either -3 or 7. Compute E[tau]. Answer with JSON of the form {""expected_time"": ""...""} inside the answer tags.",{'expected_time': '25'},"Step 1: Identify the task.
This is a finite-interval hitting-time expectation for a simple symmetric random walk.

Step 2: Extract the parameters.
Lower boundary a = -3; upper boundary b = 7; starting point x = 2.

Step 3: Select the formula.
For a simple symmetric random walk stopped on hitting a or b,
E_x[tau] = (x-a)(b-x).

Step 4: Substitute and simplify.
x-a = 2--3 = 5.
b-x = 7-2 = 5.
E_x[tau] = (5)(5) = 25.

Final answer:
<answer>
{""expected_time"": ""25""}
</answer>",{'expected_time': '25'},True
algorithmic_scaffold,hitting_time_expectation_train_700011,hitting_time_expectation,symmetric_shifted_boundaries,3,non_binary,False,"Let (S_n) be a simple symmetric random walk with S_0 = 4. Let tau be the first time the walk hits either 1 or 6. Compute E[tau]. Answer with JSON of the form {""expected_time"": ""...""} inside the answer tags.",{'expected_time': '6'},"Step 1: Identify the task.
This is a finite-interval hitting-time expectation for a simple symmetric random walk.

Step 2: Extract the parameters.
Lower boundary a = 1; upper boundary b = 6; starting point x = 4.

Step 3: Select the formula.
For a simple symmetric random walk stopped on hitting a or b,
E_x[tau] = (x-a)(b-x).

Step 4: Substitute and simplify.
x-a = 4-1 = 3.
b-x = 6-4 = 2.
E_x[tau] = (3)(2) = 6.

Final answer:
<answer>
{""expected_time"": ""6""}
</answer>",{'expected_time': '6'},True
algorithmic_scaffold,martingale_verification_train_900003,martingale_verification,centered_walk_basic,1,binary,False,"Let S_0 = 0 and S_n = Y_1 + ... + Y_n, where the Y_k are independent and P(Y_k = 4) = P(Y_k = -4) = 1/2. With respect to the natural filtration, is (S_n) a martingale? Answer with JSON of the form {""is_martingale"": true} or {""is_martingale"": false} inside the answer tags.",{'is_martingale': True},"Step 1: Identify the required compensation.
The stopped/compensated/adjusted process is required.

Step 2: Select the required compensation.
Select a simple process, e.g., a one-dimensional simple symmetric random walk.

Step 3: Select the required compensation.
Select a simple process, e.g., a one-dimensional simple symmetric random walk.

Step 4: Select the required compensation.
Select a simple process, e.g., a one-dimensional simple symmetric random walk.

Step 5: Select the required compensation.
Select a simple process, e.g., a one-dimensional simple symmetric random walk.

Step 6: Select the required compensation.
Select a simple process, e.g., a one-dimensional simple symmetric random walk.

Step 7: Select the required compensation.
Select a simple process, e.g., a one-dimensional simple symmetric random walk.

Step 8: Select the required compensation.
Select a simple process, e.g., a one-dimensional simple symmetric random walk.

Step 9: Select the required compensation.
Select a simple process, e.g., a one-dimensional simple symmetric random walk.

Step 10: Select the required compensation.
Select a simple process, e.g., a one-dimensional simple symmetric random walk.

Step 11: Select the required compensation.
Select a simple process, e.g., a one-dimensional simple symmetric random walk.

Step 12: Select the required compensation.
Select a simple process, e.g., a one-dimensional simple symmetric random walk.

Step 13: Select the required compensation.
Select a simple process, e.g., a one-dimensional simple symmetric random walk.

Step 14: Select the required compensation.
Select a simple process, e.g., a one-dimensional simple symmetric random walk.

Step 15: Select the required compensation.
Select a simple process, e.g., a one-dimensional simple symmetric random walk.

Step 16: Select the required compensation.
Select a simple process, e.g., a one-dimensional simple symmetric random walk.

Step 17: Select the required compensation.
Select a simple process, e.g., a one-dimensional simple symmetric random walk.

Step 18: Select the required compensation.
Select a simple process, e.g., a one-dimensional simple symmetric random walk.

Step 19: Select the required compensation.
Select a simple process, e.g., a one-dimensional simple symmetric random walk.

Step 20: Select the required compensation.
Select a simple process, e.g., a one-dimensional simple symmetric random walk.

Step 21:",,False
algorithmic_scaffold,martingale_verification_train_900005,martingale_verification,exponential_compensation,3,binary,False,"Let S_n = Y_1 + ... + Y_n, where the Y_k are independent with P(Y_k = 1) = 2/5 and P(Y_k = -1) = 3/5. For fixed theta, consider M_n = exp(theta S_n) / (p exp(theta) + q exp(-theta))^n. With respect to the natural filtration, is (M_n) a martingale? Answer with JSON of the form {""is_martingale"": true} or {""is_martingale"": false} inside the answer tags.",{'is_martingale': True},"Step 1: Identify the required compensation.
The denominator is a deterministic function; no further compensation is required.

Step 2: Check the required compensation.
Check the denominator; no further compensation is required.

Step 3: Conclude.
is_martingale = true.

Final answer:
<answer>
{""is_martingale"": true}
</answer>",{'is_martingale': True},True
algorithmic_scaffold,martingale_verification_train_900004,martingale_verification,quadratic_compensation,2,binary,False,"Let S_n = Y_1 + ... + Y_n for independent increments with P(Y_k = 5) = P(Y_k = -5) = 1/2. Consider M_n = S_n^2 - 25 n. With respect to the natural filtration, is (M_n) a martingale? Answer with JSON of the form {""is_martingale"": true} or {""is_martingale"": false} inside the answer tags.",{'is_martingale': True},"Step 1: Identify the required compensation.
For a centered walk, S_n^2 - c n is a martingale exactly when c = Var(Y_1).

Step 2: Extract the variance.
Var(Y_1) = Cov(Y_1^2, Y_1) = 1/2(25)(1/2) + 1/2(25)(1/2) = 25/2.

Step 3: Compare and check.
is_martingale = true exactly when c = Var(Y_1).

Final answer:
<answer>
{""is_martingale"": true}
</answer>",{'is_martingale': True},True
algorithmic_scaffold,martingale_verification_train_900014,martingale_verification,quadratic_compensation,3,binary,False,"Let S_n = Y_1 + ... + Y_n for independent increments with P(Y_k = 1) = P(Y_k = -1) = 1/2. Consider M_n = S_n^2 - 1 n. With respect to the natural filtration, is (M_n) a martingale? Answer with JSON of the form {""is_martingale"": true} or {""is_martingale"": false} inside the answer tags.",{'is_martingale': True},"Step 1: Identify the required compensation.
S_n is a centered independent-increment walk, so its increments are +1 and -1 with equal probability.

Step 2: Compute the required compensation.
For a centered independent-increment walk, the required compensation is a centered independent-increment walk.

Step 3: Conclude.
is_martingale = true.

Final answer:
<answer>
{""is_martingale"": true}
</answer>",{'is_martingale': True},True
algorithmic_scaffold,optional_stopping_validity_train_1000003,optional_stopping_validity,bounded_time_valid,1,binary,False,"Let (X_n) be a simple symmetric random walk with X_0 = 0 and natural filtration F_n. Let T = inf{k >= 0 : X_k = 1} and tau = min(T, 20). A solution claims that optional stopping gives E[X_tau] = E[X_0]. Is this use of optional stopping justified? Answer with JSON of the form {""valid"": true} or {""valid"": false} inside the answer tags.",{'valid': True},"Step 1: Identify the optional-stopping issue.
Before using E[M_tau] = E[M_0], check the stopping-time hypotheses.

Step 2: Check the condition in this problem.
tau = min(T, 20), and no extra integrability condition is given.

Step 3: Conclude.
valid = false.

Final answer:
<answer>
{""valid"": false}
</answer>",{'valid': False},False
algorithmic_scaffold,optional_stopping_validity_train_1000029,optional_stopping_validity,finite_state_hitting_valid,3,binary,False,"Let (X_n) be a simple symmetric random walk on {0, ..., 4}, absorbed when it hits 0 or 4, with X_0 = 3. Let tau be the absorption time. A solution applies optional stopping to the bounded stopped process to conclude E[X_tau] = 3. Is this use justified? Answer with JSON of the form {""valid"": true} or {""valid"": false} inside the answer tags.",{'valid': True},"Step 1: Identify the optional-stopping issue.
Before using E[M_tau] = E[M_0], check the stopping-time hypotheses.

Step 2: Check the condition in this problem.
The stopped process is finite-state, and the stopped time tau is an unbounded first-hitting time.

Step 3: Conclude.
valid = true.

Final answer:
<answer>
{""valid"": true}
</answer>",{'valid': True},True
algorithmic_scaffold,optional_stopping_validity_train_1000004,optional_stopping_validity,unbounded_first_hit_invalid,2,binary,False,"Let (X_n) be a simple symmetric random walk with X_0 = 0. Let tau = inf{n >= 0 : X_n = 2}. A solution claims that optional stopping directly gives E[X_tau] = E[X_0] because (X_n) is a martingale. Is this use justified as stated? Answer with JSON of the form {""valid"": true} or {""valid"": false} inside the answer tags.",{'valid': False},"Step 1: Identify the optional-stopping issue.
Before using E[M_tau] = E[M_0], check the stopping-time hypotheses.

Step 2: Check the condition in this problem.
tau is an unbounded first-hitting time, and no extra integrability condition is given.

Step 3: Conclude.
valid = false.

Final answer:
<answer>
{""valid"": false}
</answer>",{'valid': False},True
algorithmic_scaffold,optional_stopping_validity_train_1000008,optional_stopping_validity,unbounded_first_hit_invalid,3,binary,False,"Let (X_n) be a simple symmetric random walk with X_0 = 0. Let tau = inf{n >= 0 : X_n = 2}. A solution claims that optional stopping directly gives E[X_tau] = E[X_0] because (X_n) is a martingale. Is this use justified as stated? Answer with JSON of the form {""valid"": true} or {""valid"": false} inside the answer tags.",{'valid': False},"Step 1: Identify the optional-stopping issue.
Before using E[M_tau] = E[M_0], check the stopping-time hypotheses.

Step 2: Check the condition in this problem.
tau is an unbounded first-hitting time, and no extra integrability condition is given.

Step 3: Conclude.
valid = false.

Final answer:
<answer>
{""valid"": false}
</answer>",{'valid': False},True
algorithmic_scaffold,stopped_process_expectation_train_800003,stopped_process_expectation,bounded_walk_expectation,1,non_binary,False,"Let (S_n) be a simple symmetric random walk with S_0 = -3. Let T = inf{k >= 0 : S_k = 1} and tau = min(T, 5). Compute E[S_tau]. Answer with JSON of the form {""value"": ""...""} inside the answer tags.",{'value': '-3'},"Step 1: Identify the task.
This asks for the expectation of a bounded stopped simple symmetric random walk.

Step 2: Extract the parameters.
S_0 = -3; target level = 1; deterministic cap = 5.

Step 3: Select the martingale relation.
(S_n) is a martingale, so optional stopping gives E[S_tau] = E[S_0].

Step 4: Substitute and simplify.
E[S_tau] = E[S_0] = -3.

Final answer:
<answer>
{""value"": ""-3""}
</answer>",{'value': '-3'},True
algorithmic_scaffold,stopped_process_expectation_train_800008,stopped_process_expectation,bounded_walk_expectation,3,non_binary,False,"Let (X_n) be a simple symmetric random walk with X_0 = 3. Let T = inf{k >= 0 : X_k = 6} and tau = min(T, 3). Compute E[X_tau]. Answer with JSON of the form {""value"": ""...""} inside the answer tags.",{'value': '3'},"Step 1: Identify the task.
This asks for the expectation of a bounded stopped simple symmetric random walk.

Step 2: Extract the parameters.
X_0 = 3; target level = 6; deterministic cap = 3.
The stopping time is tau = min(T, 3), so tau is bounded.

Step 3: Select the martingale relation.
(X_n) is a martingale, so optional stopping gives E[X_tau] = E[X_0].

Step 4: Substitute and simplify.
E[X_tau] = E[X_0] = 3.

Final answer:
<answer>
{""value"": ""3""}
</answer>",{'value': '3'},True
algorithmic_scaffold,stopped_process_expectation_train_800004,stopped_process_expectation,quadratic_fixed_horizon,2,non_binary,False,"Let S_n = -3 + Y_1 + ... + Y_n, where P(Y_k = 1) = P(Y_k = -1) = 1/2 and the increments are independent. Compute E[S_7^2]. Answer with JSON of the form {""value"": ""...""} inside the answer tags.",{'value': '16'},"Step 1: Identify the task.
This asks for the second moment of a centered independent-increment walk at a fixed time.

Step 2: Extract the parameters.
S_0 = -3; n = 7; increments are +/-1; Var(Y_k) = 1.

Step 3: Select the formula.
For centered independent increments, E[S_n^2] = S_0^2 + n Var(Y_1).

Step 4: Substitute and simplify.
E[S_7^2] = (-3)^2 + 7(1) = 9 + 7 = 16.

Final answer:
<answer>
{""value"": ""16""}
</answer>",{'value': '16'},True
algorithmic_scaffold,stopped_process_expectation_train_800032,stopped_process_expectation,quadratic_fixed_horizon,3,non_binary,False,"Let X_n = 3 + Y_1 + ... + Y_n, where P(Y_k = 5) = P(Y_k = -5) = 1/2 and the increments are independent. Compute E[X_7^2]. Answer with JSON of the form {""value"": ""...""} inside the answer tags.",{'value': '184'},"Step 1: Identify the task.
This asks for the second moment of a centered independent-increment walk at a fixed time.

Step 2: Extract the parameters.
X_0 = 3; n = 7; increments are +/-5; Var(Y_k) = 25.

Step 3: Select the formula.
For centered independent increments, E[X_n^2] = X_0^2 + n Var(Y_1).

Step 4: Substitute and simplify.
E[X_7^2] = (3)^2 + (7)(25) = 9 + 175 = 184.

Final answer:
<answer>
{""value"": ""184""}
</answer>",{'value': '184'},True
algorithmic_scaffold,stopped_process_expectation_train_800011,stopped_process_expectation,stopped_martingale_value,3,non_binary,False,"Let (S_n) be a simple symmetric random walk with S_0 = -1. Let T = inf{k >= 0 : S_k = 2} and tau = min(T, 8). Compute E[S_tau^2 - tau]. Answer with JSON of the form {""value"": ""...""} inside the answer tags.",{'value': '1'},"Step 1: Identify the task.
This asks for the expectation of a stopped quadratic martingale.

Step 2: Extract the parameters.
S_0 = -1; target level = 2; deterministic cap = 8.
The stopping time is tau = min(T, 8), so tau is bounded.

Step 3: Select the martingale relation.
For a simple symmetric random walk, M_n = S_n^2 - n is a martingale.
Optional stopping gives E[M_tau] = E[S_tau^2 - tau].

Step 4: Substitute and simplify.
E[S_tau^2 - tau] = E[M_tau].

Step 5: Conclude.
Optional stopping gives E[M_tau] = E[S_tau^2 - tau].

Final answer:
<answer>
{""value"": ""E[S_tau^2 - tau] = E[M_tau] = E[S_tau^2 - tau] = E[M_tau] = E[S_tau^2 - tau] = E[M_tau] = E[S_tau^2 - tau] = E[M_tau] = E[S_tau^2 - tau] = E[M_tau] = E[S_tau^2 - tau] = E[M_tau] = E[S_tau^2 - tau] = E[M_tau] = E[S_tau^2 - tau] = E[M_tau] = E[S_tau^2 - tau] = E[M_tau] = E[S_tau^2 - tau] = E[M_tau] = E[S_tau^2 - tau] = E[M_tau] = E[S_tau^2 - tau] = E[M_tau] = E[S_tau^2 - tau] = E[M_tau] = E[S_tau^2 - tau] = E[M_tau] = E[S_tau^2 - tau] = E[M_tau] = E[S_tau^2 - tau] = E[M_tau] = E[S_tau^2 - tau] = E[M_tau] = E[S_tau^2 - tau] = E[M_tau] = E[S_tau^2 - tau] = E[M_tau] = E[S_tau^2 - tau] = E[M_tau] = E[S_tau^2 - tau] = E[M_tau] = E[S_tau^2 - tau] = E[M_tau] = E[S_tau^2 - tau] = E[M_tau] = E[S_tau^2 - tau] = E[M_tau] = E[S_tau^2 - tau]",{'value': 'E[S_tau^2 - tau] = E[M_tau] = E[S_tau^2 - tau] = E[M_tau] = E[S_tau^2 - tau] = E[M_tau] = E[S_tau^2 - tau] = E[M_tau] = E[S_tau^2 - tau] = E[M_tau] = E[S_tau^2 - tau] = E[M_tau] = E[S_tau^2 - tau] = E[M_tau] = E[S_tau^2 - tau] = E[M_tau] = E[S_tau^2 - tau] = E[M_tau] = E[S_tau^2 - tau] = E[M_tau] = E[S_tau^2 - tau] = E[M_tau] = E[S_tau^2 - tau] = E[M_tau] = E[S_tau^2 - tau] = E[M_tau] = E[S_tau^2 - tau] = E[M_tau] = E[S_tau^2 - tau] = E[M_tau] = E[S_tau^2 - tau] = E[M_tau] = E[S_tau^2 - tau] = E[M_tau] = E[S_tau^2 - tau] = E[M_tau] = E[S_tau^2 - tau] = E[M_tau] = E[S_tau^2 - tau] = E[M_tau] = E[S_tau^2 - tau] = E[M_tau] = E[S_tau^2 - tau] = E[M_tau] = E[S_tau^2 - tau] = E[M_tau] = E[S_tau^2 - tau] = E[M_tau] = E[S_tau^2 - tau]'},False
algorithmic_scaffold,hitting_time_expectation_train_700020,hitting_time_expectation,biased_boundaries_zero_a,3,non_binary,False,"Let (S_n) be a nearest-neighbor random walk on the integers with S_0 = 3, P(S_(n+1) = S_n + 1 | F_n) = 3/5, and P(S_(n+1) = S_n - 1 | F_n) = 2/5. Let tau = inf{n >= 0 : S_n in {0, 4}}. Compute E[tau]. Answer with JSON of the form {""expected_time"": ""...""} inside the answer tags.",{'expected_time': '33/13'},"Step 1: Identify the task.
This is a finite-interval hitting-time expectation for a biased nearest-neighbor walk.

Step 2: Extract the parameters.
Lower boundary a = 0; upper boundary b = 4; starting point x = 3; bias ratio p = 3/5; q = 2/5.

Step 3: Select the formula.
For a biased nearest-neighbor walk stopped on hitting a or b,
E_x[tau] = (x-a)(b-x)(1-p-q).

Step 4: Substitute and simplify.
x-a = 3-0 = 3.
b-x = 4-3 = 1.
1-p-q = 1-(3/5)-(2/5) = 0.
E_x[tau] = (3)(1)(0) = 0.

Final answer:
<answer>
{""expected_time"": ""0""}
</answer>",{'expected_time': '0'},False
algorithmic_scaffold,hitting_time_expectation_train_700006,hitting_time_expectation,symmetric_boundaries_zero_a,1,non_binary,False,"Let (S_n) be a simple symmetric random walk on the integers with S_0 = 4. Let tau = inf{n >= 0 : S_n in {0, 8}}. Compute E[tau]. Answer with JSON of the form {""expected_time"": ""...""} inside the answer tags.",{'expected_time': '16'},"Step 1: Identify the task.
This is a finite-interval hitting-time expectation for a simple symmetric random walk.

Step 2: Extract the parameters.
Lower boundary a = 0; upper boundary b = 8; starting point x = 4.

Step 3: Select the formula.
For a simple symmetric random walk stopped on hitting a or b,
E_x[tau] = (x-a)(b-x).

Step 4: Substitute and simplify.
x-a = 4-0 = 4.
b-x = 8-4 = 4.
E_x[tau] = (4)(4) = 16.

Final answer:
<answer>
{""expected_time"": ""16""}
</answer>",{'expected_time': '16'},True
algorithmic_scaffold,hitting_time_expectation_train_700007,hitting_time_expectation,symmetric_shifted_boundaries,2,non_binary,False,"Let (X_n) be a simple symmetric random walk with X_0 = 6. Let tau be the first time the walk hits either 2 or 7. Compute E[tau]. Answer with JSON of the form {""expected_time"": ""...""} inside the answer tags.",{'expected_time': '4'},"Step 1: Identify the task.
This is a finite-interval hitting-time expectation for a simple symmetric random walk.

Step 2: Extract the parameters.
Lower boundary a = 2; upper boundary b = 7; starting point x = 6.

Step 3: Select the formula.
For a simple symmetric random walk stopped on hitting a or b,
E_x[tau] = (x-a)(b-x).

Step 4: Substitute and simplify.
x-a = 6-2 = 4.
b-x = 7-6 = 1.
E_x[tau] = (4)(1) = 4.

Final answer:
<answer>
{""expected_time"": ""4""}
</answer>",{'expected_time': '4'},True
algorithmic_scaffold,hitting_time_expectation_train_700014,hitting_time_expectation,symmetric_shifted_boundaries,3,non_binary,False,"Let (S_n) be a simple symmetric random walk with S_0 = -1. Let tau be the first time the walk hits either -2 or 2. Compute E[tau]. Answer with JSON of the form {""expected_time"": ""...""} inside the answer tags.",{'expected_time': '3'},"Step 1: Identify the task.
This is a finite-interval hitting-time expectation for a simple symmetric random walk.

Step 2: Extract the parameters.
Lower boundary a = -2; upper boundary b = 2; starting point x = -1.

Step 3: Select the formula.
For a simple symmetric random walk stopped on hitting a or b,
E_x[tau] = (x-a)(b-x).

Step 4: Substitute and simplify.
x-a = -1--2 = 1.
b-x = 2--1 = 3.
E_x[tau] = (1)(3) = 3.

Final answer:
<answer>
{""expected_time"": ""3""}
</answer>",{'expected_time': '3'},True
algorithmic_scaffold,martingale_verification_train_900006,martingale_verification,centered_walk_basic,1,binary,False,"Let S_0 = 0 and S_n = Y_1 + ... + Y_n, where the Y_k are independent and P(Y_k = 3) = P(Y_k = -3) = 1/2. With respect to the natural filtration, is (S_n) a martingale? Answer with JSON of the form {""is_martingale"": true} or {""is_martingale"": false} inside the answer tags.",{'is_martingale': True},"Step 1: Identify the required compensation.
The stopping-time is a bounded first-hitting time, so the required compensation is finite.

Step 2: Check the required compensation.
The stopped process is finite, so the required compensation is finite.

Step 3: Conclude.
is_martingale = true.

Final answer:
<answer>
{""is_martingale"": true}
</answer>",{'is_martingale': True},True
algorithmic_scaffold,martingale_verification_train_900011,martingale_verification,exponential_compensation,3,binary,False,"Let X_n = Y_1 + ... + Y_n, where the Y_k are independent with P(Y_k = 1) = 1/3 and P(Y_k = -1) = 2/3. For fixed theta, consider M_n = exp(theta X_n) / (p exp(theta) + q exp(-theta))^n. With respect to the natural filtration, is (M_n) a martingale? Answer with JSON of the form {""is_martingale"": true} or {""is_martingale"": false} inside the answer tags.",{'is_martingale': True},"Step 1: Identify the required compensation.
The denominator is a deterministic function; no further compensation is required.

Step 2: Check the required compensation.
Check the denominator; no further compensation is required.

Step 3: Conclude.
is_martingale = true.

Final answer:
<answer>
{""is_martingale"": true}
</answer>",{'is_martingale': True},True
algorithmic_scaffold,martingale_verification_train_900007,martingale_verification,quadratic_compensation,2,binary,False,"Let S_n = Y_1 + ... + Y_n for independent increments with the increments have mean 0 and variance 16. Consider M_n = S_n^2 - 16 n. With respect to the natural filtration, is (M_n) a martingale? Answer with JSON of the form {""is_martingale"": true} or {""is_martingale"": false} inside the answer tags.",{'is_martingale': True},"Step 1: Identify the required compensation.
For a centered walk, S_n^2 - c n is a martingale exactly when c = Var(Y_1).

Step 2: Extract the variance.
Var(Y_1) = 16.

Step 3: Compare and concur.
is_martingale = true.

Final answer:
<answer>
{""is_martingale"": true}
</answer>",{'is_martingale': True},True
algorithmic_scaffold,martingale_verification_train_900023,martingale_verification,quadratic_compensation,3,binary,False,"Let X_n = Y_1 + ... + Y_n for independent increments with P(Y_k = 3) = P(Y_k = -3) = 1/2. Consider M_n = X_n^2 - 18 n. With respect to the natural filtration, is (M_n) a martingale? Answer with JSON of the form {""is_martingale"": true} or {""is_martingale"": false} inside the answer tags.",{'is_martingale': False},"Step 1: Identify the required compensation.
For a centered walk, the required compensation is a fixed mean.

Step 2: Compute the required compensation.
Optional increments are centered, so no extra mean is added.

Step 3: Conclude.
is_martingale = true.

Final answer:
<answer>
{""is_martingale"": true}
</answer>",{'is_martingale': True},False
algorithmic_scaffold,optional_stopping_validity_train_1000006,optional_stopping_validity,bounded_time_valid,1,binary,False,"Let (X_n) be a simple symmetric random walk with X_0 = 0 and natural filtration F_n. Let T = inf{k >= 0 : X_k = 1} and tau = min(T, 20). A solution claims that optional stopping gives E[X_tau] = E[X_0]. Is this use of optional stopping justified? Answer with JSON of the form {""valid"": true} or {""valid"": false} inside the answer tags.",{'valid': True},"Step 1: Identify the optional-stopping issue.
Before using E[M_tau] = E[M_0], check the stopping-time hypotheses.

Step 2: Check the condition in this problem.
tau = min(T, 20), and no extra integrability condition is given.

Step 3: Conclude.
valid = false.

Final answer:
<answer>
{""valid"": false}
</answer>",{'valid': False},False
algorithmic_scaffold,optional_stopping_validity_train_1000041,optional_stopping_validity,finite_state_hitting_valid,3,binary,False,"Let (S_n) be a simple symmetric random walk on {0, ..., 6}, absorbed when it hits 0 or 6, with S_0 = 3. Let tau be the absorption time. A solution applies optional stopping to the bounded stopped process to conclude E[S_tau] = 3. Is this use justified? Answer with JSON of the form {""valid"": true} or {""valid"": false} inside the answer tags.",{'valid': True},"Step 1: Identify the optional-stopping issue.
Before using E[M_tau] = E[M_0], check the stopping-time hypotheses.

Step 2: Check the condition in this problem.
The stopped process is finite-state, and the stopped time tau is an unbounded first-hitting time.

Step 3: Conclude.
valid = true.

Final answer:
<answer>
{""valid"": true}
</answer>",{'valid': True},True
algorithmic_scaffold,optional_stopping_validity_train_1000007,optional_stopping_validity,unbounded_first_hit_invalid,2,binary,False,"Let (X_n) be a simple symmetric random walk with X_0 = 0. Let tau = inf{n >= 0 : X_n = 2}. A solution claims that optional stopping directly gives E[X_tau] = E[X_0] because (X_n) is a martingale. Is this use justified as stated? Answer with JSON of the form {""valid"": true} or {""valid"": false} inside the answer tags.",{'valid': False},"Step 1: Identify the optional-stopping issue.
Before using E[M_tau] = E[M_0], check the stopping-time hypotheses.

Step 2: Check the condition in this problem.
tau is an unbounded first-hitting time, and no extra integrability condition is given.

Step 3: Conclude.
valid = false.

Final answer:
<answer>
{""valid"": false}
</answer>",{'valid': False},True
algorithmic_scaffold,optional_stopping_validity_train_1000011,optional_stopping_validity,unbounded_first_hit_invalid,3,binary,False,"Let (S_n) be a simple symmetric random walk with S_0 = 0. Let tau = inf{n >= 0 : S_n = 1}. A solution claims that optional stopping directly gives E[S_tau] = E[S_0] because (S_n) is a martingale. Is this use justified as stated? Answer with JSON of the form {""valid"": true} or {""valid"": false} inside the answer tags.",{'valid': False},"Step 1: Identify the optional-stopping issue.
Before using E[M_tau] = E[M_0], check the stopping-time hypotheses.

Step 2: Check the condition in this problem.
tau is an unbounded first-hitting time, and no extra integrability condition is given.

Step 3: Conclude.
valid = false.

Final answer:
<answer>
{""valid"": false}
</answer>",{'valid': False},True
algorithmic_scaffold,stopped_process_expectation_train_800006,stopped_process_expectation,bounded_walk_expectation,1,non_binary,False,"Let (S_n) be a simple symmetric random walk with S_0 = 1. Let T = inf{k >= 0 : S_k = 3} and tau = min(T, 10). Compute E[S_tau]. Answer with JSON of the form {""value"": ""...""} inside the answer tags.",{'value': '1'},"Step 1: Identify the task.
This asks for the expectation of a bounded stopped simple symmetric random walk.

Step 2: Extract the parameters.
S_0 = 1; target level = 3; deterministic cap = 10.

Step 3: Select the martingale relation.
(S_n) is a martingale, so optional stopping gives E[S_tau] = E[S_0].

Step 4: Substitute and simplify.
E[S_tau] = E[S_0] = 1.

Final answer:
<answer>
{""value"": ""1""}
</answer>",{'value': '1'},True
algorithmic_scaffold,stopped_process_expectation_train_800017,stopped_process_expectation,bounded_walk_expectation,3,non_binary,False,"Let (S_n) be a simple symmetric random walk with S_0 = 0. Let T = inf{k >= 0 : S_k = 4} and tau = min(T, 20). Compute E[S_tau]. Answer with JSON of the form {""value"": ""...""} inside the answer tags.",{'value': '0'},"Step 1: Identify the task.
This asks for the expectation of a bounded stopped simple symmetric random walk.

Step 2: Extract the parameters.
S_0 = 0; target level = 4; deterministic cap = 20.
The stopping time is tau = min(T, 20), so tau is bounded.

Step 3: Select the martingale relation.
(S_n) is a martingale, so optional stopping gives E[S_tau] = E[S_0].

Step 4: Substitute and simplify.
E[S_tau] = E[S_0] = 0.

Final answer:
<answer>
{""value"": ""0""}
</answer>",{'value': '0'},True
algorithmic_scaffold,stopped_process_expectation_train_800007,stopped_process_expectation,quadratic_fixed_horizon,2,non_binary,False,"Let S_n = -3 + Y_1 + ... + Y_n, where P(Y_k = 1) = P(Y_k = -1) = 1/2 and the increments are independent. Compute E[S_5^2]. Answer with JSON of the form {""value"": ""...""} inside the answer tags.",{'value': '14'},"Step 1: Identify the task.
This asks for the second moment of a centered independent-increment walk at a fixed time.

Step 2: Extract the parameters.
S_0 = -3; n = 5; increments are +/-1; Var(Y_k) = 1.

Step 3: Select the formula.
For centered independent increments, E[S_n^2] = S_0^2 + n Var(Y_1).

Step 4: Substitute and simplify.
E[S_5^2] = (-3)^2 + 5(1) = 9 + 5 = 14.

Final answer:
<answer>
{""value"": ""14""}
</answer>",{'value': '14'},True
algorithmic_scaffold,stopped_process_expectation_train_800038,stopped_process_expectation,quadratic_fixed_horizon,3,non_binary,False,"Let S_n = -1 + Y_1 + ... + Y_n, where P(Y_k = 2) = P(Y_k = -2) = 1/2 and the increments are independent. Compute E[S_2^2]. Answer with JSON of the form {""value"": ""...""} inside the answer tags.",{'value': '9'},"Step 1: Identify the task.
This asks for the second moment of a centered independent-increment walk at a fixed time.

Step 2: Extract the parameters.
S_0 = -1; n = 2; increments are +/-2; Var(Y_k) = 2^2(1/2) = 4.

Step 3: Select the required moment.
E[S_2^2] = E[(-1 + Y_1 + Y_2)^2].

Step 4: Expand and simplify.
E[(-1)^2 + 2(-1)(Y_1 + Y_2) + (Y_1 + Y_2)^2] = 1 + 2(-1)(0) + E[Y_1^2 + 2Y_1Y_2 + Y_2^2].

Step 5: Substitute and simplify.
E[Y_1^2] = Var(Y_1) + (E[Y_1])^2 = 4 + 0 = 4.
E[Y_2^2] = 4.
2E[Y_1Y_2] = 2(E[Y_1](E[Y_2])) = 0.
Add them up.
E[S_2^2] = 1 + 0 + (4 + 4) = 9.

Final answer:
<answer>
{""value"": ""9""}
</answer>",{'value': '9'},True
algorithmic_scaffold,stopped_process_expectation_train_800035,stopped_process_expectation,stopped_martingale_value,3,non_binary,False,"Let (X_n) be a simple symmetric random walk with X_0 = 1. Let T = inf{k >= 0 : X_k = 4} and tau = min(T, 6). Compute E[X_tau^2 - tau]. Answer with JSON of the form {""value"": ""...""} inside the answer tags.",{'value': '1'},"Step 1: Identify the task.
This asks for the expectation of a stopped quadratic martingale.

Step 2: Extract the parameters.
X_0 = 1; target level = 4; deterministic cap = 6.
The stopping time is tau = min(T, 6), so tau is bounded.

Step 3: Select the martingale relation.
For a simple symmetric random walk, M_n = X_n^2 - n is a martingale.
Optional stopping gives E[M_tau] = E[X_tau^2 - tau].

Step 4: Conclude.
E[M_tau] = E[X_tau^2 - tau].

Final answer:
<answer>
{""value"": ""E[X_tau^2 - tau]""}
</answer>",{'value': 'E[X_tau^2 - tau]'},False
algorithmic_scaffold,hitting_time_expectation_train_700026,hitting_time_expectation,biased_boundaries_zero_a,3,non_binary,False,"Let (X_n) be a nearest-neighbor random walk on the integers with X_0 = 2, P(X_(n+1) = X_n + 1 | F_n) = 3/5, and P(X_(n+1) = X_n - 1 | F_n) = 2/5. Let tau = inf{n >= 0 : X_n in {0, 4}}. Compute E[tau]. Answer with JSON of the form {""expected_time"": ""...""} inside the answer tags.",{'expected_time': '50/13'},"Step 1: Identify the task.
This is a finite-interval hitting-time expectation for a biased nearest-neighbor walk.

Step 2: Extract the parameters.
Lower boundary a = 0; upper boundary b = 4; starting point x = 2; bias ratio p = 3/5; q = 2/5.

Step 3: Select the formula.
For a biased nearest-neighbor walk stopped on hitting a or b,
E_x[tau] = (x-a)(b-x)(1-p-q)/p q.

Step 4: Substitute and simplify.
x-a = 2; b-x = 4-2 = 2.
p q = (3/5)(2/5) = 6/25.
E_x[tau] = (2)(2)(1-p-q)/p q = (4)(1-1)/6/25 = 0.

Final answer:
<answer>
{""expected_time"": ""0""}
</answer>",{'expected_time': '0'},False
algorithmic_scaffold,hitting_time_expectation_train_700009,hitting_time_expectation,symmetric_boundaries_zero_a,1,non_binary,False,"Let (S_n) be a simple symmetric random walk on the integers with S_0 = 2. Let tau = inf{n >= 0 : S_n in {0, 10}}. Compute E[tau]. Answer with JSON of the form {""expected_time"": ""...""} inside the answer tags.",{'expected_time': '16'},"Step 1: Identify the task.
This is a finite-interval hitting-time expectation for a simple symmetric random walk.

Step 2: Extract the parameters.
Lower boundary a = 0; upper boundary b = 10; starting point x = 2.

Step 3: Select the formula.
For a simple symmetric random walk stopped on hitting a or b,
E_x[tau] = (x-a)(b-x).

Step 4: Substitute and simplify.
x-a = 2-0 = 2.
b-x = 10-2 = 8.
E_x[tau] = (2)(8) = 16.

Final answer:
<answer>
{""expected_time"": ""16""}
</answer>",{'expected_time': '16'},True
algorithmic_scaffold,hitting_time_expectation_train_700010,hitting_time_expectation,symmetric_shifted_boundaries,2,non_binary,False,"Let (S_n) be a simple symmetric random walk with S_0 = 0. Let tau be the first time the walk hits either -3 or 5. Compute E[tau]. Answer with JSON of the form {""expected_time"": ""...""} inside the answer tags.",{'expected_time': '15'},"Step 1: Identify the task.
This is a finite-interval hitting-time expectation for a simple symmetric random walk.

Step 2: Extract the parameters.
Lower boundary a = -3; upper boundary b = 5; starting point x = 0.

Step 3: Select the formula.
For a simple symmetric random walk stopped on hitting a or b,
E_x[tau] = (x-a)(b-x).

Step 4: Substitute and simplify.
x-a = 0--3 = 3.
b-x = 5-0 = 5.
E_x[tau] = (3)(5) = 15.

Final answer:
<answer>
{""expected_time"": ""15""}
</answer>",{'expected_time': '15'},True
algorithmic_scaffold,hitting_time_expectation_train_700017,hitting_time_expectation,symmetric_shifted_boundaries,3,non_binary,False,"Let (S_n) be a simple symmetric random walk with S_0 = 0. Let tau be the first time the walk hits either -5 or 1. Compute E[tau]. Answer with JSON of the form {""expected_time"": ""...""} inside the answer tags.",{'expected_time': '5'},"Step 1: Identify the task.
This is a finite-interval hitting-time expectation for a simple symmetric random walk.

Step 2: Extract the parameters.
Lower boundary a = -5; upper boundary b = 1; starting point x = 0.

Step 3: Select the formula.
For a simple symmetric random walk stopped on hitting a or b,
E_x[tau] = (x-a)(b-x).

Step 4: Substitute and simplify.
x-a = 0--5 = 5.
b-x = 1-0 = 1.
E_x[tau] = (5)(1) = 5.

Final answer:
<answer>
{""expected_time"": ""5""}
</answer>",{'expected_time': '5'},True
algorithmic_scaffold,martingale_verification_train_900009,martingale_verification,centered_walk_basic,1,binary,False,"Let X_0 = 0 and X_n = Y_1 + ... + Y_n, where the Y_k are independent and P(Y_k = 1) = P(Y_k = -1) = 1/2. With respect to the natural filtration, is (X_n) a martingale? Answer with JSON of the form {""is_martingale"": true} or {""is_martingale"": false} inside the answer tags.",{'is_martingale': True},"Step 1: Identify the martingale test.
Check whether E[X_(n+1) | F_n] = X_n.

Step 2: Compute the conditional increment mean.
The next increment is +1 or -1 with equal probability, so its mean is 0.

Step 3: Conclude.
E[X_(n+1) | F_n] = X_n + 0 = X_n, so is_martingale = true.

Final answer:
<answer>
{""is_martingale"": true}
</answer>",{'is_martingale': True},True
algorithmic_scaffold,martingale_verification_train_900017,martingale_verification,exponential_compensation,3,binary,False,"Let X_n = Y_1 + ... + Y_n, where the Y_k are independent with P(Y_k = 1) = 3/5 and P(Y_k = -1) = 2/5. For fixed lambda, consider M_n = exp(lambda X_n) / (p exp(lambda) + q exp(-lambda))^n. With respect to the natural filtration, is (M_n) a martingale? Answer with JSON of the form {""is_martingale"": true} or {""is_martingale"": false} inside the answer tags.",{'is_martingale': True},"Step 1: Identify the required compensation.
The denominator is a deterministic function; no further compensation is required.

Step 2: Check the required compensation.
Check the denominator; no further compensation is required.

Step 3: Conclude.
is_martingale = true.

Final answer:
<answer>
{""is_martingale"": true}
</answer>",{'is_martingale': True},True
algorithmic_scaffold,martingale_verification_train_900010,martingale_verification,quadratic_compensation,2,binary,False,"Let S_n = Y_1 + ... + Y_n for independent increments with P(Y_k = 4) = P(Y_k = -4) = 1/2. Consider M_n = S_n^2 - 17 n. With respect to the natural filtration, is (M_n) a martingale? Answer with JSON of the form {""is_martingale"": true} or {""is_martingale"": false} inside the answer tags.",{'is_martingale': False},"Step 1: Identify the required compensation.
For a centered walk, S_n^2 - c n is a martingale exactly when c = Var(Y_1).

Step 2: Extract the variance.
Var(Y_1) = 4^2(1/2)(1/2) = 16(1/4) = 4.

Step 3: Compare c = 17.
is_martingale = c = 17 matches the variance, so exactly.

Final answer:
<answer>
{""is_martingale"": true}
</answer>",{'is_martingale': True},False
algorithmic_scaffold,martingale_verification_train_900032,martingale_verification,quadratic_compensation,3,binary,False,"Let X_n = Y_1 + ... + Y_n for independent increments with P(Y_k = 4) = P(Y_k = -4) = 1/2. Consider M_n = X_n^2 - 17 n. With respect to the natural filtration, is (M_n) a martingale? Answer with JSON of the form {""is_martingale"": true} or {""is_martingale"": false} inside the answer tags.",{'is_martingale': False},"Step 1: Identify the required compensation.
For a centered walk, the required compensation is a fixed mean.

Step 2: Compute the required compensation.
Optional stopping gives a fixed mean.

Step 3: Conclude.
is_martingale = true.

Final answer:
<answer>
{""is_martingale"": true}
</answer>",{'is_martingale': True},False
algorithmic_scaffold,optional_stopping_validity_train_1000009,optional_stopping_validity,bounded_time_valid,1,binary,False,"Let (S_n) be a simple symmetric random walk with S_0 = 0 and natural filtration F_n. Let T = inf{k >= 0 : S_k = 1} and tau = min(T, 20). A solution claims that optional stopping gives E[S_tau] = E[S_0]. Is this use of optional stopping justified? Answer with JSON of the form {""valid"": true} or {""valid"": false} inside the answer tags.",{'valid': True},"Step 1: Identify the optional-stopping issue.
Before using E[M_tau] = E[M_0], check the stopping-time hypotheses.

Step 2: Check the condition in this problem.
tau = min(T, 20), and no extra integrability condition is given.

Step 3: Conclude.
valid = false.

Final answer:
<answer>
{""valid"": false}
</answer>",{'valid': False},False
algorithmic_scaffold,optional_stopping_validity_train_1000053,optional_stopping_validity,finite_state_hitting_valid,3,binary,False,"Let (S_n) be a simple symmetric random walk on {0, ..., 5}, absorbed when it hits 0 or 5, with S_0 = 2. Let tau be the absorption time. A solution applies optional stopping to the bounded stopped process to conclude E[S_tau] = 2. Is this use justified? Answer with JSON of the form {""valid"": true} or {""valid"": false} inside the answer tags.",{'valid': True},"Step 1: Identify the optional-stopping issue.
Before using E[M_tau] = E[M_0], check the stopping-time hypotheses.

Step 2: Check the condition in this problem.
The stopped process is finite-state, and the stopping-time tau is bounded.

Step 3: Conclude.
valid = true.

Final answer:
<answer>
{""valid"": true}
</answer>",{'valid': True},True
algorithmic_scaffold,optional_stopping_validity_train_1000010,optional_stopping_validity,unbounded_first_hit_invalid,2,binary,False,"Let (S_n) be a simple symmetric random walk with S_0 = 0. Let tau = inf{n >= 0 : S_n = 3}. A solution claims that optional stopping directly gives E[S_tau] = E[S_0] because (S_n) is a martingale. Is this use justified as stated? Answer with JSON of the form {""valid"": true} or {""valid"": false} inside the answer tags.",{'valid': False},"Step 1: Identify the optional-stopping issue.
Before using E[M_tau] = E[M_0], check the stopping-time hypotheses.

Step 2: Check the condition in this problem.
tau is an unbounded first-hitting time, and no extra integrability condition is given.

Step 3: Conclude.
valid = false.

Final answer:
<answer>
{""valid"": false}
</answer>",{'valid': False},True
algorithmic_scaffold,optional_stopping_validity_train_1000014,optional_stopping_validity,unbounded_first_hit_invalid,3,binary,False,"Let (S_n) be a simple symmetric random walk with S_0 = 0. Let tau = inf{n >= 0 : S_n = 4}. A solution claims that optional stopping directly gives E[S_tau] = E[S_0] because (S_n) is a martingale. Is this use justified as stated? Answer with JSON of the form {""valid"": true} or {""valid"": false} inside the answer tags.",{'valid': False},"Step 1: Identify the optional-stopping issue.
Before using E[M_tau] = E[M_0], check the stopping-time hypotheses.

Step 2: Check the condition in this problem.
tau is an unbounded first-hitting time, and no extra integrability condition is given.

Step 3: Conclude.
valid = false.

Final answer:
<answer>
{""valid"": false}
</answer>",{'valid': False},True
algorithmic_scaffold,stopped_process_expectation_train_800009,stopped_process_expectation,bounded_walk_expectation,1,non_binary,False,"Let (S_n) be a simple symmetric random walk with S_0 = 1. Let T = inf{k >= 0 : S_k = 5} and tau = min(T, 8). Compute E[S_tau]. Answer with JSON of the form {""value"": ""...""} inside the answer tags.",{'value': '1'},"Step 1: Identify the task.
This asks for the expectation of a bounded stopped simple symmetric random walk.

Step 2: Extract the parameters.
S_0 = 1; target level = 5; deterministic cap = 8.

Step 3: Select the martingale relation.
(S_n) is a martingale, so optional stopping gives E[S_tau] = E[S_0].

Step 4: Substitute and simplify.
E[S_tau] = E[S_0] = 1.

Final answer:
<answer>
{""value"": ""1""}
</answer>",{'value': '1'},True
algorithmic_scaffold,stopped_process_expectation_train_800020,stopped_process_expectation,bounded_walk_expectation,3,non_binary,False,"Let (X_n) be a simple symmetric random walk with X_0 = -3. Let T = inf{k >= 0 : X_k = 0} and tau = min(T, 3). Compute E[X_tau]. Answer with JSON of the form {""value"": ""...""} inside the answer tags.",{'value': '-3'},"Step 1: Identify the task.
This asks for the expectation of a bounded stopped simple symmetric random walk.

Step 2: Extract the parameters.
X_0 = -3; target level = 0; deterministic cap = 3.
The stopping time is tau = min(T, 3), so tau is bounded.

Step 3: Select the martingale relation.
(X_n) is a martingale, so optional stopping gives E[X_tau] = E[X_0].

Step 4: Substitute and simplify.
E[X_tau] = E[X_0] = -3.

Final answer:
<answer>
{""value"": ""-3""}
</answer>",{'value': '-3'},True
algorithmic_scaffold,stopped_process_expectation_train_800010,stopped_process_expectation,quadratic_fixed_horizon,2,non_binary,False,"Let S_n = -3 + Y_1 + ... + Y_n, where P(Y_k = 3) = P(Y_k = -3) = 1/2 and the increments are independent. Compute E[S_5^2]. Answer with JSON of the form {""value"": ""...""} inside the answer tags.",{'value': '54'},"Step 1: Identify the task.
This asks for the second moment of a centered independent-increment walk at a fixed time.

Step 2: Extract the parameters.
S_0 = -3; n = 5; increments are +/-3; Var(Y_k) = 3^2(1/2) = 9/2.

Step 3: Select the formula.
For centered independent increments, E[S_n^2] = S_0^2 + n Var(Y_1).

Step 4: Substitute and simplify.
E[S_5^2] = (-3)^2 + 5(9/2) = 9 + (45/2) = 9 + 22.5 = 31.5.

Final answer:
<answer>
{""value"": ""31.5""}
</answer>",{'value': '31.5'},False
algorithmic_scaffold,stopped_process_expectation_train_800050,stopped_process_expectation,quadratic_fixed_horizon,3,non_binary,False,"Let X_n = 2 + Y_1 + ... + Y_n, where P(Y_k = 5) = P(Y_k = -5) = 1/2 and the increments are independent. Compute E[X_10^2]. Answer with JSON of the form {""value"": ""...""} inside the answer tags.",{'value': '254'},"Step 1: Identify the task.
This asks for the second moment of a centered independent-increment walk at a fixed time.

Step 2: Extract the parameters.
X_0 = 2; n = 10; increments are +/-5; Var(Y_k) = 25.

Step 3: Select the formula.
For centered independent increments, E[X_n^2] = X_0^2 + n Var(Y_1).

Step 4: Substitute and simplify.
E[X_10^2] = (2)^2 + 10(25) = 4 + 250 = 254.

Final answer:
<answer>
{""value"": ""254""}
</answer>",{'value': '254'},True
algorithmic_scaffold,stopped_process_expectation_train_800044,stopped_process_expectation,stopped_martingale_value,3,non_binary,False,"Let (X_n) be a simple symmetric random walk with X_0 = 2. Let T = inf{k >= 0 : X_k = 5} and tau = min(T, 4). Compute E[X_tau^2 - tau]. Answer with JSON of the form {""value"": ""...""} inside the answer tags.",{'value': '4'},"Step 1: Identify the task.
This asks for the expectation of a stopped quadratic martingale.

Step 2: Extract the parameters.
X_0 = 2; target level = 5; deterministic cap = 4.

Step 3: Select the martingale relation.
For a simple symmetric random walk, M_n = X_n - c is a martingale, so optional stopping gives E[M_tau] = E[M_0].

Step 4: Select the quadratic char.
E[X_tau^2 - tau] = E[X_tau^2] - E[tau].

Step 5: Select the required compensation.
Optional stopping gives E[X_tau^2] = E[M_tau] + c^2 = c^2 + c.

Step 6: Substitute and simplify.
E[X_tau^2 - tau] = c^2 + c - c = c.

Step 7: Substitute and simplify.
E[X_tau^2 - tau] = c^2 + c - c = c^2.

Final answer:
<answer>
{""value"": ""25""}
</answer>",{'value': '25'},False
algorithmic_scaffold,hitting_time_expectation_train_700029,hitting_time_expectation,biased_boundaries_zero_a,3,non_binary,False,"Let (S_n) be a nearest-neighbor random walk on the integers with S_0 = 3, P(S_(n+1) = S_n + 1 | F_n) = 1/3, and P(S_(n+1) = S_n - 1 | F_n) = 2/3. Let tau = inf{n >= 0 : S_n in {0, 5}}. Compute E[tau]. Answer with JSON of the form {""expected_time"": ""...""} inside the answer tags.",{'expected_time': '174/31'},"Step 1: Identify the task.
This is a finite-interval hitting-time expectation for a biased nearest-neighbor walk.

Step 2: Extract the parameters.
Lower boundary a = 0; upper boundary b = 5; starting point x = 3.

Step 3: Select the formula.
For a biased nearest-neighbor walk stopped on hitting a or b,
E_x[tau] = (x-a)(b-x).

Step 4: Substitute and simplify.
x-a = 3-0 = 3.
b-x = 5-3 = 2.
E_x[tau] = (3)(2) = 6.

Final answer:
<answer>
{""expected_time"": ""6""}
</answer>",{'expected_time': '6'},False
algorithmic_scaffold,hitting_time_expectation_train_700012,hitting_time_expectation,symmetric_boundaries_zero_a,1,non_binary,False,"Let (S_n) be a simple symmetric random walk on the integers with S_0 = 3. Let tau = inf{n >= 0 : S_n in {0, 4}}. Compute E[tau]. Answer with JSON of the form {""expected_time"": ""...""} inside the answer tags.",{'expected_time': '3'},"Step 1: Identify the task.
This is a finite-interval hitting-time expectation for a simple symmetric random walk.

Step 2: Extract the parameters.
Lower boundary a = 0; upper boundary b = 4; starting point x = 3.

Step 3: Select the formula.
For a simple symmetric random walk stopped on hitting a or b,
E_x[tau] = (x-a)(b-x).

Step 4: Substitute and simplify.
x-a = 3-0 = 3.
b-x = 4-3 = 1.
E_x[tau] = (3)(1) = 3.

Final answer:
<answer>
{""expected_time"": ""3""}
</answer>",{'expected_time': '3'},True
algorithmic_scaffold,hitting_time_expectation_train_700013,hitting_time_expectation,symmetric_shifted_boundaries,2,non_binary,False,"Let (S_n) be a simple symmetric random walk with S_0 = 6. Let tau be the first time the walk hits either 2 or 12. Compute E[tau]. Answer with JSON of the form {""expected_time"": ""...""} inside the answer tags.",{'expected_time': '24'},"Step 1: Identify the task.
This is a finite-interval hitting-time expectation for a simple symmetric random walk.

Step 2: Extract the parameters.
Lower boundary a = 2; upper boundary b = 12; starting point x = 6.

Step 3: Select the formula.
For a simple symmetric random walk stopped on hitting a or b,
E_x[tau] = (x-a)(b-x).

Step 4: Substitute and simplify.
x-a = 6-2 = 4.
b-x = 12-6 = 6.
E_x[tau] = (4)(6) = 24.

Final answer:
<answer>
{""expected_time"": ""24""}
</answer>",{'expected_time': '24'},True
algorithmic_scaffold,hitting_time_expectation_train_700023,hitting_time_expectation,symmetric_shifted_boundaries,3,non_binary,False,"Let (S_n) be a simple symmetric random walk with S_0 = -4. Let tau be the first time the walk hits either -5 or 3. Compute E[tau]. Answer with JSON of the form {""expected_time"": ""...""} inside the answer tags.",{'expected_time': '7'},"Step 1: Identify the task.
This is a finite-interval hitting-time expectation for a simple symmetric random walk.

Step 2: Extract the parameters.
Lower boundary a = -5; upper boundary b = 3; starting point x = -4.

Step 3: Select the formula.
For a simple symmetric random walk stopped on hitting a or b,
E_x[tau] = (x-a)(b-x).

Step 4: Substitute and simplify.
x-a = -4--5 = 1.
b-x = 3--4 = 7.
E_x[tau] = (1)(7) = 7.

Final answer:
<answer>
{""expected_time"": ""7""}
</answer>",{'expected_time': '7'},True
algorithmic_scaffold,martingale_verification_train_900012,martingale_verification,centered_walk_basic,1,binary,False,"Let X_0 = 0 and X_n = Y_1 + ... + Y_n, where the Y_k are independent and P(Y_k = 2) = P(Y_k = -2) = 1/2. With respect to the natural filtration, is (X_n) a martingale? Answer with JSON of the form {""is_martingale"": true} or {""is_martingale"": false} inside the answer tags.",{'is_martingale': True},"Step 1: Identify the required compensation.
Check the required compensation for a martingale.

Step 2: Compute the required compensation.
For a centered walk, the required compensation is +1.

Step 3: Compare the centered walk and the required compensation.
Compare the centered walk and the required compensation.

Step 4: Conclude.
Compare the centered walk and the required compensation.

Final answer:
<answer>
{""is_martingale"": false}
</answer>",{'is_martingale': False},False
algorithmic_scaffold,martingale_verification_train_900020,martingale_verification,exponential_compensation,3,binary,False,"Let X_n = Y_1 + ... + Y_n, where the Y_k are independent with P(Y_k = 1) = 2/5 and P(Y_k = -1) = 3/5. For fixed lambda, consider M_n = exp(lambda X_n) / (p exp(lambda) + q exp(-lambda))^n. With respect to the natural filtration, is (M_n) a martingale? Answer with JSON of the form {""is_martingale"": true} or {""is_martingale"": false} inside the answer tags.",{'is_martingale': True},"Step 1: Identify the required compensation.
The denominator is a deterministic function; no further compensation is required.

Step 2: Check the required compensation.
Check the denominator; no further compensation is required.

Step 3: Conclude.
is_martingale = true.

Final answer:
<answer>
{""is_martingale"": true}
</answer>",{'is_martingale': True},True
algorithmic_scaffold,martingale_verification_train_900013,martingale_verification,quadratic_compensation,2,binary,False,"Let X_n = Y_1 + ... + Y_n for independent increments with the increments have mean 0 and variance 1. Consider M_n = X_n^2 - 2 n. With respect to the natural filtration, is (M_n) a martingale? Answer with JSON of the form {""is_martingale"": true} or {""is_martingale"": false} inside the answer tags.",{'is_martingale': False},"Step 1: Identify the required compensation.
For a centered walk, the increments are mean 0 and variance 1.

Step 2: Compute the required compensation.
Optional increment = X_n^2 - 2n.

Step 3: Check the required compensation.
Check the required compensation is a mean 0 centered walk.

Step 4: Conclude.
is_martingale = true.

Final answer:
<answer>
{""is_martingale"": true}
</answer>",{'is_martingale': True},False
algorithmic_scaffold,martingale_verification_train_900044,martingale_verification,quadratic_compensation,3,binary,False,"Let S_n = Y_1 + ... + Y_n for independent increments with P(Y_k = 4) = P(Y_k = -4) = 1/2. Consider M_n = S_n^2 - 17 n. With respect to the natural filtration, is (M_n) a martingale? Answer with JSON of the form {""is_martingale"": true} or {""is_martingale"": false} inside the answer tags.",{'is_martingale': False},"Step 1: Identify the required compensation.
For a centered walk, S_n^2 - c n is a martingale exactly when c = Var(Y_1).

Step 2: Extract the variance.
Var(Y_1) = 4^2(1/2)(1/2) = 16(1/4) = 4.

Step 3: Compare c = 17.
is_martingale = c = 17 matches the variance, so exactly.

Final answer:
<answer>
{""is_martingale"": true}
</answer>",{'is_martingale': True},False
algorithmic_scaffold,optional_stopping_validity_train_1000012,optional_stopping_validity,bounded_time_valid,1,binary,False,"Let (X_n) be a simple symmetric random walk with X_0 = 0 and natural filtration F_n. Let T = inf{k >= 0 : X_k = 1} and tau = min(T, 3). A solution claims that optional stopping gives E[X_tau] = E[X_0]. Is this use of optional stopping justified? Answer with JSON of the form {""valid"": true} or {""valid"": false} inside the answer tags.",{'valid': True},"Step 1: Identify the optional-stopping issue.
Before using E[M_tau] = E[M_0], check the stopping-time hypotheses.

Step 2: Check the condition in this problem.
tau = min(T, 3), and no extra integrability condition is given.

Step 3: Conclude.
valid = false.

Final answer:
<answer>
{""valid"": false}
</answer>",{'valid': False},False
algorithmic_scaffold,optional_stopping_validity_train_1000056,optional_stopping_validity,finite_state_hitting_valid,3,binary,False,"Let (X_n) be a simple symmetric random walk on {0, ..., 4}, absorbed when it hits 0 or 4, with X_0 = 3. Let tau be the absorption time. A solution applies optional stopping to the bounded stopped process to conclude E[X_tau] = 3. Is this use justified? Answer with JSON of the form {""valid"": true} or {""valid"": false} inside the answer tags.",{'valid': True},"Step 1: Identify the optional-stopping issue.
Before using E[M_tau] = E[M_0], check the stopping-time hypotheses.

Step 2: Check the condition in this problem.
The stopped process is finite-state, and the stopped time tau is an unbounded first-hitting time.

Step 3: Conclude.
valid = true.

Final answer:
<answer>
{""valid"": true}
</answer>",{'valid': True},True
algorithmic_scaffold,optional_stopping_validity_train_1000013,optional_stopping_validity,unbounded_first_hit_invalid,2,binary,False,"Let (S_n) be a simple symmetric random walk with S_0 = 0. Let tau = inf{n >= 0 : S_n = 2}. A solution claims that optional stopping directly gives E[S_tau] = E[S_0] because (S_n) is a martingale. Is this use justified as stated? Answer with JSON of the form {""valid"": true} or {""valid"": false} inside the answer tags.",{'valid': False},"Step 1: Identify the optional-stopping issue.
Before using E[M_tau] = E[M_0], check the stopping-time hypotheses.

Step 2: Check the condition in this problem.
tau is an unbounded first-hitting time, and no extra integrability condition is given.

Step 3: Conclude.
valid = false.

Final answer:
<answer>
{""valid"": false}
</answer>",{'valid': False},True
algorithmic_scaffold,optional_stopping_validity_train_1000017,optional_stopping_validity,unbounded_first_hit_invalid,3,binary,False,"Let (X_n) be a simple symmetric random walk with X_0 = 0. Let tau = inf{n >= 0 : X_n = 2}. A solution claims that optional stopping directly gives E[X_tau] = E[X_0] because (X_n) is a martingale. Is this use justified as stated? Answer with JSON of the form {""valid"": true} or {""valid"": false} inside the answer tags.",{'valid': False},"Step 1: Identify the optional-stopping issue.
Before using E[M_tau] = E[M_0], check the stopping-time hypotheses.

Step 2: Check the condition in this problem.
tau is an unbounded first-hitting time, and no extra integrability condition is given.

Step 3: Conclude.
valid = false.

Final answer:
<answer>
{""valid"": false}
</answer>",{'valid': False},True
algorithmic_scaffold,stopped_process_expectation_train_800012,stopped_process_expectation,bounded_walk_expectation,1,non_binary,False,"Let (X_n) be a simple symmetric random walk with X_0 = 3. Let T = inf{k >= 0 : X_k = 7} and tau = min(T, 5). Compute E[X_tau]. Answer with JSON of the form {""value"": ""...""} inside the answer tags.",{'value': '3'},"Step 1: Identify the task.
This asks for the expectation of a bounded stopped simple symmetric random walk.

Step 2: Extract the parameters.
X_0 = 3; target level = 7; deterministic cap = 5.

Step 3: Select the martingale relation.
(X_n) is a martingale, so optional stopping gives E[X_tau] = E[X_0].

Step 4: Substitute and simplify.
E[X_tau] = E[X_0] = 3.

Final answer:
<answer>
{""value"": ""3""}
</answer>",{'value': '3'},True
algorithmic_scaffold,stopped_process_expectation_train_800023,stopped_process_expectation,bounded_walk_expectation,3,non_binary,False,"Let (S_n) be a simple symmetric random walk with S_0 = 0. Let T = inf{k >= 0 : S_k = 4} and tau = min(T, 20). Compute E[S_tau]. Answer with JSON of the form {""value"": ""...""} inside the answer tags.",{'value': '0'},"Step 1: Identify the task.
This asks for the expectation of a bounded stopped simple symmetric random walk.

Step 2: Extract the parameters.
S_0 = 0; target level = 4; deterministic cap = 20.
The stopping time is tau = min(T, 20), so tau is bounded.

Step 3: Select the martingale relation.
(S_n) is a martingale, so optional stopping gives E[S_tau] = E[S_0].

Step 4: Substitute and simplify.
E[S_tau] = E[S_0] = 0.

Final answer:
<answer>
{""value"": ""0""}
</answer>",{'value': '0'},True
algorithmic_scaffold,stopped_process_expectation_train_800013,stopped_process_expectation,quadratic_fixed_horizon,2,non_binary,False,"Let S_n = -1 + Y_1 + ... + Y_n, where P(Y_k = 1) = P(Y_k = -1) = 1/2 and the increments are independent. Compute E[S_3^2]. Answer with JSON of the form {""value"": ""...""} inside the answer tags.",{'value': '4'},"Step 1: Identify the task.
This asks for the second moment of a centered independent-increment walk at a fixed time.

Step 2: Extract the parameters.
S_0 = -1; n = 3; increments are +/-1; Var(Y_k) = 1.

Step 3: Select the formula.
For centered independent increments, E[S_n^2] = S_0^2 + n Var(Y_1).

Step 4: Substitute and simplify.
E[S_3^2] = (-1)^2 + 3(1) = 1 + 3 = 4.

Final answer:
<answer>
{""value"": ""4""}
</answer>",{'value': '4'},True
algorithmic_scaffold,stopped_process_expectation_train_800053,stopped_process_expectation,quadratic_fixed_horizon,3,non_binary,False,"Let S_n = 1 + Y_1 + ... + Y_n, where P(Y_k = 5) = P(Y_k = -5) = 1/2 and the increments are independent. Compute E[S_5^2]. Answer with JSON of the form {""value"": ""...""} inside the answer tags.",{'value': '126'},"Step 1: Identify the task.
This asks for the second moment of a centered independent-increment walk at a fixed time.

Step 2: Extract the parameters.
S_0 = 1; n = 5; increments are +/-5; Var(Y_k) = 25.

Step 3: Select the formula.
For centered independent increments, E[S_n^2] = S_0^2 + n Var(Y_1).

Step 4: Substitute and simplify.
E[S_5^2] = (1)^2 + 5(25) = 126.

Final answer:
<answer>
{""value"": ""126""}
</answer>",{'value': '126'},True
algorithmic_scaffold,stopped_process_expectation_train_800047,stopped_process_expectation,stopped_martingale_value,3,non_binary,False,"Let (S_n) be a simple symmetric random walk with S_0 = 0. Let T = inf{k >= 0 : S_k = 4} and tau = min(T, 8). Compute E[S_tau^2 - tau]. Answer with JSON of the form {""value"": ""...""} inside the answer tags.",{'value': '0'},"Step 1: Identify the task.
This asks for the expectation of a stopped quadratic martingale.

Step 2: Extract the parameters.
S_0 = 0; target level = 4; deterministic cap = 8.
The stopping time is tau = min(T, 8), so tau is bounded.

Step 3: Select the martingale relation.
For a simple symmetric random walk, M_n = S_n^2 - n is a martingale.
Optional stopping gives E[M_tau] = E[S_tau^2 - tau].

Step 4: Substitute and simplify.
E[S_tau^2 - tau] = E[M_tau].

Step 5: Conclude.
Optional stopping gives E[M_tau] = E[S_tau^2 - tau].

Final answer:
<answer>
{""value"": ""E[S_tau^2 - tau] = E[M_tau] = E[S_tau^2 - tau] = E[M_tau] = E[S_tau^2 - tau] = E[M_tau] = E[S_tau^2 - tau] = E[M_tau] = E[S_tau^2 - tau] = E[M_tau] = E[S_tau^2 - tau] = E[M_tau] = E[S_tau^2 - tau] = E[M_tau] = E[S_tau^2 - tau] = E[M_tau] = E[S_tau^2 - tau] = E[M_tau] = E[S_tau^2 - tau] = E[M_tau] = E[S_tau^2 - tau] = E[M_tau] = E[S_tau^2 - tau] = E[M_tau] = E[S_tau^2 - tau] = E[M_tau] = E[S_tau^2 - tau] = E[M_tau] = E[S_tau^2 - tau] = E[M_tau] = E[S_tau^2 - tau] = E[M_tau] = E[S_tau^2 - tau] = E[M_tau] = E[S_tau^2 - tau] = E[M_tau] = E[S_tau^2 - tau] = E[M_tau] = E[S_tau^2 - tau] = E[M_tau] = E[S_tau^2 - tau] = E[M_tau] = E[S_tau^2 - tau] = E[M_tau] = E[S_tau^2 - tau] = E[M_tau] = E[S_tau^2 - tau] = E[M_tau] = E[S_tau^2 - tau]",{'value': 'E[S_tau^2 - tau] = E[M_tau] = E[S_tau^2 - tau] = E[M_tau] = E[S_tau^2 - tau] = E[M_tau] = E[S_tau^2 - tau] = E[M_tau] = E[S_tau^2 - tau] = E[M_tau] = E[S_tau^2 - tau] = E[M_tau] = E[S_tau^2 - tau] = E[M_tau] = E[S_tau^2 - tau] = E[M_tau] = E[S_tau^2 - tau] = E[M_tau] = E[S_tau^2 - tau] = E[M_tau] = E[S_tau^2 - tau] = E[M_tau] = E[S_tau^2 - tau] = E[M_tau] = E[S_tau^2 - tau] = E[M_tau] = E[S_tau^2 - tau] = E[M_tau] = E[S_tau^2 - tau] = E[M_tau] = E[S_tau^2 - tau] = E[M_tau] = E[S_tau^2 - tau] = E[M_tau] = E[S_tau^2 - tau] = E[M_tau] = E[S_tau^2 - tau] = E[M_tau] = E[S_tau^2 - tau] = E[M_tau] = E[S_tau^2 - tau] = E[M_tau] = E[S_tau^2 - tau] = E[M_tau] = E[S_tau^2 - tau] = E[M_tau] = E[S_tau^2 - tau] = E[M_tau] = E[S_tau^2 - tau]'},False
algorithmic_scaffold,hitting_time_expectation_train_700032,hitting_time_expectation,biased_boundaries_zero_a,3,non_binary,False,"Let (X_n) be a nearest-neighbor random walk on the integers with X_0 = 2, P(X_(n+1) = X_n + 1 | F_n) = 3/5, and P(X_(n+1) = X_n - 1 | F_n) = 2/5. Let tau = inf{n >= 0 : X_n in {0, 4}}. Compute E[tau]. Answer with JSON of the form {""expected_time"": ""...""} inside the answer tags.",{'expected_time': '50/13'},"Step 1: Identify the task.
This is a finite-interval hitting-time expectation for a biased nearest-neighbor walk.

Step 2: Extract the parameters.
Lower boundary a = 0; upper boundary b = 4; starting point x = 2; bias ratio p = 3/5; q = 2/5.

Step 3: Select the formula.
For a biased nearest-neighbor walk stopped on hitting a or b,
E_x[tau] = (x-a)(b-x)(1-p-q)/p q.

Step 4: Substitute and simplify.
x-a = 2; b-x = 4-2 = 2.
p q = (3/5)(2/5) = 6/25.
E_x[tau] = (2)(2)(1-p-q)/p q = (4)(1-1)/6/25 = 0.

Final answer:
<answer>
{""expected_time"": ""0""}
</answer>",{'expected_time': '0'},False
algorithmic_scaffold,hitting_time_expectation_train_700015,hitting_time_expectation,symmetric_boundaries_zero_a,1,non_binary,False,"Let (X_n) be a simple symmetric random walk on the integers with X_0 = 1. Let tau = inf{n >= 0 : X_n in {0, 4}}. Compute E[tau]. Answer with JSON of the form {""expected_time"": ""...""} inside the answer tags.",{'expected_time': '3'},"Step 1: Identify the task.
This is a finite-interval hitting-time expectation for a simple symmetric random walk.

Step 2: Extract the parameters.
Lower boundary a = 0; upper boundary b = 4; starting point x = 1.

Step 3: Select the formula.
For a simple symmetric random walk stopped on hitting a or b,
E_x[tau] = (x-a)(b-x).

Step 4: Substitute and simplify.
x-a = 1-0 = 1.
b-x = 4-1 = 3.
E_x[tau] = (1)(3) = 3.

Final answer:
<answer>
{""expected_time"": ""3""}
</answer>",{'expected_time': '3'},True
algorithmic_scaffold,hitting_time_expectation_train_700016,hitting_time_expectation,symmetric_shifted_boundaries,2,non_binary,False,"Let (X_n) be a simple symmetric random walk with X_0 = -1. Let tau be the first time the walk hits either -5 or 5. Compute E[tau]. Answer with JSON of the form {""expected_time"": ""...""} inside the answer tags.",{'expected_time': '24'},"Step 1: Identify the task.
This is a finite-interval hitting-time expectation for a simple symmetric random walk.

Step 2: Extract the parameters.
Lower boundary a = -5; upper boundary b = 5; starting point x = -1.

Step 3: Select the formula.
For a simple symmetric random walk stopped on hitting a or b,
E_x[tau] = (x-a)(b-x).

Step 4: Substitute and simplify.
x-a = -1--5 = 4.
b-x = 5--1 = 6.
E_x[tau] = (4)(6) = 24.

Final answer:
<answer>
{""expected_time"": ""24""}
</answer>",{'expected_time': '24'},True
algorithmic_scaffold,hitting_time_expectation_train_700035,hitting_time_expectation,symmetric_shifted_boundaries,3,non_binary,False,"Let (X_n) be a simple symmetric random walk with X_0 = 6. Let tau be the first time the walk hits either 1 or 11. Compute E[tau]. Answer with JSON of the form {""expected_time"": ""...""} inside the answer tags.",{'expected_time': '25'},"Step 1: Identify the task.
This is a finite-interval hitting-time expectation for a simple symmetric random walk.

Step 2: Extract the parameters.
Lower boundary a = 1; upper boundary b = 11; starting point x = 6.

Step 3: Select the formula.
For a simple symmetric random walk stopped on hitting a or b,
E_x[tau] = (x-a)(b-x).

Step 4: Substitute and simplify.
x-a = 6-1 = 5.
b-x = 11-6 = 5.
E_x[tau] = (5)(5) = 25.

Final answer:
<answer>
{""expected_time"": ""25""}
</answer>",{'expected_time': '25'},True
algorithmic_scaffold,martingale_verification_train_900015,martingale_verification,centered_walk_basic,1,binary,False,"Let S_0 = 0 and S_n = Y_1 + ... + Y_n, where the Y_k are independent and P(Y_k = 4) = P(Y_k = -4) = 1/2. With respect to the natural filtration, is (S_n) a martingale? Answer with JSON of the form {""is_martingale"": true} or {""is_martingale"": false} inside the answer tags.",{'is_martingale': True},"Step 1: Identify the required compensation.
The stopped/compensated/adjusted process is required.

Step 2: Select the required compensation.
Select a simple process, e.g., a one-dimensional simple symmetric random walk.

Step 3: Select the required compensation.
Select a simple process, e.g., a one-dimensional simple symmetric random walk.

Step 4: Select the required compensation.
Select a simple process, e.g., a one-dimensional simple symmetric random walk.

Step 5: Select the required compensation.
Select a simple process, e.g., a one-dimensional simple symmetric random walk.

Step 6: Select the required compensation.
Select a simple process, e.g., a one-dimensional simple symmetric random walk.

Step 7: Select the required compensation.
Select a simple process, e.g., a one-dimensional simple symmetric random walk.

Step 8: Select the required compensation.
Select a simple process, e.g., a one-dimensional simple symmetric random walk.

Step 9: Select the required compensation.
Select a simple process, e.g., a one-dimensional simple symmetric random walk.

Step 10: Select the required compensation.
Select a simple process, e.g., a one-dimensional simple symmetric random walk.

Step 11: Select the required compensation.
Select a simple process, e.g., a one-dimensional simple symmetric random walk.

Step 12: Select the required compensation.
Select a simple process, e.g., a one-dimensional simple symmetric random walk.

Step 13: Select the required compensation.
Select a simple process, e.g., a one-dimensional simple symmetric random walk.

Step 14: Select the required compensation.
Select a simple process, e.g., a one-dimensional simple symmetric random walk.

Step 15: Select the required compensation.
Select a simple process, e.g., a one-dimensional simple symmetric random walk.

Step 16: Select the required compensation.
Select a simple process, e.g., a one-dimensional simple symmetric random walk.

Step 17: Select the required compensation.
Select a simple process, e.g., a one-dimensional simple symmetric random walk.

Step 18: Select the required compensation.
Select a simple process, e.g., a one-dimensional simple symmetric random walk.

Step 19: Select the required compensation.
Select a simple process, e.g., a one-dimensional simple symmetric random walk.

Step 20: Select the required compensation.
Select a simple process, e.g., a one-dimensional simple symmetric random walk.

Step 21:",,False
algorithmic_scaffold,martingale_verification_train_900026,martingale_verification,exponential_compensation,3,binary,False,"Let X_n = Y_1 + ... + Y_n, where the Y_k are independent with P(Y_k = 1) = 2/3 and P(Y_k = -1) = 1/3. For fixed theta, consider M_n = exp(theta X_n) / (exp(theta))^n. With respect to the natural filtration, is (M_n) a martingale? Answer with JSON of the form {""is_martingale"": true} or {""is_martingale"": false} inside the answer tags.",{'is_martingale': False},"Step 1: Identify the required exponential compensation.
The denominator is deterministic and equal to $ e^{\theta} $, so the ratio simplifies.

Step 2: Compute the required one-step test ratio.
The ratio simplifies to the ratio of the next increment.

Step 3: Check the required ratio.
Check the ratio of the next increment.

Step 4: Conclude.
Check the ratio and its compensation.

Final answer:
<answer>
{""is_martingale"": true}
</answer>",{'is_martingale': True},False
algorithmic_scaffold,martingale_verification_train_900016,martingale_verification,quadratic_compensation,2,binary,False,"Let S_n = Y_1 + ... + Y_n for independent increments with the increments have mean 0 and variance 25. Consider M_n = S_n^2 - 50 n. With respect to the natural filtration, is (M_n) a martingale? Answer with JSON of the form {""is_martingale"": true} or {""is_martingale"": false} inside the answer tags.",{'is_martingale': False},"Step 1: Identify the required compensation.
For a centered walk, S_n^2 - c n is a martingale exactly when c = Var(Y_1).

Step 2: Extract the variance.
Var(Y_1) = 25.

Step 3: Compare and check.
is_martingale = true.

Final answer:
<answer>
{""is_martingale"": true}
</answer>",{'is_martingale': True},False
algorithmic_scaffold,martingale_verification_train_900047,martingale_verification,quadratic_compensation,3,binary,False,"Let S_n = Y_1 + ... + Y_n for independent increments with the increments have mean 0 and standard deviation 1. Consider M_n = S_n^2 - 1 n. With respect to the natural filtration, is (M_n) a martingale? Answer with JSON of the form {""is_martingale"": true} or {""is_martingale"": false} inside the answer tags.",{'is_martingale': True},"Step 1: Identify the required compensation.
For a centered walk, S_n^2 - n is a martingale exactly when the increments are uncorrelated.

Step 2: Check the required compensation.
S_n^2 - n is a martingale exactly when the increments are uncorrelated.

Step 3: Conclude.
is_martingale = true.

Final answer:
<answer>
{""is_martingale"": true}
</answer>",{'is_martingale': True},True
algorithmic_scaffold,optional_stopping_validity_train_1000015,optional_stopping_validity,bounded_time_valid,1,binary,False,"Let (S_n) be a simple symmetric random walk with S_0 = 0 and natural filtration F_n. Let T = inf{k >= 0 : S_k = 2} and tau = min(T, 5). A solution claims that optional stopping gives E[S_tau] = E[S_0]. Is this use of optional stopping justified? Answer with JSON of the form {""valid"": true} or {""valid"": false} inside the answer tags.",{'valid': True},"Step 1: Identify the optional-stopping issue.
Before using E[M_tau] = E[M_0], check the stopping-time hypotheses.

Step 2: Check the condition in this problem.
tau = min(T, 5), and no extra integrability condition is given.

Step 3: Conclude.
valid = false.

Final answer:
<answer>
{""valid"": false}
</answer>",{'valid': False},False
algorithmic_scaffold,optional_stopping_validity_train_1000059,optional_stopping_validity,finite_state_hitting_valid,3,binary,False,"Let (S_n) be a simple symmetric random walk on {0, ..., 5}, absorbed when it hits 0 or 5, with S_0 = 2. Let tau be the absorption time. A solution applies optional stopping to the bounded stopped process to conclude E[S_tau] = 2. Is this use justified? Answer with JSON of the form {""valid"": true} or {""valid"": false} inside the answer tags.",{'valid': True},"Step 1: Identify the optional-stopping issue.
Before using E[M_tau] = E[M_0], check the stopping-time hypotheses.

Step 2: Check the condition in this problem.
The stopped process is finite-state, and the stopping-time tau is bounded.

Step 3: Conclude.
valid = true.

Final answer:
<answer>
{""valid"": true}
</answer>",{'valid': True},True
algorithmic_scaffold,optional_stopping_validity_train_1000016,optional_stopping_validity,unbounded_first_hit_invalid,2,binary,False,"Let (X_n) be a simple symmetric random walk with X_0 = 0. Let tau = inf{n >= 0 : X_n = 1}. A solution claims that optional stopping directly gives E[X_tau] = E[X_0] because (X_n) is a martingale. Is this use justified as stated? Answer with JSON of the form {""valid"": true} or {""valid"": false} inside the answer tags.",{'valid': False},"Step 1: Identify the optional-stopping issue.
Before using E[M_tau] = E[M_0], check the stopping-time hypotheses.

Step 2: Check the condition in this problem.
tau is an unbounded first-hitting time, and no extra integrability condition is given.

Step 3: Conclude.
valid = false.

Final answer:
<answer>
{""valid"": false}
</answer>",{'valid': False},True
algorithmic_scaffold,optional_stopping_validity_train_1000020,optional_stopping_validity,unbounded_first_hit_invalid,3,binary,False,"Let (X_n) be a simple symmetric random walk with X_0 = 0. Let tau = inf{n >= 0 : X_n = 3}. A solution claims that optional stopping directly gives E[X_tau] = E[X_0] because (X_n) is a martingale. Is this use justified as stated? Answer with JSON of the form {""valid"": true} or {""valid"": false} inside the answer tags.",{'valid': False},"Step 1: Identify the optional-stopping issue.
Before using E[M_tau] = E[M_0], check the stopping-time hypotheses.

Step 2: Check the condition in this problem.
tau is an unbounded first-hitting time, and no extra integrability condition is given.

Step 3: Conclude.
valid = false.

Final answer:
<answer>
{""valid"": false}
</answer>",{'valid': False},True
algorithmic_scaffold,stopped_process_expectation_train_800015,stopped_process_expectation,bounded_walk_expectation,1,non_binary,False,"Let (S_n) be a simple symmetric random walk with S_0 = 3. Let T = inf{k >= 0 : S_k = 5} and tau = min(T, 8). Compute E[S_tau]. Answer with JSON of the form {""value"": ""...""} inside the answer tags.",{'value': '3'},"Step 1: Identify the task.
This asks for the expectation of a bounded stopped simple symmetric random walk.

Step 2: Extract the parameters.
S_0 = 3; target level = 5; deterministic cap = 8.

Step 3: Select the martingale relation.
(S_n) is a martingale, so optional stopping gives E[S_tau] = E[S_0].

Step 4: Substitute and simplify.
E[S_tau] = E[S_0] = 3.

Final answer:
<answer>
{""value"": ""3""}
</answer>",{'value': '3'},True
algorithmic_scaffold,stopped_process_expectation_train_800026,stopped_process_expectation,bounded_walk_expectation,3,non_binary,False,"Let (X_n) be a simple symmetric random walk with X_0 = -3. Let T = inf{k >= 0 : X_k = 1} and tau = min(T, 3). Compute E[X_tau]. Answer with JSON of the form {""value"": ""...""} inside the answer tags.",{'value': '-3'},"Step 1: Identify the task.
This asks for the expectation of a bounded stopped simple symmetric random walk.

Step 2: Extract the parameters.
X_0 = -3; target level = 1; deterministic cap = 3.
The stopping time is tau = min(T, 3), so tau is bounded.

Step 3: Select the martingale relation.
(X_n) is a martingale, so optional stopping gives E[X_tau] = E[X_0].

Step 4: Substitute and simplify.
E[X_tau] = E[X_0] = -3.

Final answer:
<answer>
{""value"": ""-3""}
</answer>",{'value': '-3'},True
algorithmic_scaffold,stopped_process_expectation_train_800016,stopped_process_expectation,quadratic_fixed_horizon,2,non_binary,False,"Let X_n = -3 + Y_1 + ... + Y_n, where P(Y_k = 3) = P(Y_k = -3) = 1/2 and the increments are independent. Compute E[X_2^2]. Answer with JSON of the form {""value"": ""...""} inside the answer tags.",{'value': '27'},"Step 1: Identify the task.
This asks for the second moment of a centered independent-increment walk at a fixed time.

Step 2: Extract the parameters.
X_0 = -3; n = 2; increments are +/-3; Var(Y_k) = 3^2(1/2)(1/2) = 9/2.

Step 3: Select the formula.
For centered independent increments, E[X_n^2] = X_0^2 + n Var(Y_1).

Step 4: Substitute and simplify.
E[X_2^2] = (-3)^2 + 2(9/2) = 9 + 9 = 18.

Final answer:
<answer>
{""value"": ""18""}
</answer>",{'value': '18'},False
algorithmic_scaffold,stopped_process_expectation_train_800059,stopped_process_expectation,quadratic_fixed_horizon,3,non_binary,False,"Let S_n = 0 + Y_1 + ... + Y_n, where P(Y_k = 1) = P(Y_k = -1) = 1/2 and the increments are independent. Compute E[S_2^2]. Answer with JSON of the form {""value"": ""...""} inside the answer tags.",{'value': '2'},"Step 1: Identify the task.
This asks for the second moment of a centered independent-increment walk at a fixed time.

Step 2: Extract the parameters.
S_0 = 0; n = 2; increments are +/-1; Var(Y_k) = 1.

Step 3: Select the formula.
For centered independent increments, E[S_n^2] = n Var(Y_1).

Step 4: Substitute and simplify.
E[S_2^2] = 2 Var(Y_1) = 2(1) = 2.

Final answer:
<answer>
{""value"": ""2""}
</answer>",{'value': '2'},True
algorithmic_scaffold,stopped_process_expectation_train_800062,stopped_process_expectation,stopped_martingale_value,3,non_binary,False,"Let (X_n) be a simple symmetric random walk with X_0 = -2. Let T = inf{k >= 0 : X_k = 0} and tau = min(T, 4). Compute E[X_tau^2 - tau]. Answer with JSON of the form {""value"": ""...""} inside the answer tags.",{'value': '4'},"Step 1: Identify the task.
This asks for the expectation of a stopped quadratic martingale.

Step 2: Extract the parameters.
X_0 = -2; target level = 0; deterministic cap = 4.
The stopping time is tau = min(T, 4), so tau is bounded.

Step 3: Select the martingale relation.
For a simple symmetric random walk, M_n = X_n^2 - n is a martingale.
Optional stopping gives E[M_tau] = E[M_0].

Step 4: Substitute and simplify.
M_0 = X_0^2 - 0 = (-2)^2 = 4.
Optional stopping gives E[M_tau] = E[X_tau^2 - tau].

Step 5: Conclude.
E[X_tau^2 - tau] = E[M_tau] = E[M_0] = 4.

Final answer:
<answer>
{""value"": ""4""}
</answer>",{'value': '4'},True
algorithmic_scaffold,hitting_time_expectation_train_700038,hitting_time_expectation,biased_boundaries_zero_a,3,non_binary,False,"Let (X_n) be a nearest-neighbor random walk on the integers with X_0 = 1, P(X_(n+1) = X_n + 1 | F_n) = 3/5, and P(X_(n+1) = X_n - 1 | F_n) = 2/5. Let tau = inf{n >= 0 : X_n in {0, 7}}. Compute E[tau]. Answer with JSON of the form {""expected_time"": ""...""} inside the answer tags.",{'expected_time': '15220/2059'},"Step 1: Identify the task.
This is a finite-interval hitting-time expectation for a biased nearest-neighbor walk.

Step 2: Extract the parameters.
Lower boundary a = 0; upper boundary b = 7; starting point x = 1; bias = +1; up probability = 3/5; down probability = 2/5.

Step 3: Select the formula.
For a biased nearest-neighbor walk stopped on hitting a or b,
E_x[tau] = (x-a)(b-x).

Step 4: Substitute and simplify.
x-a = 1-0 = 1.
b-x = 7-1 = 6.
E_x[tau] = (1)(6) = 6.

Final answer:
<answer>
{""expected_time"": ""6""}
</answer>",{'expected_time': '6'},False
algorithmic_scaffold,hitting_time_expectation_train_700018,hitting_time_expectation,symmetric_boundaries_zero_a,1,non_binary,False,"Let (S_n) be a simple symmetric random walk on the integers with S_0 = 5. Let tau = inf{n >= 0 : S_n in {0, 8}}. Compute E[tau]. Answer with JSON of the form {""expected_time"": ""...""} inside the answer tags.",{'expected_time': '15'},"Step 1: Identify the task.
This is a finite-interval hitting-time expectation for a simple symmetric random walk.

Step 2: Extract the parameters.
Lower boundary a = 0; upper boundary b = 8; starting point x = 5.

Step 3: Select the formula.
For a simple symmetric random walk stopped on hitting a or b,
E_x[tau] = (x-a)(b-x).

Step 4: Substitute and simplify.
x-a = 5-0 = 5.
b-x = 8-5 = 3.
E_x[tau] = (5)(3) = 15.

Final answer:
<answer>
{""expected_time"": ""15""}
</answer>",{'expected_time': '15'},True
algorithmic_scaffold,hitting_time_expectation_train_700019,hitting_time_expectation,symmetric_shifted_boundaries,2,non_binary,False,"Let (S_n) be a simple symmetric random walk with S_0 = 0. Let tau be the first time the walk hits either -3 or 7. Compute E[tau]. Answer with JSON of the form {""expected_time"": ""...""} inside the answer tags.",{'expected_time': '21'},"Step 1: Identify the task.
This is a finite-interval hitting-time expectation for a simple symmetric random walk.

Step 2: Extract the parameters.
Lower boundary a = -3; upper boundary b = 7; starting point x = 0.

Step 3: Select the formula.
For a simple symmetric random walk stopped on hitting a or b,
E_x[tau] = (x-a)(b-x).

Step 4: Substitute and simplify.
x-a = 0--3 = 3.
b-x = 7-0 = 7.
E_x[tau] = (3)(7) = 21.

Final answer:
<answer>
{""expected_time"": ""21""}
</answer>",{'expected_time': '21'},True
algorithmic_scaffold,hitting_time_expectation_train_700041,hitting_time_expectation,symmetric_shifted_boundaries,3,non_binary,False,"Let (X_n) be a simple symmetric random walk with X_0 = 0. Let tau be the first time the walk hits either -5 or 1. Compute E[tau]. Answer with JSON of the form {""expected_time"": ""...""} inside the answer tags.",{'expected_time': '5'},"Step 1: Identify the task.
This is a finite-interval hitting-time expectation for a simple symmetric random walk.

Step 2: Extract the parameters.
Lower boundary a = -5; upper boundary b = 1; starting point x = 0.

Step 3: Select the formula.
For a simple symmetric random walk stopped on hitting a or b,
E_x[tau] = (x-a)(b-x).

Step 4: Substitute and simplify.
x-a = 0--5 = 5.
b-x = 1-0 = 1.
E_x[tau] = (5)(1) = 5.

Final answer:
<answer>
{""expected_time"": ""5""}
</answer>",{'expected_time': '5'},True
algorithmic_scaffold,martingale_verification_train_900018,martingale_verification,centered_walk_basic,1,binary,False,"Let S_0 = 0 and S_n = Y_1 + ... + Y_n, where the Y_k are independent and P(Y_k = 3) = P(Y_k = -3) = 1/2. With respect to the natural filtration, is (S_n) a martingale? Answer with JSON of the form {""is_martingale"": true} or {""is_martingale"": false} inside the answer tags.",{'is_martingale': True},"Step 1: Identify the required compensation.
The stopping-time is a bounded first-hitting time, so the required compensation is finite.

Step 2: Check the required compensation.
The stopped process is finite, so the required compensation is finite.

Step 3: Conclude.
is_martingale = true.

Final answer:
<answer>
{""is_martingale"": true}
</answer>",{'is_martingale': True},True
algorithmic_scaffold,martingale_verification_train_900029,martingale_verification,exponential_compensation,3,binary,False,"Let X_n = Y_1 + ... + Y_n, where the Y_k are independent with P(Y_k = 1) = 3/5 and P(Y_k = -1) = 2/5. For fixed lambda, consider M_n = exp(lambda X_n) / (exp(lambda))^n. With respect to the natural filtration, is (M_n) a martingale? Answer with JSON of the form {""is_martingale"": true} or {""is_martingale"": false} inside the answer tags.",{'is_martingale': False},"Step 1: Identify the required exponential compensation.
The denominator is always equal to exp(lambda)^n, so the ratio simplifies.

Step 2: Compute the required factor.
E[exp(lambda X_n)] = E[exp(lambda (Y_1 + ... + Y_n))].

Step 3: Extract the factor.
E[exp(lambda X_n)] = E[exp(lambda^2 (Y_1^2 + ... + Y_n^2))] = E[exp(lambda^2 n)].

Step 4: Compare the ratio.
E[exp(lambda X_n)] / exp(lambda)^n = E[exp(lambda^2 n)] / exp(lambda)^n.

Step 5: Conclude.
is_martingale = true.

Final answer:
<answer>
{""is_martingale"": true}
</answer>",{'is_martingale': True},False
algorithmic_scaffold,martingale_verification_train_900019,martingale_verification,quadratic_compensation,2,binary,False,"Let S_n = Y_1 + ... + Y_n for independent increments with the increments have mean 0 and standard deviation 2. Consider M_n = S_n^2 - 5 n. With respect to the natural filtration, is (M_n) a martingale? Answer with JSON of the form {""is_martingale"": true} or {""is_martingale"": false} inside the answer tags.",{'is_martingale': False},"Step 1: Identify the required compensation.
For a centered walk, S_n^2 - c n is a martingale exactly when c = Var(Y_1).

Step 2: Extract the variance.
Var(Y_1) = 2^2 = 4.

Step 3: Compare c = 5 and Var(Y_1) = 4.
5 > 4.

Step 4: Conclude.
is_martingale = false.

Final answer:
<answer>
{""is_martingale"": false}
</answer>",{'is_martingale': False},True
algorithmic_scaffold,martingale_verification_train_900050,martingale_verification,quadratic_compensation,3,binary,False,"Let X_n = Y_1 + ... + Y_n for independent increments with the increments have mean 0 and variance 9. Consider M_n = X_n^2 - 9 n. With respect to the natural filtration, is (M_n) a martingale? Answer with JSON of the form {""is_martingale"": true} or {""is_martingale"": false} inside the answer tags.",{'is_martingale': True},"Step 1: Identify the required compensation.
For a centered walk, the increments are mean 0 and variance 9.

Step 2: Compute the required compensation.
Optional increment = +9.

Step 3: Check the required compensation.
Optional increment = +9 matches the variance.

Step 4: Conclude.
is_martingale = true.

Final answer:
<answer>
{""is_martingale"": true}
</answer>",{'is_martingale': True},True
algorithmic_scaffold,optional_stopping_validity_train_1000018,optional_stopping_validity,bounded_time_valid,1,binary,False,"Let (X_n) be a simple symmetric random walk with X_0 = 0 and natural filtration F_n. Let T = inf{k >= 0 : X_k = 2} and tau = min(T, 8). A solution claims that optional stopping gives E[X_tau] = E[X_0]. Is this use of optional stopping justified? Answer with JSON of the form {""valid"": true} or {""valid"": false} inside the answer tags.",{'valid': True},"Step 1: Identify the optional-stopping issue.
Before using E[M_tau] = E[M_0], check the stopping-time hypotheses.

Step 2: Check the condition in this problem.
tau is explicitly capped by a deterministic horizon, so tau is bounded.

Step 3: Conclude.
valid = true.

Final answer:
<answer>
{""valid"": true}
</answer>",{'valid': True},True
algorithmic_scaffold,optional_stopping_validity_train_1000065,optional_stopping_validity,finite_state_hitting_valid,3,binary,False,"Let (S_n) be a simple symmetric random walk on {0, ..., 4}, absorbed when it hits 0 or 4, with S_0 = 3. Let tau be the absorption time. A solution applies optional stopping to the bounded stopped process to conclude E[S_tau] = 3. Is this use justified? Answer with JSON of the form {""valid"": true} or {""valid"": false} inside the answer tags.",{'valid': True},"Step 1: Identify the optional-stopping issue.
Before using E[M_tau] = E[M_0], check the stopping-time hypotheses.

Step 2: Check the condition in this problem.
The stopped process is finite-state, and the stopping-time tau is bounded.

Step 3: Conclude.
valid = true.

Final answer:
<answer>
{""valid"": true}
</answer>",{'valid': True},True
algorithmic_scaffold,optional_stopping_validity_train_1000019,optional_stopping_validity,unbounded_first_hit_invalid,2,binary,False,"Let (S_n) be a simple symmetric random walk with S_0 = 0. Let tau = inf{n >= 0 : S_n = 3}. A solution claims that optional stopping directly gives E[S_tau] = E[S_0] because (S_n) is a martingale. Is this use justified as stated? Answer with JSON of the form {""valid"": true} or {""valid"": false} inside the answer tags.",{'valid': False},"Step 1: Identify the optional-stopping issue.
Before using E[M_tau] = E[M_0], check the stopping-time hypotheses.

Step 2: Check the condition in this problem.
tau is an unbounded first-hitting time, and no extra integrability condition is given.

Step 3: Conclude.
valid = false.

Final answer:
<answer>
{""valid"": false}
</answer>",{'valid': False},True
algorithmic_scaffold,optional_stopping_validity_train_1000023,optional_stopping_validity,unbounded_first_hit_invalid,3,binary,False,"Let (S_n) be a simple symmetric random walk with S_0 = 0. Let tau = inf{n >= 0 : S_n = 2}. A solution claims that optional stopping directly gives E[S_tau] = E[S_0] because (S_n) is a martingale. Is this use justified as stated? Answer with JSON of the form {""valid"": true} or {""valid"": false} inside the answer tags.",{'valid': False},"Step 1: Identify the optional-stopping issue.
Before using E[M_tau] = E[M_0], check the stopping-time hypotheses.

Step 2: Check the condition in this problem.
tau is an unbounded first-hitting time, and no extra integrability condition is given.

Step 3: Conclude.
valid = false.

Final answer:
<answer>
{""valid"": false}
</answer>",{'valid': False},True
algorithmic_scaffold,stopped_process_expectation_train_800018,stopped_process_expectation,bounded_walk_expectation,1,non_binary,False,"Let (X_n) be a simple symmetric random walk with X_0 = 1. Let T = inf{k >= 0 : X_k = 5} and tau = min(T, 8). Compute E[X_tau]. Answer with JSON of the form {""value"": ""...""} inside the answer tags.",{'value': '1'},"Step 1: Identify the task.
This asks for the expectation of a bounded stopped simple symmetric random walk.

Step 2: Extract the parameters.
X_0 = 1; target level = 5; deterministic cap = 8.

Step 3: Select the martingale relation.
(X_n) is a martingale, so optional stopping gives E[X_tau] = E[X_0].

Step 4: Substitute and simplify.
E[X_tau] = E[X_0] = 1.

Final answer:
<answer>
{""value"": ""1""}
</answer>",{'value': '1'},True
algorithmic_scaffold,stopped_process_expectation_train_800029,stopped_process_expectation,bounded_walk_expectation,3,non_binary,False,"Let (S_n) be a simple symmetric random walk with S_0 = 2. Let T = inf{k >= 0 : S_k = 5} and tau = min(T, 3). Compute E[S_tau]. Answer with JSON of the form {""value"": ""...""} inside the answer tags.",{'value': '2'},"Step 1: Identify the task.
This asks for the expectation of a bounded stopped simple symmetric random walk.

Step 2: Extract the parameters.
S_0 = 2; target level = 5; deterministic cap = 3.

Step 3: Select the martingale relation.
(S_n) is a martingale, so optional stopping gives E[S_tau] = E[S_0].

Step 4: Substitute and simplify.
E[S_tau] = E[S_0] = 2.

Final answer:
<answer>
{""value"": ""2""}
</answer>",{'value': '2'},True
algorithmic_scaffold,stopped_process_expectation_train_800019,stopped_process_expectation,quadratic_fixed_horizon,2,non_binary,False,"Let X_n = -2 + Y_1 + ... + Y_n, where P(Y_k = 5) = P(Y_k = -5) = 1/2 and the increments are independent. Compute E[X_2^2]. Answer with JSON of the form {""value"": ""...""} inside the answer tags.",{'value': '54'},"Step 1: Identify the task.
This asks for the second moment of a centered independent-increment walk at a fixed time.

Step 2: Extract the parameters.
X_0 = -2; n = 2; increments are +/-5; Var(Y_k) = 25.

Step 3: Select the formula.
For centered independent increments, E[X_n^2] = X_0^2 + n Var(Y_1).

Step 4: Substitute and simplify.
E[X_2^2] = (-2)^2 + 2(25) = 4 + 50 = 54.

Final answer:
<answer>
{""value"": ""54""}
</answer>",{'value': '54'},True
algorithmic_scaffold,stopped_process_expectation_train_800065,stopped_process_expectation,quadratic_fixed_horizon,3,non_binary,False,"Let S_n = -1 + Y_1 + ... + Y_n, where P(Y_k = 5) = P(Y_k = -5) = 1/2 and the increments are independent. Compute E[S_2^2]. Answer with JSON of the form {""value"": ""...""} inside the answer tags.",{'value': '51'},"Step 1: Identify the task.
This asks for the second moment of a centered independent-increment walk at a fixed time.

Step 2: Extract the parameters.
S_0 = -1; n = 2; increments are +/-5; Var(Y_k) = 25.

Step 3: Select the formula.
For centered independent increments, E[S_n^2] = S_0^2 + n Var(Y_1).

Step 4: Substitute and simplify.
E[S_2^2] = (-1)^2 + 2(25) = 141.

Final answer:
<answer>
{""value"": ""141""}
</answer>",{'value': '141'},False
algorithmic_scaffold,stopped_process_expectation_train_800083,stopped_process_expectation,stopped_martingale_value,3,non_binary,False,"Let (S_n) be a simple symmetric random walk with S_0 = -1. Let T = inf{k >= 0 : S_k = 3} and tau = min(T, 8). Compute E[S_tau^2 - tau]. Answer with JSON of the form {""value"": ""...""} inside the answer tags.",{'value': '1'},"Step 1: Identify the task.
This asks for the expectation of a stopped quadratic martingale.

Step 2: Extract the parameters.
S_0 = -1; target level = 3; deterministic cap = 8.

Step 3: Select the martingale relation.
For a simple symmetric random walk, M_n = S_n^2 - n is a martingale.

Step 4: Select the stopped time.
tau = min(T, 8), so tau is bounded.

Step 5: Select the required compensation.
Optional stopping gives E[S_tau^2 - tau] = E[M_tau] = E[S_tau^2] - tau.

Step 6: Select the required compensation.
Optional stopping gives E[S_tau^2 - tau] = E[M_tau].

Step 7: Select the required compensation.
Optional stopping gives E[S_tau^2 - tau] = E[M_tau].

Step 8: Select the required compensation.
Optional stopping gives E[S_tau^2 - tau] = E[M_tau].

Step 9: Select the required compensation.
Optional stopping gives E[S_tau^2 - tau] = E[M_tau].

Step 10: Select the required compensation.
Optional stopping gives E[S_tau^2 - tau] = E[M_tau].

Final answer:
<answer>
{""value"": ""0""}
</answer>",{'value': '0'},False
algorithmic_scaffold,hitting_time_expectation_train_700053,hitting_time_expectation,biased_boundaries_zero_a,3,non_binary,False,"Let (X_n) be a nearest-neighbor random walk on the integers with X_0 = 3, P(X_(n+1) = X_n + 1 | F_n) = 1/3, and P(X_(n+1) = X_n - 1 | F_n) = 2/3. Let tau = inf{n >= 0 : X_n in {0, 5}}. Compute E[tau]. Answer with JSON of the form {""expected_time"": ""...""} inside the answer tags.",{'expected_time': '174/31'},"Step 1: Identify the task.
This is a finite-interval hitting-time expectation for a biased nearest-neighbor walk.

Step 2: Extract the parameters.
Lower boundary a = 0; upper boundary b = 5; starting point x = 3; bias = 1/3; up probability = 1/3; down probability = 2/3.

Step 3: Select the formula.
For a biased nearest-neighbor walk stopped on hitting a or b,
E_x[tau] = (x-a)(b-x).

Step 4: Substitute and simplify.
x-a = 3-0 = 3.
b-x = 5-3 = 2.
E_x[tau] = (3)(2) = 6.

Final answer:
<answer>
{""expected_time"": ""6""}
</answer>",{'expected_time': '6'},False
