adapter,id,family,problem_type,difficulty,answer_type,manual_variation,problem,canonical_answer,raw_output,predicted_answer,correct
explicit_theorems,hitting_time_expectation_train_343001,hitting_time_expectation,biased_boundaries_zero_a,3,non_binary,False,"Let (X_n) be a nearest-neighbor random walk on the integers with X_0 = 5, P(X_(n+1) = X_n + 1 | F_n) = 3/5, and P(X_(n+1) = X_n - 1 | F_n) = 2/5. Let tau = inf{n >= 0 : X_n in {0, 7}}. Compute E[tau]. Answer with JSON of the form {""expected_time"": ""...""} inside the answer tags.",{'expected_time': '14990/2059'},"Use the bounded optional stopping theorem for a finite horizon. The finite horizon is the first passage time to the set {0, 7}. The finite horizon is a finite horizon, and the optional stopping theorem applies. The finite horizon is a finite horizon, and the optional stopping theorem applies. The finite horizon is a finite horizon, and the optional stopping theorem applies. The finite horizon is a finite horizon, and the optional stopping theorem applies. The finite horizon is a finite horizon, and the optional stopping theorem applies. The finite horizon is a finite horizon, and the optional stopping theorem applies. The finite horizon is a finite horizon, and the optional stopping theorem applies. The finite horizon is a finite horizon, and the optional stopping theorem applies. The finite horizon is a finite horizon, and the optional stopping theorem applies. The finite horizon is a finite horizon, and the optional stopping theorem applies. The finite horizon is a finite horizon, and the optional stopping theorem applies. The finite horizon is a finite horizon, and the optional stopping theorem applies. The finite horizon is a finite horizon, and the optional stopping theorem applies. The finite horizon is a finite horizon, and the optional stopping theorem applies. The finite horizon is a finite horizon, and the optional stopping theorem applies. The finite horizon is a finite horizon, and the optional stopping theorem applies. The finite horizon is a finite horizon, and the optional stopping theorem applies. The finite horizon is a finite horizon, and the optional stopping theorem applies. The finite horizon is a finite horizon, and the optional stopping theorem applies. The finite horizon is a finite horizon, and the optional stopping theorem applies. The finite horizon is a finite horizon, and the optional stopping theorem applies. The finite horizon is a finite horizon, and the optional stopping theorem applies. The finite horizon is a finite horizon, and the optional stopping theorem applies. The finite horizon is a finite horizon, and the optional stopping theorem applies. The finite horizon is a finite horizon, and the optional stopping theorem applies. The finite horizon is a finite horizon, and the optional stopping theorem applies. The finite horizon is a finite horizon, and the optional stopping theorem applies. The finite horizon is a finite horizon, and the optional stopping theorem applies. The finite horizon is a finite horizon, and the optional stopping theorem applies. The finite horizon is a finite horizon, and the optional stopping theorem applies. The finite horizon is a finite horizon, and the optional stopping theorem applies. The finite horizon is a finite horizon, and the optional stopping theorem applies. The finite horizon is",,False
explicit_theorems,hitting_time_expectation_train_341000,hitting_time_expectation,symmetric_boundaries_zero_a,1,non_binary,True,"Consider a simple symmetric random walk (X_n) on the integers with X_0 = 8. Set tau = inf{n >= 0 : X_n in {0, 10}}. Compute the expected hitting time E[tau]. Return JSON of the form {""expected_time"": ""...""} inside the answer tags.",{'expected_time': '16'},"Use the bounded optional stopping theorem for a finite horizon: the hitting time tau is a bounded stopping time, and the stopped process is a martingale. The finite horizon optional stopping theorem gives the deterministic finite horizon: the stopped process is a martingale, and the stopped process at the first passage is a martingale. The finite horizon optional stopping theorem gives the deterministic finite horizon: the stopped process is a martingale, and the stopped process at the first passage is a martingale. The finite horizon optional stopping theorem gives the deterministic finite horizon: the stopped process is a martingale, and the stopped process at the first passage is a martingale. The finite horizon optional stopping theorem gives the deterministic finite horizon: the stopped process is a martingale, and the stopped process at the first passage is a martingale. The finite horizon optional stopping theorem gives the deterministic finite horizon: the stopped process is a martingale, and the stopped process at the first passage is a martingale. The finite horizon optional stopping theorem gives the deterministic finite horizon: the stopped process is a martingale, and the stopped process at the first passage is a martingale. The finite horizon optional stopping theorem gives the deterministic finite horizon: the stopped process is a martingale, and the stopped process at the first passage is a martingale. The finite horizon optional stopping theorem gives the deterministic finite horizon: the stopped process is a martingale, and the stopped process at the first passage is a martingale. The finite horizon optional stopping theorem gives the deterministic finite horizon: the stopped process is a martingale, and the stopped process at the first passage is a martingale. The finite horizon optional stopping theorem gives the deterministic finite horizon: the stopped process is a martingale, and the stopped process at the first passage is a martingale. The finite horizon optional stopping theorem gives the deterministic finite horizon: the stopped process is a martingale, and the stopped process at the first passage is a martingale. The finite horizon optional stopping theorem gives the deterministic finite horizon: the stopped process is a martingale, and the stopped process at the first passage is a martingale. The finite horizon optional stopping theorem gives the deterministic finite horizon: the stopped process is a martingale, and the stopped process at the first passage is a martingale. The finite horizon optional stopping theorem gives the deterministic finite horizon: the stopped process is a martingale, and the stopped process at",,False
explicit_theorems,hitting_time_expectation_train_342000,hitting_time_expectation,symmetric_shifted_boundaries,2,non_binary,True,"Consider a simple symmetric random walk (S_n) with S_0 = 3. Let tau denote the first hitting time of either 1 or 5. Compute the expected hitting time E[tau]. Return JSON of the form {""expected_time"": ""...""} inside the answer tags.",{'expected_time': '4'},"Use the bounded optional stopping theorem and the boundedness of the hitting times. The symmetric simple random walk is a martingale, and the hitting times for the boundaries 1 and 5 are bounded. The first passage hitting time for a symmetric simple random walk is a finite and bounded stopping time. The expected hitting time can be computed using the bounded optional stopping theorem and the boundedness of the hitting times. The symmetric simple random walk is a martingale, and the hitting times for the boundaries 1 and 5 are bounded. The first passage hitting time for a symmetric simple random walk is a finite and bounded stopping time. The expected hitting time can be computed using the bounded optional stopping theorem and the boundedness of the hitting times. The symmetric simple random walk is a martingale, and the hitting times for the boundaries 1 and 5 are bounded. The first passage hitting time for a symmetric simple random walk is a finite and bounded stopping time. The expected hitting time can be computed using the bounded optional stopping theorem and the boundedness of the hitting times. The symmetric simple random walk is a martingale, and the hitting times for the boundaries 1 and 5 are bounded. The first passage hitting time for a symmetric simple random walk is a finite and bounded stopping time. The expected hitting time can be computed using the bounded optional stopping theorem and the boundedness of the hitting times. The symmetric simple random walk is a martingale, and the hitting times for the boundaries 1 and 5 are bounded. The first passage hitting time for a symmetric simple random walk is a finite and bounded stopping time. The expected hitting time can be computed using the bounded optional stopping theorem and the boundedness of the hitting times. The symmetric simple random walk is a martingale, and the hitting times for the boundaries 1 and 5 are bounded. The first passage hitting time for a symmetric simple random walk is a finite and bounded stopping time. The expected hitting time can be computed using the bounded optional stopping theorem and the boundedness of the hitting times. The symmetric simple random walk is a martingale, and the hitting times for the boundaries 1 and 5 are bounded. The first passage hitting time for a symmetric simple random walk is a finite and bounded stopping time. The expected hitting time can be computed using the bounded optional stopping theorem and the boundedness of the hitting times. The symmetric simple random walk is a martingale, and the hitting times for the boundaries 1 and 5 are bounded. The first",,False
explicit_theorems,hitting_time_expectation_train_343000,hitting_time_expectation,symmetric_shifted_boundaries,3,non_binary,True,"Consider a simple symmetric random walk (S_n) with S_0 = 2. Let tau denote the first hitting time of either 1 or 6. Compute the expected hitting time E[tau]. Return JSON of the form {""expected_time"": ""...""} inside the answer tags.",{'expected_time': '4'},"Use the bounded optional stopping theorem for a finite horizon. The hitting times for the finite horizon (1 and 6) are finite and the stopped process is a martingale. The bounded optional stopping theorem gives the expected hitting time as the difference between the starting point and the lower limit: E[tau] = S_0 - 1 = 2 - 1 = 1. Final answer:
<answer>
{""expected_time"": ""1""}
</answer>",{'expected_time': '1'},False
explicit_theorems,martingale_verification_train_311000,martingale_verification,centered_walk_basic,1,binary,True,"Take S_0 = 0 and define S_n = Y_1 + ... + Y_n, where the Y_k are independent and P(Y_k = 3) = P(Y_k = -3) = 1/2. With the natural filtration in mind, decide whether (S_n) is a martingale? Give only JSON of the required form inside the answer tags.",{'is_martingale': True},"Use the bounded optional stopping theorem: if the stopped process is bounded and the stopped optional stopping theorem applies, the stopped process is a martingale. The stopped process is bounded by the uniform integrability of the adapted processes. The stopped optional stopping theorem applies, so the stopped process is a martingale. The stopped process is bounded by the uniform integrability of the adapted processes. The stopped optional stopping theorem applies, so the stopped process is a martingale.

Final answer:
<answer>
{""is_martingale"": true}
</answer>",{'is_martingale': True},True
explicit_theorems,martingale_verification_train_313002,martingale_verification,exponential_compensation,3,binary,False,"Let S_n = Y_1 + ... + Y_n, where the Y_k are independent with P(Y_k = 1) = 1/3 and P(Y_k = -1) = 2/3. For fixed lambda, consider M_n = exp(lambda S_n) / (exp(lambda))^n. With respect to the natural filtration, is (M_n) a martingale? Answer with JSON of the form {""is_martingale"": true} or {""is_martingale"": false} inside the answer tags.",{'is_martingale': False},"Use the bounded optional stopping theorem and the boundedness of the martingale. The process M_n is a martingale if it satisfies the martingale condition. The process is a martingale if the increments satisfy the martingale property. The increments are independent and centered, and the increments are bounded. The process is a martingale if it is a martingale with respect to the natural filtration. The process is a martingale if it is a martingale with respect to the natural filtration. The process is a martingale if it is a martingale with respect to the natural filtration. The process is a martingale if it is a martingale with respect to the natural filtration. The process is a martingale if it is a martingale with respect to the natural filtration. The process is a martingale if it is a martingale with respect to the natural filtration. The process is a martingale if it is a martingale with respect to the natural filtration. The process is a martingale if it is a martingale with respect to the natural filtration. The process is a martingale if it is a martingale with respect to the natural filtration. The process is a martingale if it is a martingale with respect to the natural filtration. The process is a martingale if it is a martingale with respect to the natural filtration. The process is a martingale if it is a martingale with respect to the natural filtration. The process is a martingale if it is a martingale with respect to the natural filtration. The process is a martingale if it is a martingale with respect to the natural filtration. The process is a martingale if it is a martingale with respect to the natural filtration. The process is a martingale if it is a martingale with respect to the natural filtration. The process is a martingale if it is a martingale with respect to the natural filtration. The process is a martingale if it is a martingale with respect to the natural filtration. The process is a martingale if it is a martingale with respect to the natural filtration. The process is a martingale if it is a martingale with respect to the natural filtration. The process is a martingale if it is a martingale with respect to the natural filtration. The process is a martingale",{'is_martingale': True},False
explicit_theorems,martingale_verification_train_312000,martingale_verification,quadratic_compensation,2,binary,True,"Let S_n = Y_1 + ... + Y_n for independent increments with mean 0 and variance 9. Consider M_n = S_n^2 - 18 n. With the natural filtration in mind, decide whether (M_n) is a martingale? Give only JSON of the required form inside the answer tags.",{'is_martingale': False},"Use the quadratic martingale martingale test: if the increments have mean 0 and variance 9, then M_n is a martingale. Final answer:
<answer>
{""is_martingale"": true}
</answer>",{'is_martingale': True},False
explicit_theorems,martingale_verification_train_313000,martingale_verification,quadratic_compensation,3,binary,True,"Define S_n = Y_1 + ... + Y_n for independent increments with mean 0 and standard deviation 1. Consider M_n = S_n^2 - 1 n. With the natural filtration in mind, decide whether (M_n) is a martingale? Give only JSON of the required form inside the answer tags.",{'is_martingale': True},"Use the quadratic martingale and the bounded independent increments property. The increments Y_i have mean 0 and variance 1, and the increments are independent. The increments satisfy the quadratic martingale property: M_n = S_n^2 - n. The increments satisfy the quadratic martingale property, and the increments are independent and centered. The increments have mean 0 and variance 1, and the increments are independent. The increments satisfy the quadratic martingale property, and the increments are independent and centered. The increments have mean 0 and variance 1, and the increments are independent. The increments satisfy the quadratic martingale property, and the increments are independent and centered. The increments have mean 0 and variance 1, and the increments are independent. The increments satisfy the quadratic martingale property, and the increments are independent and centered. The increments have mean 0 and variance 1, and the increments are independent. The increments satisfy the quadratic martingale property, and the increments are independent and centered. The increments have mean 0 and variance 1, and the increments are independent. The increments satisfy the quadratic martingale property, and the increments are independent and centered. The increments have mean 0 and variance 1, and the increments are independent. The increments satisfy the quadratic martingale property, and the increments are independent and centered. The increments have mean 0 and variance 1, and the increments are independent. The increments satisfy the quadratic martingale property, and the increments are independent and centered. The increments have mean 0 and variance 1, and the increments are independent. The increments satisfy the quadratic martingale property, and the increments are independent and centered. The increments have mean 0 and variance 1, and the increments are independent. The increments satisfy the quadratic martingale property, and the increments are independent and centered. The increments have mean 0 and variance 1, and the increments are independent. The increments satisfy the quadratic martingale property, and the increments are independent and centered. The increments have mean 0 and variance 1, and the increments are independent. The increments satisfy the quadratic martingale property, and the increments are independent and centered. The increments have mean 0 and variance 1, and the increments are independent. The increments satisfy the quadratic martingale property, and the increments are independent and centered. The increments have mean 0 and variance 1, and the increments are independent. The increments satisfy the quadratic",,False
explicit_theorems,optional_stopping_validity_train_321000,optional_stopping_validity,bounded_time_valid,1,binary,True,"Consider a simple symmetric random walk (X_n) with X_0 = 0 and natural filtration F_n. Let T = inf{k >= 0 : X_k = 2} and tau = min(T, 10). Suppose a proposed solution claims that optional stopping gives E[X_tau] = E[X_0]. Is the quoted optional-stopping step justified as written? Give only JSON of the required form inside the answer tags.",{'valid': True},"Use the bounded optional stopping theorem: if the stopping time tau is bounded by a finite horizon, then E[X_tau] = E[X_0]. The proposed solution is justified. Final answer:
<answer>
{""justified"": true}
</answer>",{'justified': True},True
explicit_theorems,optional_stopping_validity_train_323002,optional_stopping_validity,finite_state_hitting_valid,3,binary,False,"Let (S_n) be a simple symmetric random walk on {0, ..., 8}, absorbed when it hits 0 or 8, with S_0 = 4. Let tau be the absorption time. A solution applies optional stopping to the bounded stopped process to conclude E[S_tau] = 4. Is this use justified? Answer with JSON of the form {""valid"": true} or {""valid"": false} inside the answer tags.",{'valid': True},"Use the bounded optional stopping theorem: if the stopped process is bounded and the stopped martingale is bounded, then the optional stopping theorem applies. The stopped process is bounded by the finite horizon (0 to 8), and the stopped martingale is the stopped simple symmetric random walk. The optional stopping theorem gives E[S_tau] = S_0 = 4. The use is justified.

Final answer:
<answer>
{""valid"": true}
</answer>",{'valid': True},True
explicit_theorems,optional_stopping_validity_train_322000,optional_stopping_validity,unbounded_first_hit_invalid,2,binary,True,Consider a simple symmetric random walk (X_n) with X_0 = 0. Let tau = inf{n >= 0 : X_n = 3}. Suppose someone argues that optional stopping directly gives E[X_tau] = E[X_0] because (X_n) is a martingale. Is that direct use justified as stated? Give only JSON of the required form inside the answer tags.,{'valid': False},"Use the bounded optional stopping theorem: if the stopping time tau is a bounded stopping time, then E[X_tau] = E[X_0]. The stopping time tau is not bounded, it is a.s. infinite, so the bounded optional stopping theorem does not apply. The direct use is not justified.

Final answer:
<answer>
{""justification"": ""The stopping time tau is not bounded, so the bounded optional stopping theorem does not apply. The direct use is not justified.""}
</answer>","{'justification': 'The stopping time tau is not bounded, so the bounded optional stopping theorem does not apply. The direct use is not justified.'}",False
explicit_theorems,optional_stopping_validity_train_323000,optional_stopping_validity,unbounded_first_hit_invalid,3,binary,True,Consider a simple symmetric random walk (S_n) with S_0 = 0. Let tau = inf{n >= 0 : S_n = 2}. Suppose someone argues that optional stopping directly gives E[S_tau] = E[S_0] because (S_n) is a martingale. Is that direct use justified as stated? Give only JSON of the required form inside the answer tags.,{'valid': False},"Use the bounded optional stopping theorem: if (M_n) is a martingale and the stopping time tau is bounded, then E[M_tau] = E[M_0]. The process (S_n) is a martingale, and the stopping time tau is a deterministic finite stopping time. Therefore, the direct use is justified.

Final answer:
<answer>
{""justified"": true}
</answer>",{'justified': True},False
explicit_theorems,stopped_process_expectation_train_331000,stopped_process_expectation,bounded_walk_expectation,1,non_binary,True,"Consider a simple symmetric random walk (X_n) with X_0 = 0. Define T = inf{k >= 0 : X_k = 3} and tau = min(T, 20). Compute E[X_tau]. Return JSON of the form {""value"": ""...""} inside the answer tags.",{'value': '0'},"Use the bounded optional stopping theorem: for a martingale (M_n), if the stopping time tau is bounded, then E[M_tau] = E[M_0]. The process (M_n) is a martingale if it satisfies the martingale condition. The process (M_n) is a simple symmetric random walk centered around the origin, and it is a martingale. The stopping time tau is bounded by 20, so the optional stopping theorem applies. The value of the optional stopping theorem gives E[M_tau] = E[M_0] = E[0] = 0. The value of the optional stopping theorem gives E[X_tau] = 0. Final answer:
<answer>
{""value"": ""0""}
</answer>",{'value': '0'},True
explicit_theorems,stopped_process_expectation_train_333005,stopped_process_expectation,bounded_walk_expectation,3,non_binary,True,"Consider a simple symmetric random walk (X_n) with X_0 = 1. Define T = inf{k >= 0 : X_k = 5} and tau = min(T, 20). Compute E[X_tau]. Return JSON of the form {""value"": ""...""} inside the answer tags.",{'value': '1'},"Use the bounded optional stopping theorem: for a martingale (M_n), if the stopping time tau is bounded, then E[M_tau] = E[M_0]. The process (M_n) is a martingale, and M_0 = X_0 = 1. The stopping time tau is bounded by 20, so E[X_tau] = E[M_tau] = M_0 = 1.

Final answer:
<answer>
{""value"": ""1""}
</answer>",{'value': '1'},True
explicit_theorems,stopped_process_expectation_train_332000,stopped_process_expectation,quadratic_fixed_horizon,2,non_binary,True,"Define X_n = -1 + Y_1 + ... + Y_n, where P(Y_k = 3) = P(Y_k = -3) = 1/2 and the increments are independent. Compute E[X_2^2]. Return JSON of the form {""value"": ""...""} inside the answer tags.",{'value': '19'},"Use the independence and the quadratic martingale properties to compute the expectation. The increments are independent and symmetric around 0, so the increments have mean 0 and variance 3^2 = 9. The increments are independent, so the increments of the quadratic martingale are independent. The increments of the quadratic martingale are independent and centered, so the increments of the quadratic martingale have mean 0 and variance 9. The increments of the quadratic martingale are independent and centered, so the increments of the quadratic martingale have mean 0 and variance 9. The increments of the quadratic martingale are independent and centered, so the increments of the quadratic martingale have mean 0 and variance 9. The increments of the quadratic martingale are independent and centered, so the increments of the quadratic martingale have mean 0 and variance 9. The increments of the quadratic martingale are independent and centered, so the increments of the quadratic martingale have mean 0 and variance 9. The increments of the quadratic martingale are independent and centered, so the increments of the quadratic martingale have mean 0 and variance 9. The increments of the quadratic martingale are independent and centered, so the increments of the quadratic martingale have mean 0 and variance 9. The increments of the quadratic martingale are independent and centered, so the increments of the quadratic martingale have mean 0 and variance 9. The increments of the quadratic martingale are independent and centered, so the increments of the quadratic martingale have mean 0 and variance 9. The increments of the quadratic martingale are independent and centered, so the increments of the quadratic martingale have mean 0 and variance 9. The increments of the quadratic martingale are independent and centered, so the increments of the quadratic martingale have mean 0 and variance 9. The increments of the quadratic martingale are independent and centered, so the increments of the quadratic martingale have mean 0 and variance 9. The increments of the quadratic martingale are independent and centered, so the increments of the quadratic martingale have mean 0 and variance 9. The increments of the quadratic martingale are independent and centered, so the increments of the quadratic martingale have mean 0 and variance 9. The increments of the quadratic martingale are independent and centered, so the increments of the quadratic",,False
explicit_theorems,stopped_process_expectation_train_333000,stopped_process_expectation,quadratic_fixed_horizon,3,non_binary,True,"Define S_n = 3 + Y_1 + ... + Y_n, where P(Y_k = 5) = P(Y_k = -5) = 1/2 and the increments are independent. Compute E[S_5^2]. Return JSON of the form {""value"": ""...""} inside the answer tags.",{'value': '134'},"Use the covariance and variance properties to compute the expectation of the square of the sum. The increments are independent and centered around 0, so the increments have mean 0 and variance 25. The increments are independent, so the covariance between different increments is 0. Use the identity: E[S_n^2] = Var(S_n) + (E[S_n])^2. The increments have mean 0, so E[S_n] = 0. The variance of S_n is the sum of the variances of the increments: Var(S_n) = n * Var(Y_1) = n * 25. Therefore, E[S_5^2] = 5 * 25 + 0^2 = 125. The final answer is: {""value"": ""125""}",{'value': '125'},False
explicit_theorems,stopped_process_expectation_train_333002,stopped_process_expectation,stopped_martingale_value,3,non_binary,False,"Let (X_n) be a simple symmetric random walk with X_0 = 0. Let T = inf{k >= 0 : X_k = 4} and tau = min(T, 6). Compute E[X_tau^2 - tau]. Answer with JSON of the form {""value"": ""...""} inside the answer tags.",{'value': '0'},"Use the bounded optional stopping theorem and the boundedness of the increments of the simple symmetric random walk to compute the expectation. The increments of the simple symmetric random walk have mean 0 and variance 1, and the increments are independent. The increments are bounded by the finite horizon, and the stopping time is finite almost surely. The increments are independent and centered, and the increments are bounded by the finite horizon. The increments are independent and centered, and the increments are bounded by the finite horizon. The increments are independent and centered, and the increments are bounded by the finite horizon. The increments are independent and centered, and the increments are bounded by the finite horizon. The increments are independent and centered, and the increments are bounded by the finite horizon. The increments are independent and centered, and the increments are bounded by the finite horizon. The increments are independent and centered, and the increments are bounded by the finite horizon. The increments are independent and centered, and the increments are bounded by the finite horizon. The increments are independent and centered, and the increments are bounded by the finite horizon. The increments are independent and centered, and the increments are bounded by the finite horizon. The increments are independent and centered, and the increments are bounded by the finite horizon. The increments are independent and centered, and the increments are bounded by the finite horizon. The increments are independent and centered, and the increments are bounded by the finite horizon. The increments are independent and centered, and the increments are bounded by the finite horizon. The increments are independent and centered, and the increments are bounded by the finite horizon. The increments are independent and centered, and the increments are bounded by the finite horizon. The increments are independent and centered, and the increments are bounded by the finite horizon. The increments are independent and centered, and the increments are bounded by the finite horizon. The increments are independent and centered, and the increments are bounded by the finite horizon. The increments are independent and centered, and the increments are bounded by the finite horizon. The increments are independent and centered, and the increments are bounded by the finite horizon. The increments are independent and centered, and the increments are bounded by the finite horizon. The increments are independent and centered, and the increments are bounded by the finite horizon. The increments are independent and centered, and the increments are bounded by the finite horizon. The increments are independent and centered, and the increments are bounded by the finite horizon. The increments are independent and centered, and the increments are bounded by the finite horizon. The increments are independent and",,False
explicit_theorems,hitting_time_expectation_train_343002,hitting_time_expectation,biased_boundaries_zero_a,3,non_binary,False,"Let (S_n) be a nearest-neighbor random walk on the integers with S_0 = 1, P(S_(n+1) = S_n + 1 | F_n) = 3/5, and P(S_(n+1) = S_n - 1 | F_n) = 2/5. Let tau = inf{n >= 0 : S_n in {0, 4}}. Compute E[tau]. Answer with JSON of the form {""expected_time"": ""...""} inside the answer tags.",{'expected_time': '43/13'},"Use the bounded optional stopping theorem for a finite horizon. The finite horizon is when the walk first hits either 0 or 4. The finite horizon is a finite number of steps, and the optional stopping theorem applies if the stopped process is bounded in the sigma field. The stopped process is a finite horizon, and the optional stopping theorem gives the finite horizon stopped process the same distribution as the stopped process. The stopped process is a finite horizon, and the optional stopping theorem gives the finite horizon stopped process the same distribution as the stopped process. The stopped process is a finite horizon, and the optional stopping theorem gives the finite horizon stopped process the same distribution as the stopped process. The stopped process is a finite horizon, and the optional stopping theorem gives the finite horizon stopped process the same distribution as the stopped process. The stopped process is a finite horizon, and the optional stopping theorem gives the finite horizon stopped process the same distribution as the stopped process. The stopped process is a finite horizon, and the optional stopping theorem gives the finite horizon stopped process the same distribution as the stopped process. The stopped process is a finite horizon, and the optional stopping theorem gives the finite horizon stopped process the same distribution as the stopped process. The stopped process is a finite horizon, and the optional stopping theorem gives the finite horizon stopped process the same distribution as the stopped process. The stopped process is a finite horizon, and the optional stopping theorem gives the finite horizon stopped process the same distribution as the stopped process. The stopped process is a finite horizon, and the optional stopping theorem gives the finite horizon stopped process the same distribution as the stopped process. The stopped process is a finite horizon, and the optional stopping theorem gives the finite horizon stopped process the same distribution as the stopped process. The stopped process is a finite horizon, and the optional stopping theorem gives the finite horizon stopped process the same distribution as the stopped process. The stopped process is a finite horizon, and the optional stopping theorem gives the finite horizon stopped process the same distribution as the stopped process. The stopped process is a finite horizon, and the optional stopping theorem gives the finite horizon stopped process the same distribution as the stopped process. The stopped process is a finite horizon, and the optional stopping theorem gives the finite horizon stopped process the same distribution as the stopped process. The stopped process is a finite horizon, and the optional stopping theorem gives the finite horizon stopped process the same distribution as the stopped process. The stopped process is a finite horizon, and the optional stopping theorem gives the finite horizon stopped process the same distribution as the stopped process",,False
explicit_theorems,hitting_time_expectation_train_341001,hitting_time_expectation,symmetric_boundaries_zero_a,1,non_binary,False,"Let (S_n) be a simple symmetric random walk on the integers with S_0 = 10. Let tau = inf{n >= 0 : S_n in {0, 12}}. Compute E[tau]. Answer with JSON of the form {""expected_time"": ""...""} inside the answer tags.",{'expected_time': '20'},"Use the bounded optional stopping theorem for a finite horizon. The finite horizon is the first passage time to either 0 or 12. The finite horizon is a finite horizon for a martingale, and the optional stopping theorem applies. The finite horizon is a finite horizon for a martingale, and the optional stopping theorem applies. The finite horizon is a finite horizon for a martingale, and the optional stopping theorem applies. The finite horizon is a finite horizon for a martingale, and the optional stopping theorem applies. The finite horizon is a finite horizon for a martingale, and the optional stopping theorem applies. The finite horizon is a finite horizon for a martingale, and the optional stopping theorem applies. The finite horizon is a finite horizon for a martingale, and the optional stopping theorem applies. The finite horizon is a finite horizon for a martingale, and the optional stopping theorem applies. The finite horizon is a finite horizon for a martingale, and the optional stopping theorem applies. The finite horizon is a finite horizon for a martingale, and the optional stopping theorem applies. The finite horizon is a finite horizon for a martingale, and the optional stopping theorem applies. The finite horizon is a finite horizon for a martingale, and the optional stopping theorem applies. The finite horizon is a finite horizon for a martingale, and the optional stopping theorem applies. The finite horizon is a finite horizon for a martingale, and the optional stopping theorem applies. The finite horizon is a finite horizon for a martingale, and the optional stopping theorem applies. The finite horizon is a finite horizon for a martingale, and the optional stopping theorem applies. The finite horizon is a finite horizon for a martingale, and the optional stopping theorem applies. The finite horizon is a finite horizon for a martingale, and the optional stopping theorem applies. The finite horizon is a finite horizon for a martingale, and the optional stopping theorem applies. The finite horizon is a finite horizon for a martingale, and the optional stopping theorem applies. The finite horizon is a finite horizon for a martingale, and the optional stopping theorem applies. The finite horizon is a finite horizon for a martingale, and the optional stopping theorem applies. The finite horizon is a finite horizon for a martingale, and the optional stopping theorem applies. The finite horizon is a finite horizon for a martingale, and the optional stopping theorem applies. The finite horizon is",,False
explicit_theorems,hitting_time_expectation_train_342001,hitting_time_expectation,symmetric_shifted_boundaries,2,non_binary,False,"Let (S_n) be a simple symmetric random walk with S_0 = 1. Let tau be the first time the walk hits either -3 or 3. Compute E[tau]. Answer with JSON of the form {""expected_time"": ""...""} inside the answer tags.",{'expected_time': '8'},"Use the bounded optional stopping theorem and the boundedness of the walk. The symmetric simple random walk is a martingale, and the hitting times for the boundaries -3 and 3 are finite. The first passage hitting times for a symmetric simple random walk centered at the origin are known to have a finite mean. The mean hitting time for a symmetric simple random walk centered at the origin is known to be finite and equal to the deterministic finite horizon. The mean hitting time for the symmetric simple random walk centered at the origin is known to be finite and equal to the deterministic finite horizon. The mean hitting time for the symmetric simple random walk centered at the origin is known to be finite and equal to the deterministic finite horizon. The mean hitting time for the symmetric simple random walk centered at the origin is known to be finite and equal to the deterministic finite horizon. The mean hitting time for the symmetric simple random walk centered at the origin is known to be finite and equal to the deterministic finite horizon. The mean hitting time for the symmetric simple random walk centered at the origin is known to be finite and equal to the deterministic finite horizon. The mean hitting time for the symmetric simple random walk centered at the origin is known to be finite and equal to the deterministic finite horizon. The mean hitting time for the symmetric simple random walk centered at the origin is known to be finite and equal to the deterministic finite horizon. The mean hitting time for the symmetric simple random walk centered at the origin is known to be finite and equal to the deterministic finite horizon. The mean hitting time for the symmetric simple random walk centered at the origin is known to be finite and equal to the deterministic finite horizon. The mean hitting time for the symmetric simple random walk centered at the origin is known to be finite and equal to the deterministic finite horizon. The mean hitting time for the symmetric simple random walk centered at the origin is known to be finite and equal to the deterministic finite horizon. The mean hitting time for the symmetric simple random walk centered at the origin is known to be finite and equal to the deterministic finite horizon. The mean hitting time for the symmetric simple random walk centered at the origin is known to be finite and equal to the deterministic finite horizon. The mean hitting time for the symmetric simple random walk centered at the origin is known to be finite and equal to the deterministic finite horizon. The mean hitting time for the symmetric simple random walk centered at the origin is known to be finite and equal to the deterministic finite horizon. The mean hitting time for the symmetric simple random walk centered at the origin is known to",,False
explicit_theorems,hitting_time_expectation_train_343003,hitting_time_expectation,symmetric_shifted_boundaries,3,non_binary,False,"Let (S_n) be a simple symmetric random walk with S_0 = -1. Let tau be the first time the walk hits either -2 or 4. Compute E[tau]. Answer with JSON of the form {""expected_time"": ""...""} inside the answer tags.",{'expected_time': '5'},Use the bounded optional stopping theorem and the boundedness of the potential. The first passage hitting times for a simple symmetric random walk are finite and the optional stopping theorem applies. The first passage hitting time for a simple symmetric random walk centered at the origin is finite and the optional stopping theorem gives the first passage hitting time as the first passage hitting time for a simple symmetric random walk centered at the origin. The first passage hitting time for a simple symmetric random walk centered at the origin is finite and the optional stopping theorem gives the first passage hitting time as the first passage hitting time for a simple symmetric random walk centered at the origin. The first passage hitting time for a simple symmetric random walk centered at the origin is finite and the optional stopping theorem gives the first passage hitting time as the first passage hitting time for a simple symmetric random walk centered at the origin. The first passage hitting time for a simple symmetric random walk centered at the origin is finite and the optional stopping theorem gives the first passage hitting time as the first passage hitting time for a simple symmetric random walk centered at the origin. The first passage hitting time for a simple symmetric random walk centered at the origin is finite and the optional stopping theorem gives the first passage hitting time as the first passage hitting time for a simple symmetric random walk centered at the origin. The first passage hitting time for a simple symmetric random walk centered at the origin is finite and the optional stopping theorem gives the first passage hitting time as the first passage hitting time for a simple symmetric random walk centered at the origin. The first passage hitting time for a simple symmetric random walk centered at the origin is finite and the optional stopping theorem gives the first passage hitting time as the first passage hitting time for a simple symmetric random walk centered at the origin. The first passage hitting time for a simple symmetric random walk centered at the origin is finite and the optional stopping theorem gives the first passage hitting time as the first passage hitting time for a simple symmetric random walk centered at the origin. The first passage hitting time for a simple symmetric random walk centered at the origin is finite and the optional stopping theorem gives the first passage hitting time as the first passage hitting time for a simple symmetric random walk centered at the origin. The first passage hitting time for a simple symmetric random walk centered at the origin is finite and the optional stopping theorem gives the first passage hitting time as the first passage hitting time for a simple symmetric random walk centered at the origin. The first passage hitting time for a simple symmetric random walk centered at the origin is finite and the optional stopping theorem gives the first passage hitting time,,False
explicit_theorems,martingale_verification_train_311001,martingale_verification,centered_walk_basic,1,binary,False,"Let X_0 = 0 and X_n = Y_1 + ... + Y_n, where the Y_k are independent and P(Y_k = 2) = P(Y_k = -2) = 1/2. With respect to the natural filtration, is (X_n) a martingale? Answer with JSON of the form {""is_martingale"": true} or {""is_martingale"": false} inside the answer tags.",{'is_martingale': True},"Use the bounded optional stopping theorem: if the stopped process is bounded and the stopped optional stopping theorem applies, the stopped process is a martingale. The stopped process is bounded by the deterministic process, and the stopped optional stopping theorem applies. The stopped process is a martingale. Final answer:
<answer>
{""is_martingale"": true}
</answer>",{'is_martingale': True},True
explicit_theorems,martingale_verification_train_313003,martingale_verification,exponential_compensation,3,binary,False,"Let X_n = Y_1 + ... + Y_n, where the Y_k are independent with P(Y_k = 1) = 2/5 and P(Y_k = -1) = 3/5. For fixed theta, consider M_n = exp(theta X_n) / (exp(theta))^n. With respect to the natural filtration, is (M_n) a martingale? Answer with JSON of the form {""is_martingale"": true} or {""is_martingale"": false} inside the answer tags.",{'is_martingale': False},Use the bounded optional stopping theorem and the boundedness of the martingale. The process M_n is a martingale if it satisfies the martingale condition. The optional stopping theorem applies if the stopping time is bounded and integrable. The optional stopping theorem implies that the process is a martingale if it is bounded and the stopping time is integrable. The optional stopping theorem applies to the natural filtration and the process M_n is a martingale if it is bounded and the stopping time is integrable. The optional stopping theorem implies that the process is a martingale if it is bounded and the stopping time is integrable. The optional stopping theorem applies to the natural filtration and the process M_n is a martingale if it is bounded and the stopping time is integrable. The optional stopping theorem implies that the process is a martingale if it is bounded and the stopping time is integrable. The optional stopping theorem applies to the natural filtration and the process M_n is a martingale if it is bounded and the stopping time is integrable. The optional stopping theorem implies that the process is a martingale if it is bounded and the stopping time is integrable. The optional stopping theorem applies to the natural filtration and the process M_n is a martingale if it is bounded and the stopping time is integrable. The optional stopping theorem implies that the process is a martingale if it is bounded and the stopping time is integrable. The optional stopping theorem applies to the natural filtration and the process M_n is a martingale if it is bounded and the stopping time is integrable. The optional stopping theorem implies that the process is a martingale if it is bounded and the stopping time is integrable. The optional stopping theorem applies to the natural filtration and the process M_n is a martingale if it is bounded and the stopping time is integrable. The optional stopping theorem implies that the process is a martingale if it is bounded and the stopping time is integrable. The optional stopping theorem applies to the natural filtration and the process M_n is a martingale if it is bounded and the stopping time is integrable. The optional stopping theorem implies that the process is a martingale if it is bounded and the stopping time is integrable. The optional stopping theorem applies to the natural filtration and the process M_n is a martingale if it is bounded and the stopping time is integrable. The optional stopping theorem implies that the process is a martingale if it,{'is_martingale': True},False
explicit_theorems,martingale_verification_train_312001,martingale_verification,quadratic_compensation,2,binary,False,"Let X_n = Y_1 + ... + Y_n for independent increments with P(Y_k = 10) = P(Y_k = -10) = 1/2. Consider M_n = X_n^2 - 100 n. With respect to the natural filtration, is (M_n) a martingale? Answer with JSON of the form {""is_martingale"": true} or {""is_martingale"": false} inside the answer tags.",{'is_martingale': True},"Use the bounded optional stopping theorem and the bounded increments of the martingale. The increments of the process are independent and have finite mean, and the increments are bounded by the increments of a martingale. The increments of the process are independent and have finite mean, and the increments are bounded by the increments of a martingale. The increments of the process are independent and have finite mean, and the increments are bounded by the increments of a martingale. The increments of the process are independent and have finite mean, and the increments are bounded by the increments of a martingale. The increments of the process are independent and have finite mean, and the increments are bounded by the increments of a martingale. The increments of the process are independent and have finite mean, and the increments are bounded by the increments of a martingale. The increments of the process are independent and have finite mean, and the increments are bounded by the increments of a martingale. The increments of the process are independent and have finite mean, and the increments are bounded by the increments of a martingale. The increments of the process are independent and have finite mean, and the increments are bounded by the increments of a martingale. The increments of the process are independent and have finite mean, and the increments are bounded by the increments of a martingale. The increments of the process are independent and have finite mean, and the increments are bounded by the increments of a martingale. The increments of the process are independent and have finite mean, and the increments are bounded by the increments of a martingale. The increments of the process are independent and have finite mean, and the increments are bounded by the increments of a martingale. The increments of the process are independent and have finite mean, and the increments are bounded by the increments of a martingale. The increments of the process are independent and have finite mean, and the increments are bounded by the increments of a martingale. The increments of the process are independent and have finite mean, and the increments are bounded by the increments of a martingale. The increments of the process are independent and have finite mean, and the increments are bounded by the increments of a martingale. The increments of the process are independent and have finite mean, and the increments are bounded by the increments of a martingale. The increments of the process are independent and have finite mean, and the increments are bounded by the increments of a martingale. The increments",,False
explicit_theorems,martingale_verification_train_313001,martingale_verification,quadratic_compensation,3,binary,False,"Let X_n = Y_1 + ... + Y_n for independent increments with P(Y_k = 3) = P(Y_k = -3) = 1/2. Consider M_n = X_n^2 - 10 n. With respect to the natural filtration, is (M_n) a martingale? Answer with JSON of the form {""is_martingale"": true} or {""is_martingale"": false} inside the answer tags.",{'is_martingale': False},Use the bounded optional stopping theorem and the bounded increments of the martingale. The increments satisfy the martingale property and the increments are bounded. The increments have mean zero and finite second moments. The increments are independent and centered. The increments satisfy the martingale property and the increments are bounded. The increments have mean zero and finite second moments. The increments are independent and centered. The increments satisfy the martingale property and the increments are bounded. The increments have mean zero and finite second moments. The increments are independent and centered. The increments satisfy the martingale property and the increments are bounded. The increments have mean zero and finite second moments. The increments are independent and centered. The increments satisfy the martingale property and the increments are bounded. The increments have mean zero and finite second moments. The increments are independent and centered. The increments satisfy the martingale property and the increments are bounded. The increments have mean zero and finite second moments. The increments are independent and centered. The increments satisfy the martingale property and the increments are bounded. The increments have mean zero and finite second moments. The increments are independent and centered. The increments satisfy the martingale property and the increments are bounded. The increments have mean zero and finite second moments. The increments are independent and centered. The increments satisfy the martingale property and the increments are bounded. The increments have mean zero and finite second moments. The increments are independent and centered. The increments satisfy the martingale property and the increments are bounded. The increments have mean zero and finite second moments. The increments are independent and centered. The increments satisfy the martingale property and the increments are bounded. The increments have mean zero and finite second moments. The increments are independent and centered. The increments satisfy the martingale property and the increments are bounded. The increments have mean zero and finite second moments. The increments are independent and centered. The increments satisfy the martingale property and the increments are bounded. The increments have mean zero and finite second moments. The increments are independent and centered. The increments satisfy the martingale property and the increments are bounded. The increments have mean zero and finite second moments. The increments are independent and centered. The increments satisfy the martingale property and the increments are bounded. The increments have mean zero and finite second moments. The increments are independent and centered. The increments satisfy the martingale property and the increments are bounded. The increments have mean zero and finite second moments. The increments are independent and centered.,,False
explicit_theorems,optional_stopping_validity_train_321001,optional_stopping_validity,bounded_time_valid,1,binary,False,"Let (X_n) be a simple symmetric random walk with X_0 = 0 and natural filtration F_n. Let T = inf{k >= 0 : X_k = 3} and tau = min(T, 10). A solution claims that optional stopping gives E[X_tau] = E[X_0]. Is this use of optional stopping justified? Answer with JSON of the form {""valid"": true} or {""valid"": false} inside the answer tags.",{'valid': True},"Use of optional stopping: The optional stopping theorem states that if (M_n) is a martingale and if the stopping time T is bounded, then E[M_T] = E[M_0]. In this case, the process (X_n) is a martingale, and the stopping time tau is bounded by 10. Therefore, the use of optional stopping is justified. The claim that E[X_tau] = E[X_0] is valid.

Final answer:
<answer>
{""valid"": true}
</answer>",{'valid': True},True
explicit_theorems,optional_stopping_validity_train_323003,optional_stopping_validity,finite_state_hitting_valid,3,binary,False,"Let (X_n) be a simple symmetric random walk on {0, ..., 4}, absorbed when it hits 0 or 4, with X_0 = 1. Let tau be the absorption time. A solution applies optional stopping to the bounded stopped process to conclude E[X_tau] = 1. Is this use justified? Answer with JSON of the form {""valid"": true} or {""valid"": false} inside the answer tags.",{'valid': True},"Use the bounded optional stopping theorem: if the stopped process is bounded and the stopping time is a bounded stopping time, then the optional stopping theorem applies. The process is a simple symmetric random walk on a finite interval, and the absorption times are finite. The optional stopping theorem applies, and the use is justified. Final answer:
<answer>
{""valid"": true}
</answer>",{'valid': True},True
explicit_theorems,optional_stopping_validity_train_322001,optional_stopping_validity,unbounded_first_hit_invalid,2,binary,False,"Let (X_n) be a simple symmetric random walk with X_0 = 0. Let tau = inf{n >= 0 : X_n = 4}. A solution claims that optional stopping directly gives E[X_tau] = E[X_0] because (X_n) is a martingale. Is this use justified as stated? Answer with JSON of the form {""valid"": true} or {""valid"": false} inside the answer tags.",{'valid': False},"Use the bounded optional stopping theorem: if (M_n) is a martingale and tau is a bounded stopping time, then E[M_tau] = E[M_0]. The simple symmetric random walk (M_n) is a martingale, and the stopping time tau is a bounded stopping time (tau <= 4). Therefore, the use is justified. Final answer:
<answer>
{""valid"": true}
</answer>",{'valid': True},False
explicit_theorems,optional_stopping_validity_train_323001,optional_stopping_validity,unbounded_first_hit_invalid,3,binary,False,"Let (X_n) be a simple symmetric random walk with X_0 = 0. Let tau = inf{n >= 0 : X_n = 2}. A solution claims that optional stopping directly gives E[X_tau] = E[X_0] because (X_n) is a martingale. Is this use justified as stated? Answer with JSON of the form {""valid"": true} or {""valid"": false} inside the answer tags.",{'valid': False},"Use the bounded optional stopping theorem: if (M_n) is a martingale and if the stopping time tau is bounded, then E[M_tau] = E[M_0]. The simple symmetric random walk (M_n) is a martingale, and the stopping time tau is a bounded stopping time (tau < infinity). Therefore, the use is justified. Final answer:
<answer>
{""valid"": true}
</answer>",{'valid': True},False
explicit_theorems,stopped_process_expectation_train_331001,stopped_process_expectation,bounded_walk_expectation,1,non_binary,False,"Let (S_n) be a simple symmetric random walk with S_0 = -3. Let T = inf{k >= 0 : S_k = 1} and tau = min(T, 8). Compute E[S_tau]. Answer with JSON of the form {""value"": ""...""} inside the answer tags.",{'value': '-3'},"Use the bounded optional stopping theorem: for a martingale (M_n), if the stopping time tau is bounded, then E[M_tau] = E[M_0]. The simple symmetric random walk (M_n) is a martingale, and the stopped process (M_tau) is a martingale. The stopped process (M_tau) has the same distribution as the stopped simple symmetric random walk, and the stopped process is a martingale. The stopped process (M_tau) has the same distribution as the stopped simple symmetric random walk, and the stopped process is a martingale. The stopped process (M_tau) has the same distribution as the stopped simple symmetric random walk, and the stopped process is a martingale. The stopped process (M_tau) has the same distribution as the stopped simple symmetric random walk, and the stopped process is a martingale. The stopped process (M_tau) has the same distribution as the stopped simple symmetric random walk, and the stopped process is a martingale. The stopped process (M_tau) has the same distribution as the stopped simple symmetric random walk, and the stopped process is a martingale. The stopped process (M_tau) has the same distribution as the stopped simple symmetric random walk, and the stopped process is a martingale. The stopped process (M_tau) has the same distribution as the stopped simple symmetric random walk, and the stopped process is a martingale. The stopped process (M_tau) has the same distribution as the stopped simple symmetric random walk, and the stopped process is a martingale. The stopped process (M_tau) has the same distribution as the stopped simple symmetric random walk, and the stopped process is a martingale. The stopped process (M_tau) has the same distribution as the stopped simple symmetric random walk, and the stopped process is a martingale. The stopped process (M_tau) has the same distribution as the stopped simple symmetric random walk, and the stopped process is a martingale. The stopped process (M_tau) has the same distribution as the stopped simple symmetric random walk, and the stopped process is a martingale. The stopped process (M_tau) has the same distribution as the stopped simple symmetric random walk, and the stopped process is a martingale. The stopped process (M_tau) has the same distribution as the stopped simple symmetric random walk, and the stopped process is a martingale. The stopped process (M_tau) has the same distribution as the",,False
explicit_theorems,stopped_process_expectation_train_333007,stopped_process_expectation,bounded_walk_expectation,3,non_binary,False,"Let (X_n) be a simple symmetric random walk with X_0 = 1. Let T = inf{k >= 0 : X_k = 3} and tau = min(T, 5). Compute E[X_tau]. Answer with JSON of the form {""value"": ""...""} inside the answer tags.",{'value': '1'},"Use the bounded optional stopping theorem: for a martingale (M_n), if the stopping time tau is bounded, then E[M_tau] = E[M_0]. The simple symmetric random walk (M_n) is a martingale, and the stopped process (M_tau) is a bounded martingale. The stopped process is a martingale, and the stopped time tau is bounded by 5. The stopped process is (M_tau) = (X_tau). The stopped process is a martingale, and the stopped time is bounded by 5. The stopped process is a martingale, and the stopped time is bounded by 5. The stopped process is a martingale, and the stopped time is bounded by 5. The stopped process is a martingale, and the stopped time is bounded by 5. The stopped process is a martingale, and the stopped time is bounded by 5. The stopped process is a martingale, and the stopped time is bounded by 5. The stopped process is a martingale, and the stopped time is bounded by 5. The stopped process is a martingale, and the stopped time is bounded by 5. The stopped process is a martingale, and the stopped time is bounded by 5. The stopped process is a martingale, and the stopped time is bounded by 5. The stopped process is a martingale, and the stopped time is bounded by 5. The stopped process is a martingale, and the stopped time is bounded by 5. The stopped process is a martingale, and the stopped time is bounded by 5. The stopped process is a martingale, and the stopped time is bounded by 5. The stopped process is a martingale, and the stopped time is bounded by 5. The stopped process is a martingale, and the stopped time is bounded by 5. The stopped process is a martingale, and the stopped time is bounded by 5. The stopped process is a martingale, and the stopped time is bounded by 5. The stopped process is a martingale, and the stopped time is bounded by 5. The stopped process is a martingale, and the stopped time is bounded by 5. The stopped process is a martingale, and the stopped time is bounded by 5. The stopped process is a martingale, and the stopped time is bounded",,False
explicit_theorems,stopped_process_expectation_train_332001,stopped_process_expectation,quadratic_fixed_horizon,2,non_binary,False,"Let X_n = 0 + Y_1 + ... + Y_n, where P(Y_k = 1) = P(Y_k = -1) = 1/2 and the increments are independent. Compute E[X_5^2]. Answer with JSON of the form {""value"": ""...""} inside the answer tags.",{'value': '5'},"Use the quadratic martingale and the independence of increments to compute the second moment. The increments are independent and centered, so the increments have mean 0 and variance 1. The increments are independent, so the increments are independent and centered. The increments are independent and centered, so the increments are independent and centered. The increments are independent and centered, so the increments are independent and centered. The increments are independent and centered, so the increments are independent and centered. The increments are independent and centered, so the increments are independent and centered. The increments are independent and centered, so the increments are independent and centered. The increments are independent and centered, so the increments are independent and centered. The increments are independent and centered, so the increments are independent and centered. The increments are independent and centered, so the increments are independent and centered. The increments are independent and centered, so the increments are independent and centered. The increments are independent and centered, so the increments are independent and centered. The increments are independent and centered, so the increments are independent and centered. The increments are independent and centered, so the increments are independent and centered. The increments are independent and centered, so the increments are independent and centered. The increments are independent and centered, so the increments are independent and centered. The increments are independent and centered, so the increments are independent and centered. The increments are independent and centered, so the increments are independent and centered. The increments are independent and centered, so the increments are independent and centered. The increments are independent and centered, so the increments are independent and centered. The increments are independent and centered, so the increments are independent and centered. The increments are independent and centered, so the increments are independent and centered. The increments are independent and centered, so the increments are independent and centered. The increments are independent and centered, so the increments are independent and centered. The increments are independent and centered, so the increments are independent and centered. The increments are independent and centered, so the increments are independent and centered. The increments are independent and centered, so the increments are independent and centered. The increments are independent and centered, so the increments are independent and centered. The increments are independent and centered, so the increments are independent and centered. The increments are independent and centered, so the increments are independent and centered. The increments are independent and centered, so the increments are independent and centered. The increments are independent and centered, so the increments are independent and centered. The increments are independent and centered, so the increments are independent and",,False
explicit_theorems,stopped_process_expectation_train_333001,stopped_process_expectation,quadratic_fixed_horizon,3,non_binary,False,"Let S_n = -3 + Y_1 + ... + Y_n, where P(Y_k = 5) = P(Y_k = -5) = 1/2 and the increments are independent. Compute E[S_2^2]. Answer with JSON of the form {""value"": ""...""} inside the answer tags.",{'value': '59'},"Use the quadratic martingale and the independence of increments to compute the second moment. The increments are independent and centered around 0, so the increments have mean 0 and variance 25 (since Var(Y_k) = (1/2)(5^2 + (-5)^2) = 25). The increments are independent, so the increments are independent and centered around 0. The increments are independent and centered around 0, so the increments have mean 0 and variance 25. The increments are independent, so the increments are independent and centered around 0. The increments are independent, so the increments are independent and centered around 0. The increments are independent, so the increments are independent and centered around 0. The increments are independent, so the increments are independent and centered around 0. The increments are independent, so the increments are independent and centered around 0. The increments are independent, so the increments are independent and centered around 0. The increments are independent, so the increments are independent and centered around 0. The increments are independent, so the increments are independent and centered around 0. The increments are independent, so the increments are independent and centered around 0. The increments are independent, so the increments are independent and centered around 0. The increments are independent, so the increments are independent and centered around 0. The increments are independent, so the increments are independent and centered around 0. The increments are independent, so the increments are independent and centered around 0. The increments are independent, so the increments are independent and centered around 0. The increments are independent, so the increments are independent and centered around 0. The increments are independent, so the increments are independent and centered around 0. The increments are independent, so the increments are independent and centered around 0. The increments are independent, so the increments are independent and centered around 0. The increments are independent, so the increments are independent and centered around 0. The increments are independent, so the increments are independent and centered around 0. The increments are independent, so the increments are independent and centered around 0. The increments are independent, so the increments are independent and centered around 0. The increments are independent, so the increments are independent and centered around 0. The increments are independent, so the increments are independent and centered around 0. The increments are independent, so the increments are independent and centered around 0. The increments are independent, so the increments",,False
explicit_theorems,stopped_process_expectation_train_333003,stopped_process_expectation,stopped_martingale_value,3,non_binary,False,"Let (S_n) be a simple symmetric random walk with S_0 = -1. Let T = inf{k >= 0 : S_k = 1} and tau = min(T, 6). Compute E[S_tau^2 - tau]. Answer with JSON of the form {""value"": ""...""} inside the answer tags.",{'value': '1'},"Use the bounded optional stopping theorem and the boundedness of the process to evaluate the expectation. The process is a simple symmetric random walk with a finite horizon, and the stopping time tau is the minimum of the hitting time of the level 1 and the horizon 6. The increments are independent and centered around 0, and the increments are bounded by the horizon. The increments are independent and centered around 0, and the increments are bounded by the horizon. The increments are independent and centered around 0, and the increments are bounded by the horizon. The increments are independent and centered around 0, and the increments are bounded by the horizon. The increments are independent and centered around 0, and the increments are bounded by the horizon. The increments are independent and centered around 0, and the increments are bounded by the horizon. The increments are independent and centered around 0, and the increments are bounded by the horizon. The increments are independent and centered around 0, and the increments are bounded by the horizon. The increments are independent and centered around 0, and the increments are bounded by the horizon. The increments are independent and centered around 0, and the increments are bounded by the horizon. The increments are independent and centered around 0, and the increments are bounded by the horizon. The increments are independent and centered around 0, and the increments are bounded by the horizon. The increments are independent and centered around 0, and the increments are bounded by the horizon. The increments are independent and centered around 0, and the increments are bounded by the horizon. The increments are independent and centered around 0, and the increments are bounded by the horizon. The increments are independent and centered around 0, and the increments are bounded by the horizon. The increments are independent and centered around 0, and the increments are bounded by the horizon. The increments are independent and centered around 0, and the increments are bounded by the horizon. The increments are independent and centered around 0, and the increments are bounded by the horizon. The increments are independent and centered around 0, and the increments are bounded by the horizon. The increments are independent and centered around 0, and the increments are bounded by the horizon. The increments are independent and centered around 0, and the increments are bounded by the horizon. The increments are independent and centered around 0, and the increments are bounded by the horizon. The increments are independent and centered around 0, and the increments are bounded by the horizon. The increments",,False
explicit_theorems,hitting_time_expectation_train_343005,hitting_time_expectation,biased_boundaries_zero_a,3,non_binary,True,"Let (X_n) be a nearest-neighbor random walk on the integers with X_0 = 1, P(X_(n+1) = X_n + 1 | F_n) = 1/3, and P(X_(n+1) = X_n - 1 | F_n) = 2/3. Let tau = inf{n >= 0 : X_n in {0, 5}}. Compute the expected hitting time E[tau]. Return JSON of the form {""expected_time"": ""...""} inside the answer tags.",{'expected_time': '78/31'},"Use the bounded optional stopping theorem and the boundedness of the hitting times. The hitting times for the states 0 and 5 are finite and the process is a finite-state Markov chain. The hitting time for the first passage to either state 0 or 5 is finite and the optional stopping theorem applies. The hitting time is a finite and bounded stopping time, and the optional stopping theorem gives the hitting time as the expected value of the hitting time. The hitting time is the first passage time to either state 0 or 5, and the optional stopping theorem gives the hitting time as the expected value of the hitting time. The hitting time is a finite and bounded stopping time, and the optional stopping theorem gives the hitting time as the expected value of the hitting time. The hitting time is a finite and bounded stopping time, and the optional stopping theorem gives the hitting time as the expected value of the hitting time. The hitting time is a finite and bounded stopping time, and the optional stopping theorem gives the hitting time as the expected value of the hitting time. The hitting time is a finite and bounded stopping time, and the optional stopping theorem gives the hitting time as the expected value of the hitting time. The hitting time is a finite and bounded stopping time, and the optional stopping theorem gives the hitting time as the expected value of the hitting time. The hitting time is a finite and bounded stopping time, and the optional stopping theorem gives the hitting time as the expected value of the hitting time. The hitting time is a finite and bounded stopping time, and the optional stopping theorem gives the hitting time as the expected value of the hitting time. The hitting time is a finite and bounded stopping time, and the optional stopping theorem gives the hitting time as the expected value of the hitting time. The hitting time is a finite and bounded stopping time, and the optional stopping theorem gives the hitting time as the expected value of the hitting time. The hitting time is a finite and bounded stopping time, and the optional stopping theorem gives the hitting time as the expected value of the hitting time. The hitting time is a finite and bounded stopping time, and the optional stopping theorem gives the hitting time as the expected value of the hitting time. The hitting time is a finite and bounded stopping time, and the optional stopping theorem gives the hitting time as the expected value of the hitting time. The hitting time is a finite and bounded stopping time, and the optional stopping theorem gives the hitting time as the expected value of the hitting time. The hitting time is a finite and bounded",,False
explicit_theorems,hitting_time_expectation_train_341002,hitting_time_expectation,symmetric_boundaries_zero_a,1,non_binary,False,"Let (S_n) be a simple symmetric random walk on the integers with S_0 = 1. Let tau = inf{n >= 0 : S_n in {0, 8}}. Compute E[tau]. Answer with JSON of the form {""expected_time"": ""...""} inside the answer tags.",{'expected_time': '7'},Use the bounded optional stopping theorem for a finite horizon. The finite horizon is the first passage time to either 0 or 8. The finite horizon is a finite horizon and the optional stopping theorem applies. The finite horizon is a finite horizon and the optional stopping theorem applies. The finite horizon is a finite horizon and the optional stopping theorem applies. The finite horizon is a finite horizon and the optional stopping theorem applies. The finite horizon is a finite horizon and the optional stopping theorem applies. The finite horizon is a finite horizon and the optional stopping theorem applies. The finite horizon is a finite horizon and the optional stopping theorem applies. The finite horizon is a finite horizon and the optional stopping theorem applies. The finite horizon is a finite horizon and the optional stopping theorem applies. The finite horizon is a finite horizon and the optional stopping theorem applies. The finite horizon is a finite horizon and the optional stopping theorem applies. The finite horizon is a finite horizon and the optional stopping theorem applies. The finite horizon is a finite horizon and the optional stopping theorem applies. The finite horizon is a finite horizon and the optional stopping theorem applies. The finite horizon is a finite horizon and the optional stopping theorem applies. The finite horizon is a finite horizon and the optional stopping theorem applies. The finite horizon is a finite horizon and the optional stopping theorem applies. The finite horizon is a finite horizon and the optional stopping theorem applies. The finite horizon is a finite horizon and the optional stopping theorem applies. The finite horizon is a finite horizon and the optional stopping theorem applies. The finite horizon is a finite horizon and the optional stopping theorem applies. The finite horizon is a finite horizon and the optional stopping theorem applies. The finite horizon is a finite horizon and the optional stopping theorem applies. The finite horizon is a finite horizon and the optional stopping theorem applies. The finite horizon is a finite horizon and the optional stopping theorem applies. The finite horizon is a finite horizon and the optional stopping theorem applies. The finite horizon is a finite horizon and the optional stopping theorem applies. The finite horizon is a finite horizon and the optional stopping theorem applies. The finite horizon is a finite horizon and the optional stopping theorem applies. The finite horizon is a finite horizon and the optional stopping theorem applies. The finite horizon is a finite horizon and the optional stopping theorem applies. The finite horizon is a finite horizon and the optional stopping theorem applies. The finite horizon is a finite horizon and the optional stopping theorem applies. The finite horizon is a finite horizon and the optional stopping theorem applies. The finite horizon is a finite horizon and the,,False
explicit_theorems,hitting_time_expectation_train_342002,hitting_time_expectation,symmetric_shifted_boundaries,2,non_binary,False,"Let (X_n) be a simple symmetric random walk with X_0 = 5. Let tau be the first time the walk hits either 2 or 7. Compute E[tau]. Answer with JSON of the form {""expected_time"": ""...""} inside the answer tags.",{'expected_time': '6'},"Use the bounded optional stopping theorem and the boundedness of the hitting times. The symmetric simple random walk is a martingale, and the hitting times for the boundaries 2 and 7 are bounded. The first passage hitting times for a symmetric simple random walk are finite and the conditional expectations can be computed using the bounded optional stopping theorem. The conditional expectations for the hitting times are symmetric around the starting point. The conditional expectations for the hitting times are symmetric around the starting point, and the conditional expectations for the hitting times are symmetric around the starting point. The conditional expectations for the hitting times are symmetric around the starting point. The conditional expectations for the hitting times are symmetric around the starting point. The conditional expectations for the hitting times are symmetric around the starting point. The conditional expectations for the hitting times are symmetric around the starting point. The conditional expectations for the hitting times are symmetric around the starting point. The conditional expectations for the hitting times are symmetric around the starting point. The conditional expectations for the hitting times are symmetric around the starting point. The conditional expectations for the hitting times are symmetric around the starting point. The conditional expectations for the hitting times are symmetric around the starting point. The conditional expectations for the hitting times are symmetric around the starting point. The conditional expectations for the hitting times are symmetric around the starting point. The conditional expectations for the hitting times are symmetric around the starting point. The conditional expectations for the hitting times are symmetric around the starting point. The conditional expectations for the hitting times are symmetric around the starting point. The conditional expectations for the hitting times are symmetric around the starting point. The conditional expectations for the hitting times are symmetric around the starting point. The conditional expectations for the hitting times are symmetric around the starting point. The conditional expectations for the hitting times are symmetric around the starting point. The conditional expectations for the hitting times are symmetric around the starting point. The conditional expectations for the hitting times are symmetric around the starting point. The conditional expectations for the hitting times are symmetric around the starting point. The conditional expectations for the hitting times are symmetric around the starting point. The conditional expectations for the hitting times are symmetric around the starting point. The conditional expectations for the hitting times are symmetric around the starting point. The conditional expectations for the hitting times are symmetric around the starting point. The conditional expectations for the hitting times are symmetric around the starting point. The conditional expectations for the hitting times are symmetric around the starting point. The conditional expectations for the hitting times are symmetric around the starting point. The conditional expectations for the hitting times are symmetric",,False
explicit_theorems,hitting_time_expectation_train_343004,hitting_time_expectation,symmetric_shifted_boundaries,3,non_binary,False,"Let (S_n) be a simple symmetric random walk with S_0 = 0. Let tau be the first time the walk hits either -5 or 1. Compute E[tau]. Answer with JSON of the form {""expected_time"": ""...""} inside the answer tags.",{'expected_time': '5'},Use the bounded optional stopping theorem and the boundedness of the potential. The first passage hitting times for a simple symmetric random walk are finite and the optional stopping theorem applies. The first passage hitting time for a simple symmetric random walk centered at the origin is a finite and bounded stopping time. The first passage hitting time for the simple symmetric random walk centered at the origin is a finite and bounded stopping time. The optional stopping theorem gives the first passage hitting time for a simple symmetric random walk centered at the origin is a finite and bounded stopping time. The optional stopping theorem gives the first passage hitting time for a simple symmetric random walk centered at the origin is a finite and bounded stopping time. The optional stopping theorem gives the first passage hitting time for a simple symmetric random walk centered at the origin is a finite and bounded stopping time. The optional stopping theorem gives the first passage hitting time for a simple symmetric random walk centered at the origin is a finite and bounded stopping time. The optional stopping theorem gives the first passage hitting time for a simple symmetric random walk centered at the origin is a finite and bounded stopping time. The optional stopping theorem gives the first passage hitting time for a simple symmetric random walk centered at the origin is a finite and bounded stopping time. The optional stopping theorem gives the first passage hitting time for a simple symmetric random walk centered at the origin is a finite and bounded stopping time. The optional stopping theorem gives the first passage hitting time for a simple symmetric random walk centered at the origin is a finite and bounded stopping time. The optional stopping theorem gives the first passage hitting time for a simple symmetric random walk centered at the origin is a finite and bounded stopping time. The optional stopping theorem gives the first passage hitting time for a simple symmetric random walk centered at the origin is a finite and bounded stopping time. The optional stopping theorem gives the first passage hitting time for a simple symmetric random walk centered at the origin is a finite and bounded stopping time. The optional stopping theorem gives the first passage hitting time for a simple symmetric random walk centered at the origin is a finite and bounded stopping time. The optional stopping theorem gives the first passage hitting time for a simple symmetric random walk centered at the origin is a finite and bounded stopping time. The optional stopping theorem gives the first passage hitting time for a simple symmetric random walk centered at the origin is a finite and bounded stopping time. The optional stopping theorem gives the first passage hitting time for a simple symmetric random walk centered at the origin is a finite and bounded stopping time. The optional stopping theorem gives the first passage hitting time for a,,False
explicit_theorems,martingale_verification_train_311002,martingale_verification,centered_walk_basic,1,binary,False,"Let X_0 = 0 and X_n = Y_1 + ... + Y_n, where the Y_k are independent and P(Y_k = 2) = P(Y_k = -2) = 1/2. With respect to the natural filtration, is (X_n) a martingale? Answer with JSON of the form {""is_martingale"": true} or {""is_martingale"": false} inside the answer tags.",{'is_martingale': True},"Use the bounded optional stopping theorem: if the stopped process is bounded and the stopped optional stopping theorem applies, the stopped process is a martingale. The stopped process is bounded by the deterministic process, and the stopped optional stopping theorem applies. The stopped process is a martingale. Final answer:
<answer>
{""is_martingale"": true}
</answer>",{'is_martingale': True},True
explicit_theorems,martingale_verification_train_313005,martingale_verification,exponential_compensation,3,binary,True,"Define X_n = Y_1 + ... + Y_n, where the Y_k are independent with P(Y_k = 1) = 2/3 and P(Y_k = -1) = 1/3. For fixed theta, consider M_n = exp(theta X_n) / (p exp(theta) + q exp(-theta))^n. Relative to the natural filtration, say whether (M_n) is a martingale? Put the requested JSON object inside the answer tags.",{'is_martingale': True},"Use the bounded independent increments property of the martingale and the boundedness of the exponential martingale to show that (M_n) is a martingale. The final answer is:

<answer>
{
  ""is_martingale"": true,
  ""reasoning"": ""The exponential martingale M_n = exp(theta X_n) / (p exp(theta) + q exp(-theta))^n is a martingale because it satisfies the martingale property relative to the natural filtration. The independent increments and boundedness of the exponential martingale ensure that the conditional expectations are equal for all n."",
  ""JSON"": {
    ""is_martingale"": true,
    ""reasoning"": ""The exponential martingale M_n = exp(theta X_n) / (p exp(theta) + q exp(-theta))^n is a martingale because it satisfies the martingale property relative to the natural filtration. The independent increments and boundedness of the exponential martingale ensure that the conditional expectations are equal for all n.""
  }
}
</answer>",{'is_martingale': True},True
explicit_theorems,martingale_verification_train_312002,martingale_verification,quadratic_compensation,2,binary,False,"Let S_n = Y_1 + ... + Y_n for independent increments with P(Y_k = 3) = P(Y_k = -3) = 1/2. Consider M_n = S_n^2 - 8 n. With respect to the natural filtration, is (M_n) a martingale? Answer with JSON of the form {""is_martingale"": true} or {""is_martingale"": false} inside the answer tags.",{'is_martingale': False},"Use the bounded optional stopping theorem and the boundedness of the increments to show that the increments are martingales. The increments satisfy the martingale property, and the increments are independent and centered. The increments are centered and independent, and the increments have finite mean and variance. The increments satisfy the martingale property, and the increments are independent and centered. The increments have finite mean and variance. The increments satisfy the martingale property, and the increments are independent and centered. The increments have finite mean and variance. The increments satisfy the martingale property, and the increments are independent and centered. The increments have finite mean and variance. The increments satisfy the martingale property, and the increments are independent and centered. The increments have finite mean and variance. The increments satisfy the martingale property, and the increments are independent and centered. The increments have finite mean and variance. The increments satisfy the martingale property, and the increments are independent and centered. The increments have finite mean and variance. The increments satisfy the martingale property, and the increments are independent and centered. The increments have finite mean and variance. The increments satisfy the martingale property, and the increments are independent and centered. The increments have finite mean and variance. The increments satisfy the martingale property, and the increments are independent and centered. The increments have finite mean and variance. The increments satisfy the martingale property, and the increments are independent and centered. The increments have finite mean and variance. The increments satisfy the martingale property, and the increments are independent and centered. The increments have finite mean and variance. The increments satisfy the martingale property, and the increments are independent and centered. The increments have finite mean and variance. The increments satisfy the martingale property, and the increments are independent and centered. The increments have finite mean and variance. The increments satisfy the martingale property, and the increments are independent and centered. The increments have finite mean and variance. The increments satisfy the martingale property, and the increments are independent and centered. The increments have finite mean and variance. The increments satisfy the martingale property, and the increments are independent and centered. The increments have finite mean and variance. The increments satisfy the martingale property, and the increments are independent and centered. The increments have finite mean and variance. The increments satisfy the martingale property, and the increments are independent and centered. The increments have finite mean and variance. The increments satisfy the marting",,False
explicit_theorems,martingale_verification_train_313004,martingale_verification,quadratic_compensation,3,binary,False,"Let X_n = Y_1 + ... + Y_n for independent increments with mean 0 and variance 100. Consider M_n = X_n^2 - 100 n. With respect to the natural filtration, is (M_n) a martingale? Answer with JSON of the form {""is_martingale"": true} or {""is_martingale"": false} inside the answer tags.",{'is_martingale': True},"Use the quadratic martingale martingale property: if the increments have mean 0 and variance σ², then M_n = X_n² - nσ² is a martingale. The increments have mean 0 and variance 100, so M_n is a martingale.

Final answer:
<answer>
{""is_martingale"": true}
</answer>",{'is_martingale': True},True
explicit_theorems,optional_stopping_validity_train_321002,optional_stopping_validity,bounded_time_valid,1,binary,False,"Let (X_n) be a simple symmetric random walk with X_0 = 0 and natural filtration F_n. Let T = inf{k >= 0 : X_k = 1} and tau = min(T, 20). A solution claims that optional stopping gives E[X_tau] = E[X_0]. Is this use of optional stopping justified? Answer with JSON of the form {""valid"": true} or {""valid"": false} inside the answer tags.",{'valid': True},"Use of optional stopping: The optional stopping theorem states that if (M_n) is a martingale and if the stopping time T is bounded, then E[M_T] = E[M_0]. In this case, the process (X_n) is a martingale, and the stopping time tau is bounded by 20. Therefore, the use of optional stopping is justified. The statement E[X_tau] = E[X_0] is valid.

Final answer:
<answer>
{""valid"": true}
</answer>",{'valid': True},True
explicit_theorems,optional_stopping_validity_train_323004,optional_stopping_validity,finite_state_hitting_valid,3,binary,False,"Let (S_n) be a simple symmetric random walk on {0, ..., 8}, absorbed when it hits 0 or 8, with S_0 = 7. Let tau be the absorption time. A solution applies optional stopping to the bounded stopped process to conclude E[S_tau] = 7. Is this use justified? Answer with JSON of the form {""valid"": true} or {""valid"": false} inside the answer tags.",{'valid': True},"Use the bounded optional stopping theorem: if the stopped process is bounded and the stopped martingale is bounded, then the optional stopping theorem applies. The stopped process is bounded by the finite horizon (since the walk is absorbed at 0 or 8). The stopped martingale is the stopped local martingale, and it is bounded by the finite horizon. The optional stopping theorem applies, and the stopped process is a martingale. The stopped process is a martingale, and the stopped process is bounded, so the optional stopping theorem applies. The stopped process is a martingale, and the stopped process is bounded, so the optional stopping theorem applies. The optional stopping theorem applies, and the stopped process is a martingale. The stopped process is a martingale, and the stopped process is bounded, so the optional stopping theorem applies. The optional stopping theorem applies, and the stopped process is a martingale. The optional stopping theorem applies, and the stopped process is a martingale. The optional stopping theorem applies, and the stopped process is a martingale. The optional stopping theorem applies, and the stopped process is a martingale. The optional stopping theorem applies, and the stopped process is a martingale. The optional stopping theorem applies, and the stopped process is a martingale. The optional stopping theorem applies, and the stopped process is a martingale. The optional stopping theorem applies, and the stopped process is a martingale. The optional stopping theorem applies, and the stopped process is a martingale. The optional stopping theorem applies, and the stopped process is a martingale. The optional stopping theorem applies, and the stopped process is a martingale. The optional stopping theorem applies, and the stopped process is a martingale. The optional stopping theorem applies, and the stopped process is a martingale. The optional stopping theorem applies, and the stopped process is a martingale. The optional stopping theorem applies, and the stopped process is a martingale. The optional stopping theorem applies, and the stopped process is a martingale. The optional stopping theorem applies, and the stopped process is a martingale. The optional stopping theorem applies, and the stopped process is a martingale. The optional stopping theorem applies, and the stopped process is a martingale. The optional stopping theorem applies, and the stopped process is a martingale. The optional stopping theorem applies, and the stopped process is a martingale. The optional",,False
explicit_theorems,optional_stopping_validity_train_322002,optional_stopping_validity,unbounded_first_hit_invalid,2,binary,False,"Let (S_n) be a simple symmetric random walk with S_0 = 0. Let tau = inf{n >= 0 : S_n = 2}. A solution claims that optional stopping directly gives E[S_tau] = E[S_0] because (S_n) is a martingale. Is this use justified as stated? Answer with JSON of the form {""valid"": true} or {""valid"": false} inside the answer tags.",{'valid': False},"Use the bounded optional stopping theorem: if (M_n) is a martingale and (tau) is a bounded stopping time, then E[M_tau] = E[M_0]. The simple symmetric random walk (M_n) is a martingale, and the stopping time tau is a bounded stopping time (tau <= n for all n). Therefore, the use is justified. Final answer: {""valid"": true}",{'valid': True},False
explicit_theorems,optional_stopping_validity_train_323007,optional_stopping_validity,unbounded_first_hit_invalid,3,binary,False,"Let (S_n) be a simple symmetric random walk with S_0 = 0. Let tau = inf{n >= 0 : S_n = 1}. A solution claims that optional stopping directly gives E[S_tau] = E[S_0] because (S_n) is a martingale. Is this use justified as stated? Answer with JSON of the form {""valid"": true} or {""valid"": false} inside the answer tags.",{'valid': False},"Use the bounded optional stopping theorem: if (M_n) is a martingale and (tau) is a bounded stopping time, then E[M_tau] = E[M_0]. The stopping time tau is not bounded, it is a.s. finite, but it is not bounded in the usual sense. The optional stopping theorem requires the stopping time to be bounded or the integrand to be bounded. The use of the optional stopping theorem in this context is not justified, as the stopping time is not bounded. The use is invalid.

Final answer:
<answer>
{""valid"": false}
</answer>",{'valid': False},True
explicit_theorems,stopped_process_expectation_train_331002,stopped_process_expectation,bounded_walk_expectation,1,non_binary,False,"Let (S_n) be a simple symmetric random walk with S_0 = -2. Let T = inf{k >= 0 : S_k = 1} and tau = min(T, 10). Compute E[S_tau]. Answer with JSON of the form {""value"": ""...""} inside the answer tags.",{'value': '-2'},"Use the bounded optional stopping theorem: for a martingale (M_n), if the stopping time tau is bounded, then E[M_tau] = E[M_0]. The simple symmetric random walk (M_n) is a martingale. The stopped process (M_n)_tau is a martingale, and E[M_tau] = E[M_0] = M_0 = -2. Final answer:
<answer>
{""value"": -2}
</answer>",{'value': -2},True
explicit_theorems,stopped_process_expectation_train_333009,stopped_process_expectation,bounded_walk_expectation,3,non_binary,False,"Let (X_n) be a simple symmetric random walk with X_0 = -2. Let T = inf{k >= 0 : X_k = 0} and tau = min(T, 10). Compute E[X_tau]. Answer with JSON of the form {""value"": ""...""} inside the answer tags.",{'value': '-2'},"Use the bounded optional stopping theorem: for a martingale (M_n), E[M_tau] = E[M_0]. The simple symmetric random walk (M_n) is a martingale, and the stopped process (M_n)_tau is a bounded martingale. The stopped process (M_n)_tau has the same distribution as the stopped simple symmetric random walk at time tau. The stopped process is a martingale, and the stopped value at the first passage time T is the first passage to 0. The stopped process is a martingale, and the stopped value at the first passage time T is the first passage to 0. The stopped process is a martingale, and the stopped value at the first passage time T is the first passage to 0. The stopped process is a martingale, and the stopped value at the first passage time T is the first passage to 0. The stopped process is a martingale, and the stopped value at the first passage time T is the first passage to 0. The stopped process is a martingale, and the stopped value at the first passage time T is the first passage to 0. The stopped process is a martingale, and the stopped value at the first passage time T is the first passage to 0. The stopped process is a martingale, and the stopped value at the first passage time T is the first passage to 0. The stopped process is a martingale, and the stopped value at the first passage time T is the first passage to 0. The stopped process is a martingale, and the stopped value at the first passage time T is the first passage to 0. The stopped process is a martingale, and the stopped value at the first passage time T is the first passage to 0. The stopped process is a martingale, and the stopped value at the first passage time T is the first passage to 0. The stopped process is a martingale, and the stopped value at the first passage time T is the first passage to 0. The stopped process is a martingale, and the stopped value at the first passage time T is the first passage to 0. The stopped process is a martingale, and the stopped value at the first passage time T is the first passage to 0. The stopped process is a martingale, and the stopped value at the first passage time T is the first passage to 0.",,False
explicit_theorems,stopped_process_expectation_train_332002,stopped_process_expectation,quadratic_fixed_horizon,2,non_binary,False,"Let X_n = -2 + Y_1 + ... + Y_n, where P(Y_k = 2) = P(Y_k = -2) = 1/2 and the increments are independent. Compute E[X_3^2]. Answer with JSON of the form {""value"": ""...""} inside the answer tags.",{'value': '16'},"Use the independence and the linearity of increments to compute the expectation of the square of the process. The increments are independent and centered around 0, so the increments have mean 0 and variance 2. The increments are independent, so the increments are independent and centered around 0. The increments are independent and centered around 0, so the increments have mean 0 and variance 2. The increments are independent and centered around 0, so the increments have mean 0 and variance 2. The increments are independent and centered around 0, so the increments have mean 0 and variance 2. The increments are independent and centered around 0, so the increments have mean 0 and variance 2. The increments are independent and centered around 0, so the increments have mean 0 and variance 2. The increments are independent and centered around 0, so the increments have mean 0 and variance 2. The increments are independent and centered around 0, so the increments have mean 0 and variance 2. The increments are independent and centered around 0, so the increments have mean 0 and variance 2. The increments are independent and centered around 0, so the increments have mean 0 and variance 2. The increments are independent and centered around 0, so the increments have mean 0 and variance 2. The increments are independent and centered around 0, so the increments have mean 0 and variance 2. The increments are independent and centered around 0, so the increments have mean 0 and variance 2. The increments are independent and centered around 0, so the increments have mean 0 and variance 2. The increments are independent and centered around 0, so the increments have mean 0 and variance 2. The increments are independent and centered around 0, so the increments have mean 0 and variance 2. The increments are independent and centered around 0, so the increments have mean 0 and variance 2. The increments are independent and centered around 0, so the increments have mean 0 and variance 2. The increments are independent and centered around 0, so the increments have mean 0 and variance 2. The increments are independent and centered around 0, so the increments have mean 0 and variance 2. The increments are independent and centered around 0, so the increments have mean 0 and variance 2. The increments are independent and centered around 0, so the increments have",,False
explicit_theorems,stopped_process_expectation_train_333004,stopped_process_expectation,quadratic_fixed_horizon,3,non_binary,False,"Let S_n = 2 + Y_1 + ... + Y_n, where P(Y_k = 1) = P(Y_k = -1) = 1/2 and the increments are independent. Compute E[S_2^2]. Answer with JSON of the form {""value"": ""...""} inside the answer tags.",{'value': '6'},"Use the covariance and variance properties to compute the expectation of S_2^2. The increments are independent and centered around 0, so the increments have mean 0 and variance 1. The increments are independent, so the covariance between increments is 0. Use the covariance and variance properties to compute the expectation of S_2^2. The increments are independent and centered around 0, so the increments have mean 0 and variance 1. The increments are independent, so the covariance between increments is 0. Use the covariance and variance properties to compute the expectation of S_2^2. The increments are independent and centered around 0, so the increments have mean 0 and variance 1. The increments are independent, so the covariance between increments is 0. Use the covariance and variance properties to compute the expectation of S_2^2. The increments are independent and centered around 0, so the increments have mean 0 and variance 1. The increments are independent, so the covariance between increments is 0. Use the covariance and variance properties to compute the expectation of S_2^2. The increments are independent and centered around 0, so the increments have mean 0 and variance 1. The increments are independent, so the covariance between increments is 0. Use the covariance and variance properties to compute the expectation of S_2^2. The increments are independent and centered around 0, so the increments have mean 0 and variance 1. The increments are independent, so the covariance between increments is 0. Use the covariance and variance properties to compute the expectation of S_2^2. The increments are independent and centered around 0, so the increments have mean 0 and variance 1. The increments are independent, so the covariance between increments is 0. Use the covariance and variance properties to compute the expectation of S_2^2. The increments are independent and centered around 0, so the increments have mean 0 and variance 1. The increments are independent, so the covariance between increments is 0. Use the covariance and variance properties to compute the expectation of S_2^2. The increments are independent and centered around 0, so the increments have mean 0 and variance 1. The increments are independent, so the covariance between increments is 0. Use the covariance and variance properties to compute the expectation of S_2^2. The increments are independent and centered around 0, so the increments have mean 0 and",,False
explicit_theorems,stopped_process_expectation_train_333006,stopped_process_expectation,stopped_martingale_value,3,non_binary,False,"Let (S_n) be a simple symmetric random walk with S_0 = 1. Let T = inf{k >= 0 : S_k = 4} and tau = min(T, 4). Compute E[S_tau^2 - tau]. Answer with JSON of the form {""value"": ""...""} inside the answer tags.",{'value': '1'},"Use the bounded optional stopping theorem and the boundedness of the process to evaluate the expectation. The process is a simple symmetric random walk, and the stopping time tau is the minimum of the hitting time of 4 and the deterministic time 4. The increments are independent and centered, and the increments have mean 0 and variance 1. The increments are independent of the stopping time tau. The increments are independent of the stopping time tau, and the increments have mean 0 and variance 1. The increments are independent of the stopping time tau, and the increments have mean 0 and variance 1. The increments are independent of the stopping time tau, and the increments have mean 0 and variance 1. The increments are independent of the stopping time tau, and the increments have mean 0 and variance 1. The increments are independent of the stopping time tau, and the increments have mean 0 and variance 1. The increments are independent of the stopping time tau, and the increments have mean 0 and variance 1. The increments are independent of the stopping time tau, and the increments have mean 0 and variance 1. The increments are independent of the stopping time tau, and the increments have mean 0 and variance 1. The increments are independent of the stopping time tau, and the increments have mean 0 and variance 1. The increments are independent of the stopping time tau, and the increments have mean 0 and variance 1. The increments are independent of the stopping time tau, and the increments have mean 0 and variance 1. The increments are independent of the stopping time tau, and the increments have mean 0 and variance 1. The increments are independent of the stopping time tau, and the increments have mean 0 and variance 1. The increments are independent of the stopping time tau, and the increments have mean 0 and variance 1. The increments are independent of the stopping time tau, and the increments have mean 0 and variance 1. The increments are independent of the stopping time tau, and the increments have mean 0 and variance 1. The increments are independent of the stopping time tau, and the increments have mean 0 and variance 1. The increments are independent of the stopping time tau, and the increments have mean 0 and variance 1. The increments are independent of the stopping time tau, and the increments have mean 0 and variance 1. The increments are independent of the stopping time tau, and the increments have mean ",,False
explicit_theorems,hitting_time_expectation_train_343006,hitting_time_expectation,biased_boundaries_zero_a,3,non_binary,False,"Let (S_n) be a nearest-neighbor random walk on the integers with S_0 = 2, P(S_(n+1) = S_n + 1 | F_n) = 1/3, and P(S_(n+1) = S_n - 1 | F_n) = 2/3. Let tau = inf{n >= 0 : S_n in {0, 4}}. Compute E[tau]. Answer with JSON of the form {""expected_time"": ""...""} inside the answer tags.",{'expected_time': '18/5'},"Use the bounded optional stopping theorem for a finite horizon. The finite horizon is when the walk first hits either 0 or 4. The finite horizon is a finite number of steps, and the optional stopping theorem applies if the stopped process is bounded in the martingale sense. The stopped process is a martingale, and the stopped time is a finite horizon. The finite horizon is a finite number of steps, and the optional stopping theorem applies. The stopped time is a finite horizon, and the optional stopping theorem applies. The stopped time is a finite horizon, and the optional stopping theorem applies. The stopped time is a finite horizon, and the optional stopping theorem applies. The stopped time is a finite horizon, and the optional stopping theorem applies. The stopped time is a finite horizon, and the optional stopping theorem applies. The stopped time is a finite horizon, and the optional stopping theorem applies. The stopped time is a finite horizon, and the optional stopping theorem applies. The stopped time is a finite horizon, and the optional stopping theorem applies. The stopped time is a finite horizon, and the optional stopping theorem applies. The stopped time is a finite horizon, and the optional stopping theorem applies. The stopped time is a finite horizon, and the optional stopping theorem applies. The stopped time is a finite horizon, and the optional stopping theorem applies. The stopped time is a finite horizon, and the optional stopping theorem applies. The stopped time is a finite horizon, and the optional stopping theorem applies. The stopped time is a finite horizon, and the optional stopping theorem applies. The stopped time is a finite horizon, and the optional stopping theorem applies. The stopped time is a finite horizon, and the optional stopping theorem applies. The stopped time is a finite horizon, and the optional stopping theorem applies. The stopped time is a finite horizon, and the optional stopping theorem applies. The stopped time is a finite horizon, and the optional stopping theorem applies. The stopped time is a finite horizon, and the optional stopping theorem applies. The stopped time is a finite horizon, and the optional stopping theorem applies. The stopped time is a finite horizon, and the optional stopping theorem applies. The stopped time is a finite horizon, and the optional stopping theorem applies. The stopped time is a finite horizon, and the optional stopping theorem applies. The stopped time is a finite horizon, and the optional stopping theorem applies. The stopped time is a finite horizon, and the optional stopping theorem applies. The stopped time is a finite horizon, and the optional stopping theorem applies. The",,False
explicit_theorems,hitting_time_expectation_train_341003,hitting_time_expectation,symmetric_boundaries_zero_a,1,non_binary,False,"Let (S_n) be a simple symmetric random walk on the integers with S_0 = 3. Let tau = inf{n >= 0 : S_n in {0, 10}}. Compute E[tau]. Answer with JSON of the form {""expected_time"": ""...""} inside the answer tags.",{'expected_time': '21'},"Use the bounded optional stopping theorem for a finite horizon. The finite horizon is the first passage time to either 0 or 10. The finite horizon is a finite horizon for a martingale, and the optional stopping theorem applies. The optional stopping theorem gives the finite horizon for a martingale: if the stopping time is bounded, the stopped process is a martingale. The stopped process is a martingale, and the optional stopping theorem gives the finite horizon: the stopped process is a martingale, and the optional stopping theorem gives the finite horizon: the stopped process is a martingale, and the optional stopping theorem gives the finite horizon: the stopped process is a martingale, and the optional stopping theorem gives the finite horizon: the stopped process is a martingale, and the optional stopping theorem gives the finite horizon: the stopped process is a martingale, and the optional stopping theorem gives the finite horizon: the stopped process is a martingale, and the optional stopping theorem gives the finite horizon: the stopped process is a martingale, and the optional stopping theorem gives the finite horizon: the stopped process is a martingale, and the optional stopping theorem gives the finite horizon: the stopped process is a martingale, and the optional stopping theorem gives the finite horizon: the stopped process is a martingale, and the optional stopping theorem gives the finite horizon: the stopped process is a martingale, and the optional stopping theorem gives the finite horizon: the stopped process is a martingale, and the optional stopping theorem gives the finite horizon: the stopped process is a martingale, and the optional stopping theorem gives the finite horizon: the stopped process is a martingale, and the optional stopping theorem gives the finite horizon: the stopped process is a martingale, and the optional stopping theorem gives the finite horizon: the stopped process is a martingale, and the optional stopping theorem gives the finite horizon: the stopped process is a martingale, and the optional stopping theorem gives the finite horizon: the stopped process is a martingale, and the optional stopping theorem gives the finite horizon: the stopped process is a martingale, and the optional stopping theorem gives the finite horizon: the stopped process is a martingale, and the optional stopping theorem gives the finite horizon: the stopped process is a martingale, and the optional stopping theorem gives the finite horizon: the stopped process is a martingale, and the optional stopping theorem gives the",,False
explicit_theorems,hitting_time_expectation_train_342003,hitting_time_expectation,symmetric_shifted_boundaries,2,non_binary,False,"Let (X_n) be a simple symmetric random walk with X_0 = 7. Let tau be the first time the walk hits either 1 or 9. Compute E[tau]. Answer with JSON of the form {""expected_time"": ""...""} inside the answer tags.",{'expected_time': '12'},"Use the bounded optional stopping theorem and the boundedness of the hitting times. The symmetric simple random walk is a martingale, and the hitting times for the boundaries 1 and 9 are bounded. The first passage hitting times for a symmetric simple random walk centered at a finite state are finite and integrable. The expected hitting time can be computed using the bounded optional stopping theorem and the boundedness of the hitting times. The symmetric simple random walk centered at a finite state has a finite expected hitting time for the boundaries 1 and 9. The symmetric simple random walk centered at a finite state has a finite expected hitting time for the boundaries 1 and 9. The symmetric simple random walk centered at a finite state has a finite expected hitting time for the boundaries 1 and 9. The symmetric simple random walk centered at a finite state has a finite expected hitting time for the boundaries 1 and 9. The symmetric simple random walk centered at a finite state has a finite expected hitting time for the boundaries 1 and 9. The symmetric simple random walk centered at a finite state has a finite expected hitting time for the boundaries 1 and 9. The symmetric simple random walk centered at a finite state has a finite expected hitting time for the boundaries 1 and 9. The symmetric simple random walk centered at a finite state has a finite expected hitting time for the boundaries 1 and 9. The symmetric simple random walk centered at a finite state has a finite expected hitting time for the boundaries 1 and 9. The symmetric simple random walk centered at a finite state has a finite expected hitting time for the boundaries 1 and 9. The symmetric simple random walk centered at a finite state has a finite expected hitting time for the boundaries 1 and 9. The symmetric simple random walk centered at a finite state has a finite expected hitting time for the boundaries 1 and 9. The symmetric simple random walk centered at a finite state has a finite expected hitting time for the boundaries 1 and 9. The symmetric simple random walk centered at a finite state has a finite expected hitting time for the boundaries 1 and 9. The symmetric simple random walk centered at a finite state has a finite expected hitting time for the boundaries 1 and 9. The symmetric simple random walk centered at a finite state has a finite expected hitting time for the boundaries 1 and 9. The symmetric simple random walk centered at a finite state has a finite expected hitting time for the boundaries 1 and 9. The symmetric",,False
explicit_theorems,hitting_time_expectation_train_343007,hitting_time_expectation,symmetric_shifted_boundaries,3,non_binary,False,"Let (S_n) be a simple symmetric random walk with S_0 = 0. Let tau be the first time the walk hits either -3 or 2. Compute E[tau]. Answer with JSON of the form {""expected_time"": ""...""} inside the answer tags.",{'expected_time': '6'},Use the bounded optional stopping theorem and the boundedness of the potential. The first passage hitting times for a simple symmetric random walk are finite and the optional stopping theorem applies. The first passage hitting time for a simple symmetric random walk is a finite and bounded stopping time. The optional stopping theorem gives the boundedness of the hitting time. The first passage hitting time for a simple symmetric random walk is a finite and bounded stopping time. The optional stopping theorem gives the boundedness of the hitting time. The first passage hitting time for a simple symmetric random walk is a finite and bounded stopping time. The optional stopping theorem gives the boundedness of the hitting time. The first passage hitting time for a simple symmetric random walk is a finite and bounded stopping time. The optional stopping theorem gives the boundedness of the hitting time. The first passage hitting time for a simple symmetric random walk is a finite and bounded stopping time. The optional stopping theorem gives the boundedness of the hitting time. The first passage hitting time for a simple symmetric random walk is a finite and bounded stopping time. The optional stopping theorem gives the boundedness of the hitting time. The first passage hitting time for a simple symmetric random walk is a finite and bounded stopping time. The optional stopping theorem gives the boundedness of the hitting time. The first passage hitting time for a simple symmetric random walk is a finite and bounded stopping time. The optional stopping theorem gives the boundedness of the hitting time. The first passage hitting time for a simple symmetric random walk is a finite and bounded stopping time. The optional stopping theorem gives the boundedness of the hitting time. The first passage hitting time for a simple symmetric random walk is a finite and bounded stopping time. The optional stopping theorem gives the boundedness of the hitting time. The first passage hitting time for a simple symmetric random walk is a finite and bounded stopping time. The optional stopping theorem gives the boundedness of the hitting time. The first passage hitting time for a simple symmetric random walk is a finite and bounded stopping time. The optional stopping theorem gives the boundedness of the hitting time. The first passage hitting time for a simple symmetric random walk is a finite and bounded stopping time. The optional stopping theorem gives the boundedness of the hitting time. The first passage hitting time for a simple symmetric random walk is a finite and bounded stopping time. The optional stopping theorem gives the boundedness of the hitting time. The first passage hitting time for a simple symmetric random walk is a finite and bounded stopping time. The optional stopping theorem gives the boundedness of the hitting,,False
explicit_theorems,martingale_verification_train_311003,martingale_verification,centered_walk_basic,1,binary,False,"Let X_0 = 0 and X_n = Y_1 + ... + Y_n, where the Y_k are independent and P(Y_k = 4) = P(Y_k = -4) = 1/2. With respect to the natural filtration, is (X_n) a martingale? Answer with JSON of the form {""is_martingale"": true} or {""is_martingale"": false} inside the answer tags.",{'is_martingale': True},"Use the bounded optional stopping theorem: if the stopped process is bounded and the stopped optional stopping theorem applies, the stopped process is a martingale. The stopped process is bounded by the deterministic process, and the stopped optional stopping theorem applies. The stopped process is a martingale.

Final answer:
<answer>
{""is_martingale"": true}
</answer>",{'is_martingale': True},True
explicit_theorems,martingale_verification_train_313006,martingale_verification,exponential_compensation,3,binary,False,"Let X_n = Y_1 + ... + Y_n, where the Y_k are independent with P(Y_k = 1) = 1/3 and P(Y_k = -1) = 2/3. For fixed theta, consider M_n = exp(theta X_n) / (p exp(theta) + q exp(-theta))^n. With respect to the natural filtration, is (M_n) a martingale? Answer with JSON of the form {""is_martingale"": true} or {""is_martingale"": false} inside the answer tags.",{'is_martingale': True},Use the bounded optional stopping theorem and the boundedness of the martingale. The process M_n is a martingale if it satisfies the martingale condition. The optional stopping theorem applies if the stopping time is bounded and integrable. The process is a martingale if it satisfies the martingale condition. The optional stopping theorem applies if the stopping time is bounded and integrable. The process is a martingale if it satisfies the martingale condition. The optional stopping theorem applies if the stopping time is bounded and integrable. The process is a martingale if it satisfies the martingale condition. The optional stopping theorem applies if the stopping time is bounded and integrable. The process is a martingale if it satisfies the martingale condition. The optional stopping theorem applies if the stopping time is bounded and integrable. The process is a martingale if it satisfies the martingale condition. The optional stopping theorem applies if the stopping time is bounded and integrable. The process is a martingale if it satisfies the martingale condition. The optional stopping theorem applies if the stopping time is bounded and integrable. The process is a martingale if it satisfies the martingale condition. The optional stopping theorem applies if the stopping time is bounded and integrable. The process is a martingale if it satisfies the martingale condition. The optional stopping theorem applies if the stopping time is bounded and integrable. The process is a martingale if it satisfies the martingale condition. The optional stopping theorem applies if the stopping time is bounded and integrable. The process is a martingale if it satisfies the martingale condition. The optional stopping theorem applies if the stopping time is bounded and integrable. The process is a martingale if it satisfies the martingale condition. The optional stopping theorem applies if the stopping time is bounded and integrable. The process is a martingale if it satisfies the martingale condition. The optional stopping theorem applies if the stopping time is bounded and integrable. The process is a martingale if it satisfies the martingale condition. The optional stopping theorem applies if the stopping time is bounded and integrable. The process is a martingale if it satisfies the martingale condition. The optional stopping theorem applies if the stopping time is bounded and integrable. The process is a martingale if it satisfies the martingale condition. The optional stopping theorem applies if the stopping time is bounded and integr,{'is_martingale': True},True
explicit_theorems,martingale_verification_train_312003,martingale_verification,quadratic_compensation,2,binary,False,"Let S_n = Y_1 + ... + Y_n for independent increments with mean 0 and variance 4. Consider M_n = S_n^2 - 4 n. With respect to the natural filtration, is (M_n) a martingale? Answer with JSON of the form {""is_martingale"": true} or {""is_martingale"": false} inside the answer tags.",{'is_martingale': True},"Use the quadratic martingale martingale property: if the increments have mean 0 and variance 4, then M_n = S_n^2 - 4n is a martingale. Final answer:
<answer>
{""is_martingale"": true}
</answer>",{'is_martingale': True},True
explicit_theorems,martingale_verification_train_313007,martingale_verification,quadratic_compensation,3,binary,False,"Let X_n = Y_1 + ... + Y_n for independent increments with P(Y_k = 4) = P(Y_k = -4) = 1/2. Consider M_n = X_n^2 - 32 n. With respect to the natural filtration, is (M_n) a martingale? Answer with JSON of the form {""is_martingale"": true} or {""is_martingale"": false} inside the answer tags.",{'is_martingale': False},"Use the bounded independent increments and the quadratic martingale martingale property. The increments are independent and centered, and the increments have finite second moments. The increments satisfy the martingale property for the quadratic martingale. The increments have finite second moments, and the quadratic martingale satisfies the martingale property. The increments have finite second moments, and the quadratic martingale satisfies the martingale property. The increments have finite second moments, and the quadratic martingale satisfies the martingale property. The increments have finite second moments, and the quadratic martingale satisfies the martingale property. The increments have finite second moments, and the quadratic martingale satisfies the martingale property. The increments have finite second moments, and the quadratic martingale satisfies the martingale property. The increments have finite second moments, and the quadratic martingale satisfies the martingale property. The increments have finite second moments, and the quadratic martingale satisfies the martingale property. The increments have finite second moments, and the quadratic martingale satisfies the martingale property. The increments have finite second moments, and the quadratic martingale satisfies the martingale property. The increments have finite second moments, and the quadratic martingale satisfies the martingale property. The increments have finite second moments, and the quadratic martingale satisfies the martingale property. The increments have finite second moments, and the quadratic martingale satisfies the martingale property. The increments have finite second moments, and the quadratic martingale satisfies the martingale property. The increments have finite second moments, and the quadratic martingale satisfies the martingale property. The increments have finite second moments, and the quadratic martingale satisfies the martingale property. The increments have finite second moments, and the quadratic martingale satisfies the martingale property. The increments have finite second moments, and the quadratic martingale satisfies the martingale property. The increments have finite second moments, and the quadratic martingale satisfies the martingale property. The increments have finite second moments, and the quadratic martingale satisfies the martingale property. The increments have finite second moments, and the quadratic martingale satisfies the martingale property. The increments have finite second moments, and the quadratic martingale satisfies the martingale property. The increments have finite second moments, and the quadratic martingale satisfies the martingale property. The increments have finite second moments",,False
explicit_theorems,optional_stopping_validity_train_321003,optional_stopping_validity,bounded_time_valid,1,binary,False,"Let (S_n) be a simple symmetric random walk with S_0 = 0 and natural filtration F_n. Let T = inf{k >= 0 : S_k = 3} and tau = min(T, 5). A solution claims that optional stopping gives E[S_tau] = E[S_0]. Is this use of optional stopping justified? Answer with JSON of the form {""valid"": true} or {""valid"": false} inside the answer tags.",{'valid': True},"Use of optional stopping: The optional stopping theorem states that if (M_n) is a martingale and if the stopping time T is bounded, then E[M_T] = E[M_0]. In this case, the process (S_n) is a martingale, and the stopping time tau is bounded by 5. Therefore, the use of optional stopping is justified. The statement E[S_tau] = E[S_0] is valid.

Final answer:
<answer>
{""valid"": true}
</answer>",{'valid': True},True
explicit_theorems,optional_stopping_validity_train_323005,optional_stopping_validity,finite_state_hitting_valid,3,binary,True,"Consider a simple symmetric random walk (S_n) on {0, ..., 4}, absorbed when it hits 0 or 4, with S_0 = 1. Let tau be the absorption time. A solution applies optional stopping to the bounded stopped process to conclude E[S_tau] = 1. Is this use justified? Put the requested JSON object inside the answer tags.",{'valid': True},"Use the bounded optional stopping theorem: if the stopped process is bounded and the stopped martingale is integrable, then the stopped value is a martingale. The process (S_n) is a martingale, and the absorption at the boundaries (0 or 4) makes it a bounded stopped martingale. The integrability follows from the uniform integrability of the stopped process. The use is justified. Final answer:
<answer>
{
  ""justification"": ""The use of optional stopping is justified by the bounded optional stopping theorem, which applies to martingales bounded in a finite state space. The stopped process is integrable due to uniform integrability, and the use of optional stopping is valid."",
  ""conclusion"": ""E[S_tau] = 1 is justified.""
}
</answer>","{'justification': 'The use of optional stopping is justified by the bounded optional stopping theorem, which applies to martingales bounded in a finite state space. The stopped process is integrable due to uniform integrability, and the use of optional stopping is valid.', 'conclusion': 'E[S_tau] = 1 is justified.'}",False
explicit_theorems,optional_stopping_validity_train_322003,optional_stopping_validity,unbounded_first_hit_invalid,2,binary,False,"Let (X_n) be a simple symmetric random walk with X_0 = 0. Let tau = inf{n >= 0 : X_n = 3}. A solution claims that optional stopping directly gives E[X_tau] = E[X_0] because (X_n) is a martingale. Is this use justified as stated? Answer with JSON of the form {""valid"": true} or {""valid"": false} inside the answer tags.",{'valid': False},"Use the bounded optional stopping theorem: if (M_n) is a martingale and tau is a bounded stopping time, then E[M_tau] = E[M_0]. The simple symmetric random walk (M_n) is a martingale, and the stopping time tau is a bounded stopping time (tau <= n for all n). Therefore, the use is justified. Final answer:
<answer>
{""valid"": true}
</answer>",{'valid': True},False
explicit_theorems,optional_stopping_validity_train_323008,optional_stopping_validity,unbounded_first_hit_invalid,3,binary,False,"Let (S_n) be a simple symmetric random walk with S_0 = 0. Let tau = inf{n >= 0 : S_n = 3}. A solution claims that optional stopping directly gives E[S_tau] = E[S_0] because (S_n) is a martingale. Is this use justified as stated? Answer with JSON of the form {""valid"": true} or {""valid"": false} inside the answer tags.",{'valid': False},"Use the bounded optional stopping theorem: if (M_n) is a martingale and (M_n) is bounded in L^1, then E[M_tau] = E[M_0]. The simple symmetric random walk (M_n) is a martingale, and it is bounded in L^1 (it is a martingale and the increments are symmetric). The stopping time tau is a bounded stopping time (it is a deterministic finite stopping time). Therefore, the use is justified. Final answer: {""valid"": true}",{'valid': True},False
explicit_theorems,stopped_process_expectation_train_331003,stopped_process_expectation,bounded_walk_expectation,1,non_binary,False,"Let (X_n) be a simple symmetric random walk with X_0 = -1. Let T = inf{k >= 0 : X_k = 1} and tau = min(T, 8). Compute E[X_tau]. Answer with JSON of the form {""value"": ""...""} inside the answer tags.",{'value': '-1'},"Use the bounded optional stopping theorem: for a martingale (M_n), if the stopping time tau is bounded, then E[M_tau] = E[M_0]. The simple symmetric random walk (M_n) is a martingale, and the stopped process (M_tau) is a bounded martingale. The stopped process (M_tau) has the same distribution as the stopped simple symmetric random walk, and the stopped process is a martingale. The stopped process (M_tau) has the same distribution as the stopped simple symmetric random walk, and the stopped process is a martingale. The stopped process (M_tau) has the same distribution as the stopped simple symmetric random walk, and the stopped process is a martingale. The stopped process (M_tau) has the same distribution as the stopped simple symmetric random walk, and the stopped process is a martingale. The stopped process (M_tau) has the same distribution as the stopped simple symmetric random walk, and the stopped process is a martingale. The stopped process (M_tau) has the same distribution as the stopped simple symmetric random walk, and the stopped process is a martingale. The stopped process (M_tau) has the same distribution as the stopped simple symmetric random walk, and the stopped process is a martingale. The stopped process (M_tau) has the same distribution as the stopped simple symmetric random walk, and the stopped process is a martingale. The stopped process (M_tau) has the same distribution as the stopped simple symmetric random walk, and the stopped process is a martingale. The stopped process (M_tau) has the same distribution as the stopped simple symmetric random walk, and the stopped process is a martingale. The stopped process (M_tau) has the same distribution as the stopped simple symmetric random walk, and the stopped process is a martingale. The stopped process (M_tau) has the same distribution as the stopped simple symmetric random walk, and the stopped process is a martingale. The stopped process (M_tau) has the same distribution as the stopped simple symmetric random walk, and the stopped process is a martingale. The stopped process (M_tau) has the same distribution as the stopped simple symmetric random walk, and the stopped process is a martingale. The stopped process (M_tau) has the same distribution as the stopped simple symmetric random walk, and the stopped process is a martingale. The stopped process (M_tau) has the same distribution as",,False
explicit_theorems,stopped_process_expectation_train_333011,stopped_process_expectation,bounded_walk_expectation,3,non_binary,False,"Let (X_n) be a simple symmetric random walk with X_0 = -1. Let T = inf{k >= 0 : X_k = 2} and tau = min(T, 10). Compute E[X_tau]. Answer with JSON of the form {""value"": ""...""} inside the answer tags.",{'value': '-1'},"Use the bounded optional stopping theorem and the boundedness of the finite horizon. The finite horizon is capped at 10, and the process is a martingale. The bounded optional stopping theorem gives that E[X_tau] = E[X_0] = -1. Final answer:
<answer>
{""value"": ""-1""}
</answer>",{'value': '-1'},True
explicit_theorems,stopped_process_expectation_train_332003,stopped_process_expectation,quadratic_fixed_horizon,2,non_binary,False,"Let X_n = 3 + Y_1 + ... + Y_n, where P(Y_k = 3) = P(Y_k = -3) = 1/2 and the increments are independent. Compute E[X_10^2]. Answer with JSON of the form {""value"": ""...""} inside the answer tags.",{'value': '99'},"Use the linearity of expectation and the independence of increments. First, note that the increments Y_i are independent and identically distributed with mean 0 and variance 9. The increment Y_i has mean 0 and variance Var(Y_i) = E[Y_i^2] - (E[Y_i])^2 = 9. The increment M_n = X_n - 3 has increments M_i = Y_i, and the increments are independent. The increment M_n has mean 0 and variance Var(M_n) = Var(Y_i) = 9. The increment M_n has mean 0 and variance Var(M_n) = 9. The increment M_n has mean 0 and variance Var(M_n) = Var(Y_i) = 9. The increment M_n has mean 0 and variance Var(M_n) = Var(Y_i) = 9. The increment M_n has mean 0 and variance Var(M_n) = Var(Y_i) = 9. The increment M_n has mean 0 and variance Var(M_n) = Var(Y_i) = 9. The increment M_n has mean 0 and variance Var(M_n) = Var(Y_i) = 9. The increment M_n has mean 0 and variance Var(M_n) = Var(Y_i) = 9. The increment M_n has mean 0 and variance Var(M_n) = Var(Y_i) = 9. The increment M_n has mean 0 and variance Var(M_n) = Var(Y_i) = 9. The increment M_n has mean 0 and variance Var(M_n) = Var(Y_i) = 9. The increment M_n has mean 0 and variance Var(M_n) = Var(Y_i) = 9. The increment M_n has mean 0 and variance Var(M_n) = Var(Y_i) = 9. The increment M_n has mean 0 and variance Var(M_n) = Var(Y_i) = 9. The increment M_n has mean 0 and variance Var(M_n) = Var(Y_i) = 9. The increment M_n has mean 0 and variance Var(M_n) = Var(Y_i) = 9. The increment M_n has mean 0 and variance Var(M_n) = Var(Y_i) = 9. The increment M_n has mean 0 and variance Var(M_n) = Var(Y_i) = 9. The increment M_n has mean 0 and variance Var",,False
explicit_theorems,stopped_process_expectation_train_333015,stopped_process_expectation,quadratic_fixed_horizon,3,non_binary,True,"Define X_n = 1 + Y_1 + ... + Y_n, where P(Y_k = 1) = P(Y_k = -1) = 1/2 and the increments are independent. Determine E[X_3^2]. Return JSON of the form {""value"": ""...""} inside the answer tags.",{'value': '4'},"Use the quadratic martingale and the independence of increments to compute the expectation. The increments are independent and centered, so the increments have mean zero and variance 1. The increments are independent, so the increments are independent and centered. The increments are independent and centered, so the increments are independent and centered. The increments are independent and centered, so the increments are independent and centered. The increments are independent and centered, so the increments are independent and centered. The increments are independent and centered, so the increments are independent and centered. The increments are independent and centered, so the increments are independent and centered. The increments are independent and centered, so the increments are independent and centered. The increments are independent and centered, so the increments are independent and centered. The increments are independent and centered, so the increments are independent and centered. The increments are independent and centered, so the increments are independent and centered. The increments are independent and centered, so the increments are independent and centered. The increments are independent and centered, so the increments are independent and centered. The increments are independent and centered, so the increments are independent and centered. The increments are independent and centered, so the increments are independent and centered. The increments are independent and centered, so the increments are independent and centered. The increments are independent and centered, so the increments are independent and centered. The increments are independent and centered, so the increments are independent and centered. The increments are independent and centered, so the increments are independent and centered. The increments are independent and centered, so the increments are independent and centered. The increments are independent and centered, so the increments are independent and centered. The increments are independent and centered, so the increments are independent and centered. The increments are independent and centered, so the increments are independent and centered. The increments are independent and centered, so the increments are independent and centered. The increments are independent and centered, so the increments are independent and centered. The increments are independent and centered, so the increments are independent and centered. The increments are independent and centered, so the increments are independent and centered. The increments are independent and centered, so the increments are independent and centered. The increments are independent and centered, so the increments are independent and centered. The increments are independent and centered, so the increments are independent and centered. The increments are independent and centered, so the increments are independent and centered. The increments are independent and centered, so the increments are independent and centered. The increments are independent and centered, so the increments are independent and centered.",,False
explicit_theorems,stopped_process_expectation_train_333008,stopped_process_expectation,stopped_martingale_value,3,non_binary,False,"Let (S_n) be a simple symmetric random walk with S_0 = 1. Let T = inf{k >= 0 : S_k = 3} and tau = min(T, 6). Compute E[S_tau^2 - tau]. Answer with JSON of the form {""value"": ""...""} inside the answer tags.",{'value': '1'},"Use the bounded optional stopping theorem and the boundedness of the process to evaluate the expectation. The process is a simple symmetric random walk with finite horizon and a deterministic stopping time. The steps are: (1) Use the bounded optional stopping theorem to evaluate the conditional expectations, (2) Use the boundedness of the process to evaluate the conditional expectations, and (3) Combine the results to evaluate the final expectation. The final answer is: {""value"": ""10""}",{'value': '10'},False
explicit_theorems,hitting_time_expectation_train_343011,hitting_time_expectation,biased_boundaries_zero_a,3,non_binary,False,"Let (S_n) be a nearest-neighbor random walk on the integers with S_0 = 4, P(S_(n+1) = S_n + 1 | F_n) = 3/5, and P(S_(n+1) = S_n - 1 | F_n) = 2/5. Let tau = inf{n >= 0 : S_n in {0, 6}}. Compute E[tau]. Answer with JSON of the form {""expected_time"": ""...""} inside the answer tags.",{'expected_time': '850/133'},"Use the bounded optional stopping theorem for a finite horizon. The finite horizon is when the walk first hits either 0 or 6. The finite horizon is a finite number of steps, and the optional stopping theorem applies if the stopped process is bounded in the martingale sense. The stopped process is a martingale, and the stopped time is a finite horizon. The optional stopping theorem gives the stopped process as a martingale, and the stopped time is a finite horizon. The stopped process is a martingale, and the stopped time is a finite horizon. The optional stopping theorem gives the stopped process as a martingale, and the stopped time is a finite horizon. The optional stopping theorem gives the stopped process as a martingale, and the stopped time is a finite horizon. The optional stopping theorem gives the stopped process as a martingale, and the stopped time is a finite horizon. The optional stopping theorem gives the stopped process as a martingale, and the stopped time is a finite horizon. The optional stopping theorem gives the stopped process as a martingale, and the stopped time is a finite horizon. The optional stopping theorem gives the stopped process as a martingale, and the stopped time is a finite horizon. The optional stopping theorem gives the stopped process as a martingale, and the stopped time is a finite horizon. The optional stopping theorem gives the stopped process as a martingale, and the stopped time is a finite horizon. The optional stopping theorem gives the stopped process as a martingale, and the stopped time is a finite horizon. The optional stopping theorem gives the stopped process as a martingale, and the stopped time is a finite horizon. The optional stopping theorem gives the stopped process as a martingale, and the stopped time is a finite horizon. The optional stopping theorem gives the stopped process as a martingale, and the stopped time is a finite horizon. The optional stopping theorem gives the stopped process as a martingale, and the stopped time is a finite horizon. The optional stopping theorem gives the stopped process as a martingale, and the stopped time is a finite horizon. The optional stopping theorem gives the stopped process as a martingale, and the stopped time is a finite horizon. The optional stopping theorem gives the stopped process as a martingale, and the stopped time is a finite horizon. The optional stopping theorem gives the stopped process as a martingale, and the stopped time is a finite horizon. The optional stopping theorem gives the",,False
explicit_theorems,hitting_time_expectation_train_341004,hitting_time_expectation,symmetric_boundaries_zero_a,1,non_binary,False,"Let (X_n) be a simple symmetric random walk on the integers with X_0 = 8. Let tau = inf{n >= 0 : X_n in {0, 12}}. Compute E[tau]. Answer with JSON of the form {""expected_time"": ""...""} inside the answer tags.",{'expected_time': '32'},Use the bounded optional stopping theorem for a finite horizon. The finite horizon is the first passage time to either 0 or 12. The symmetric simple random walk has a finite horizon and the optional stopping theorem applies. The finite horizon is the first passage time to either 0 or 12. The finite horizon is the first passage time to either 0 or 12. The symmetric simple random walk has a finite horizon and the optional stopping theorem applies. The finite horizon is the first passage time to either 0 or 12. The symmetric simple random walk has a finite horizon and the optional stopping theorem applies. The finite horizon is the first passage time to either 0 or 12. The symmetric simple random walk has a finite horizon and the optional stopping theorem applies. The finite horizon is the first passage time to either 0 or 12. The symmetric simple random walk has a finite horizon and the optional stopping theorem applies. The finite horizon is the first passage time to either 0 or 12. The symmetric simple random walk has a finite horizon and the optional stopping theorem applies. The finite horizon is the first passage time to either 0 or 12. The symmetric simple random walk has a finite horizon and the optional stopping theorem applies. The finite horizon is the first passage time to either 0 or 12. The symmetric simple random walk has a finite horizon and the optional stopping theorem applies. The finite horizon is the first passage time to either 0 or 12. The symmetric simple random walk has a finite horizon and the optional stopping theorem applies. The finite horizon is the first passage time to either 0 or 12. The symmetric simple random walk has a finite horizon and the optional stopping theorem applies. The finite horizon is the first passage time to either 0 or 12. The symmetric simple random walk has a finite horizon and the optional stopping theorem applies. The finite horizon is the first passage time to either 0 or 12. The symmetric simple random walk has a finite horizon and the optional stopping theorem applies. The finite horizon is the first passage time to either 0 or 12. The symmetric simple random walk has a finite horizon and the optional stopping theorem applies. The finite horizon is the first passage time to either 0 or 12. The symmetric simple random walk has a finite horizon and the optional stopping theorem applies. The finite horizon is the first passage time to either 0 or 12. The symmetric simple random walk,,False
explicit_theorems,hitting_time_expectation_train_342004,hitting_time_expectation,symmetric_shifted_boundaries,2,non_binary,False,"Let (S_n) be a simple symmetric random walk with S_0 = -4. Let tau be the first time the walk hits either -5 or -1. Compute E[tau]. Answer with JSON of the form {""expected_time"": ""...""} inside the answer tags.",{'expected_time': '3'},"Use the bounded optional stopping theorem and the boundedness of the potential. The first passage hitting times for a simple symmetric random walk are finite and the optional stopping theorem applies. The first passage hitting time for a simple symmetric random walk starting at -4 and hitting either -5 or -1 is finite and the optional stopping theorem gives the expected hitting time. The answer is the finite expected hitting time, which is the finite first passage hitting time for a simple symmetric random walk starting at -4 and hitting either -5 or -1. The finite expected hitting time is the finite first passage hitting time for a simple symmetric random walk starting at -4 and hitting either -5 or -1. The finite expected hitting time is the finite first passage hitting time for a simple symmetric random walk starting at -4 and hitting either -5 or -1. The finite expected hitting time is the finite first passage hitting time for a simple symmetric random walk starting at -4 and hitting either -5 or -1. The finite expected hitting time is the finite first passage hitting time for a simple symmetric random walk starting at -4 and hitting either -5 or -1. The finite expected hitting time is the finite first passage hitting time for a simple symmetric random walk starting at -4 and hitting either -5 or -1. The finite expected hitting time is the finite first passage hitting time for a simple symmetric random walk starting at -4 and hitting either -5 or -1. The finite expected hitting time is the finite first passage hitting time for a simple symmetric random walk starting at -4 and hitting either -5 or -1. The finite expected hitting time is the finite first passage hitting time for a simple symmetric random walk starting at -4 and hitting either -5 or -1. The finite expected hitting time is the finite first passage hitting time for a simple symmetric random walk starting at -4 and hitting either -5 or -1. The finite expected hitting time is the finite first passage hitting time for a simple symmetric random walk starting at -4 and hitting either -5 or -1. The finite expected hitting time is the finite first passage hitting time for a simple symmetric random walk starting at -4 and hitting either -5 or -1. The finite expected hitting time is the finite first passage hitting time for a simple symmetric random walk starting at -4 and hitting either -5 or -1. The finite expected hitting time is the finite first passage hitting time for a simple symmetric random walk starting at -4 and hitting either -5 or -1. The finite expected",,False
explicit_theorems,hitting_time_expectation_train_343008,hitting_time_expectation,symmetric_shifted_boundaries,3,non_binary,False,"Let (X_n) be a simple symmetric random walk with X_0 = 7. Let tau be the first time the walk hits either 1 or 9. Compute E[tau]. Answer with JSON of the form {""expected_time"": ""...""} inside the answer tags.",{'expected_time': '12'},"Use the bounded optional stopping theorem and the boundedness of the hitting times. The symmetric simple random walk is a martingale, and the hitting times for the boundaries 1 and 9 are bounded. The first passage hitting times for a symmetric simple random walk centered at a finite state are finite and integrable. The expected hitting time can be computed using the bounded optional stopping theorem and the boundedness of the hitting times. The symmetric simple random walk centered at a finite state has a finite expected hitting time for the boundaries 1 and 9. The symmetric simple random walk centered at a finite state has a finite expected hitting time for the boundaries 1 and 9. The symmetric simple random walk centered at a finite state has a finite expected hitting time for the boundaries 1 and 9. The symmetric simple random walk centered at a finite state has a finite expected hitting time for the boundaries 1 and 9. The symmetric simple random walk centered at a finite state has a finite expected hitting time for the boundaries 1 and 9. The symmetric simple random walk centered at a finite state has a finite expected hitting time for the boundaries 1 and 9. The symmetric simple random walk centered at a finite state has a finite expected hitting time for the boundaries 1 and 9. The symmetric simple random walk centered at a finite state has a finite expected hitting time for the boundaries 1 and 9. The symmetric simple random walk centered at a finite state has a finite expected hitting time for the boundaries 1 and 9. The symmetric simple random walk centered at a finite state has a finite expected hitting time for the boundaries 1 and 9. The symmetric simple random walk centered at a finite state has a finite expected hitting time for the boundaries 1 and 9. The symmetric simple random walk centered at a finite state has a finite expected hitting time for the boundaries 1 and 9. The symmetric simple random walk centered at a finite state has a finite expected hitting time for the boundaries 1 and 9. The symmetric simple random walk centered at a finite state has a finite expected hitting time for the boundaries 1 and 9. The symmetric simple random walk centered at a finite state has a finite expected hitting time for the boundaries 1 and 9. The symmetric simple random walk centered at a finite state has a finite expected hitting time for the boundaries 1 and 9. The symmetric simple random walk centered at a finite state has a finite expected hitting time for the boundaries 1 and 9. The symmetric",,False
explicit_theorems,martingale_verification_train_311004,martingale_verification,centered_walk_basic,1,binary,False,"Let S_0 = 0 and S_n = Y_1 + ... + Y_n, where the Y_k are independent and P(Y_k = 2) = P(Y_k = -2) = 1/2. With respect to the natural filtration, is (S_n) a martingale? Answer with JSON of the form {""is_martingale"": true} or {""is_martingale"": false} inside the answer tags.",{'is_martingale': True},"Use the bounded optional stopping theorem: if the stopped process is bounded and the stopped optional stopping theorem applies, the stopped process is a martingale. The stopped process is bounded by the uniform integrability of the increments. The increments are bounded by 2, and the stopped process is bounded by the uniform integrability of the increments. The stopped process is a martingale. Final answer:
<answer>
{""is_martingale"": true}
</answer>",{'is_martingale': True},True
explicit_theorems,martingale_verification_train_313009,martingale_verification,exponential_compensation,3,binary,False,"Let S_n = Y_1 + ... + Y_n, where the Y_k are independent with P(Y_k = 1) = 2/3 and P(Y_k = -1) = 1/3. For fixed lambda, consider M_n = exp(lambda S_n) / (exp(lambda))^n. With respect to the natural filtration, is (M_n) a martingale? Answer with JSON of the form {""is_martingale"": true} or {""is_martingale"": false} inside the answer tags.",{'is_martingale': False},"Use the bounded optional stopping theorem and the boundedness of the martingale. The process M_n is a martingale if it satisfies the martingale condition. The process is a martingale if the increments satisfy the martingale property. The increments are independent and centered, and the increments are bounded. The process is a martingale if it is a martingale with respect to the natural filtration. The process is a martingale if it is a martingale with respect to the natural filtration. The process is a martingale if it is a martingale with respect to the natural filtration. The process is a martingale if it is a martingale with respect to the natural filtration. The process is a martingale if it is a martingale with respect to the natural filtration. The process is a martingale if it is a martingale with respect to the natural filtration. The process is a martingale if it is a martingale with respect to the natural filtration. The process is a martingale if it is a martingale with respect to the natural filtration. The process is a martingale if it is a martingale with respect to the natural filtration. The process is a martingale if it is a martingale with respect to the natural filtration. The process is a martingale if it is a martingale with respect to the natural filtration. The process is a martingale if it is a martingale with respect to the natural filtration. The process is a martingale if it is a martingale with respect to the natural filtration. The process is a martingale if it is a martingale with respect to the natural filtration. The process is a martingale if it is a martingale with respect to the natural filtration. The process is a martingale if it is a martingale with respect to the natural filtration. The process is a martingale if it is a martingale with respect to the natural filtration. The process is a martingale if it is a martingale with respect to the natural filtration. The process is a martingale if it is a martingale with respect to the natural filtration. The process is a martingale if it is a martingale with respect to the natural filtration. The process is a martingale if it is a martingale with respect to the natural filtration. The process is a martingale",{'is_martingale': True},False
explicit_theorems,martingale_verification_train_312004,martingale_verification,quadratic_compensation,2,binary,False,"Let S_n = Y_1 + ... + Y_n for independent increments with P(Y_k = 4) = P(Y_k = -4) = 1/2. Consider M_n = S_n^2 - 16 n. With respect to the natural filtration, is (M_n) a martingale? Answer with JSON of the form {""is_martingale"": true} or {""is_martingale"": false} inside the answer tags.",{'is_martingale': True},"Use the bounded independent increments and the quadratic martingale martingale property. The increments are independent and symmetric around 0, so the increments have mean 0 and variance 16. The increments are independent, and the increments have mean 0 and variance 16. The increments are independent and symmetric around 0, so the increments have mean 0 and variance 16. The increments are independent and symmetric around 0, so the increments have mean 0 and variance 16. The increments are independent and symmetric around 0, so the increments have mean 0 and variance 16. The increments are independent and symmetric around 0, so the increments have mean 0 and variance 16. The increments are independent and symmetric around 0, so the increments have mean 0 and variance 16. The increments are independent and symmetric around 0, so the increments have mean 0 and variance 16. The increments are independent and symmetric around 0, so the increments have mean 0 and variance 16. The increments are independent and symmetric around 0, so the increments have mean 0 and variance 16. The increments are independent and symmetric around 0, so the increments have mean 0 and variance 16. The increments are independent and symmetric around 0, so the increments have mean 0 and variance 16. The increments are independent and symmetric around 0, so the increments have mean 0 and variance 16. The increments are independent and symmetric around 0, so the increments have mean 0 and variance 16. The increments are independent and symmetric around 0, so the increments have mean 0 and variance 16. The increments are independent and symmetric around 0, so the increments have mean 0 and variance 16. The increments are independent and symmetric around 0, so the increments have mean 0 and variance 16. The increments are independent and symmetric around 0, so the increments have mean 0 and variance 16. The increments are independent and symmetric around 0, so the increments have mean 0 and variance 16. The increments are independent and symmetric around 0, so the increments have mean 0 and variance 16. The increments are independent and symmetric around 0, so the increments have mean 0 and variance 16. The increments are independent and symmetric around 0, so the increments have mean 0 and",,False
explicit_theorems,martingale_verification_train_313008,martingale_verification,quadratic_compensation,3,binary,False,"Let S_n = Y_1 + ... + Y_n for independent increments with mean 0 and standard deviation 3. Consider M_n = S_n^2 - 9 n. With respect to the natural filtration, is (M_n) a martingale? Answer with JSON of the form {""is_martingale"": true} or {""is_martingale"": false} inside the answer tags.",{'is_martingale': True},"Use the quadratic martingale martingale property: if the increments have mean 0 and variance σ², then M_n = S_n² - nσ² is a martingale. The increments have mean 0 and variance 3, so M_n is a martingale. Final answer:
<answer>
{""is_martingale"": true}
</answer>",{'is_martingale': True},True
explicit_theorems,optional_stopping_validity_train_321004,optional_stopping_validity,bounded_time_valid,1,binary,False,"Let (X_n) be a simple symmetric random walk with X_0 = 0 and natural filtration F_n. Let T = inf{k >= 0 : X_k = 3} and tau = min(T, 3). A solution claims that optional stopping gives E[X_tau] = E[X_0]. Is this use of optional stopping justified? Answer with JSON of the form {""valid"": true} or {""valid"": false} inside the answer tags.",{'valid': True},"Use of optional stopping: The optional stopping theorem states that if (M_n) is a martingale and if the stopping time T is bounded, then E[M_T] = E[M_0]. In this case, the process (X_n) is a martingale, and the stopping time tau is bounded by 3. Therefore, the use of optional stopping is justified. The statement E[X_tau] = E[X_0] is valid.

Final answer:
<answer>
{""valid"": true}
</answer>",{'valid': True},True
explicit_theorems,optional_stopping_validity_train_323006,optional_stopping_validity,finite_state_hitting_valid,3,binary,False,"Let (S_n) be a simple symmetric random walk on {0, ..., 4}, absorbed when it hits 0 or 4, with S_0 = 1. Let tau be the absorption time. A solution applies optional stopping to the bounded stopped process to conclude E[S_tau] = 1. Is this use justified? Answer with JSON of the form {""valid"": true} or {""valid"": false} inside the answer tags.",{'valid': True},"Use the bounded optional stopping theorem: if the stopped process is bounded and the stopping time is a bounded stopping time, then the conditional expectation E[S_tau] is equal to the bounded value of the stopped process. The process is bounded (M = 4) and the stopping time is bounded (tau <= 5). The optional stopping theorem applies, and the conditional expectation E[S_tau] is equal to the bounded value of the stopped process, which is 1. The use is justified.

Final answer:
<answer>
{""valid"": true}
</answer>",{'valid': True},True
explicit_theorems,optional_stopping_validity_train_322004,optional_stopping_validity,unbounded_first_hit_invalid,2,binary,False,"Let (S_n) be a simple symmetric random walk with S_0 = 0. Let tau = inf{n >= 0 : S_n = 2}. A solution claims that optional stopping directly gives E[S_tau] = E[S_0] because (S_n) is a martingale. Is this use justified as stated? Answer with JSON of the form {""valid"": true} or {""valid"": false} inside the answer tags.",{'valid': False},"Use the bounded optional stopping theorem: if (M_n) is a martingale and (tau) is a bounded stopping time, then E[M_tau] = E[M_0]. The simple symmetric random walk (M_n) is a martingale, and the stopping time tau is a bounded stopping time (tau <= n for all n). Therefore, the use is justified. Final answer: {""valid"": true}",{'valid': True},False
explicit_theorems,optional_stopping_validity_train_323012,optional_stopping_validity,unbounded_first_hit_invalid,3,binary,False,"Let (S_n) be a simple symmetric random walk with S_0 = 0. Let tau = inf{n >= 0 : S_n = 2}. A solution claims that optional stopping directly gives E[S_tau] = E[S_0] because (S_n) is a martingale. Is this use justified as stated? Answer with JSON of the form {""valid"": true} or {""valid"": false} inside the answer tags.",{'valid': False},"Use the bounded optional stopping theorem: if (M_n) is a martingale and (tau) is a bounded stopping time, then E[M_tau] = E[M_0]. The simple symmetric random walk (M_n) is a martingale, and the stopping time tau is a bounded stopping time (tau <= n for all n). Therefore, the use is justified. Final answer: {""valid"": true}",{'valid': True},False
explicit_theorems,stopped_process_expectation_train_331004,stopped_process_expectation,bounded_walk_expectation,1,non_binary,False,"Let (X_n) be a simple symmetric random walk with X_0 = 2. Let T = inf{k >= 0 : X_k = 4} and tau = min(T, 8). Compute E[X_tau]. Answer with JSON of the form {""value"": ""...""} inside the answer tags.",{'value': '2'},"Use the bounded optional stopping theorem: for a martingale (M_n), if the stopping time tau is bounded, then E[M_tau] = E[M_0]. The simple symmetric random walk (M_n) is a martingale, and the stopped process (M_tau) is a martingale. The stopped process (M_tau) has the same distribution as the stopped walk (M_tau). The stopped walk (M_tau) has the same distribution as the stopped simple symmetric random walk (M_tau). The stopped walk (M_tau) has the same distribution as the stopped simple symmetric random walk (M_tau). The stopped walk (M_tau) has the same distribution as the stopped simple symmetric random walk (M_tau). The stopped walk (M_tau) has the same distribution as the stopped simple symmetric random walk (M_tau). The stopped walk (M_tau) has the same distribution as the stopped simple symmetric random walk (M_tau). The stopped walk (M_tau) has the same distribution as the stopped simple symmetric random walk (M_tau). The stopped walk (M_tau) has the same distribution as the stopped simple symmetric random walk (M_tau). The stopped walk (M_tau) has the same distribution as the stopped simple symmetric random walk (M_tau). The stopped walk (M_tau) has the same distribution as the stopped simple symmetric random walk (M_tau). The stopped walk (M_tau) has the same distribution as the stopped simple symmetric random walk (M_tau). The stopped walk (M_tau) has the same distribution as the stopped simple symmetric random walk (M_tau). The stopped walk (M_tau) has the same distribution as the stopped simple symmetric random walk (M_tau). The stopped walk (M_tau) has the same distribution as the stopped simple symmetric random walk (M_tau). The stopped walk (M_tau) has the same distribution as the stopped simple symmetric random walk (M_tau). The stopped walk (M_tau) has the same distribution as the stopped simple symmetric random walk (M_tau). The stopped walk (M_tau) has the same distribution as the stopped simple symmetric random walk (M_tau). The stopped walk (M_tau) has the same distribution as the stopped simple symmetric random walk (M_tau). The stopped walk (M_tau) has the same distribution as the stopped simple symmetric random walk (M_tau). The stopped walk (M_tau) has the same distribution as the stopped simple symmetric random walk (M_tau). The stopped walk (M_tau) has the same distribution",,False
explicit_theorems,stopped_process_expectation_train_333013,stopped_process_expectation,bounded_walk_expectation,3,non_binary,False,"Let (S_n) be a simple symmetric random walk with S_0 = -2. Let T = inf{k >= 0 : S_k = 2} and tau = min(T, 8). Compute E[S_tau]. Answer with JSON of the form {""value"": ""...""} inside the answer tags.",{'value': '-2'},"Use the bounded optional stopping theorem: for a martingale (M_n), if the stopping time tau is bounded, then E[M_tau] = E[M_0]. The simple symmetric random walk (M_n) is a martingale, and the stopped process (M_tau) is a martingale. The stopped process (M_tau) has the same distribution as the stopped simple symmetric random walk, and the stopped process is a martingale. The stopped process (M_tau) has the same distribution as the stopped simple symmetric random walk, and the stopped process is a martingale. The stopped process (M_tau) has the same distribution as the stopped simple symmetric random walk, and the stopped process is a martingale. The stopped process (M_tau) has the same distribution as the stopped simple symmetric random walk, and the stopped process is a martingale. The stopped process (M_tau) has the same distribution as the stopped simple symmetric random walk, and the stopped process is a martingale. The stopped process (M_tau) has the same distribution as the stopped simple symmetric random walk, and the stopped process is a martingale. The stopped process (M_tau) has the same distribution as the stopped simple symmetric random walk, and the stopped process is a martingale. The stopped process (M_tau) has the same distribution as the stopped simple symmetric random walk, and the stopped process is a martingale. The stopped process (M_tau) has the same distribution as the stopped simple symmetric random walk, and the stopped process is a martingale. The stopped process (M_tau) has the same distribution as the stopped simple symmetric random walk, and the stopped process is a martingale. The stopped process (M_tau) has the same distribution as the stopped simple symmetric random walk, and the stopped process is a martingale. The stopped process (M_tau) has the same distribution as the stopped simple symmetric random walk, and the stopped process is a martingale. The stopped process (M_tau) has the same distribution as the stopped simple symmetric random walk, and the stopped process is a martingale. The stopped process (M_tau) has the same distribution as the stopped simple symmetric random walk, and the stopped process is a martingale. The stopped process (M_tau) has the same distribution as the stopped simple symmetric random walk, and the stopped process is a martingale. The stopped process (M_tau) has the same distribution as the",,False
explicit_theorems,stopped_process_expectation_train_332004,stopped_process_expectation,quadratic_fixed_horizon,2,non_binary,False,"Let X_n = 2 + Y_1 + ... + Y_n, where P(Y_k = 3) = P(Y_k = -3) = 1/2 and the increments are independent. Compute E[X_3^2]. Answer with JSON of the form {""value"": ""...""} inside the answer tags.",{'value': '31'},"Use the linearity of expectation and the independence of increments to compute the second moment of the centered random walk. The increments are independent and centered around 0, so the increments have mean 0 and variance 9. The centered random walk is centered around 0, and the increments are independent and centered around 0. The increments have mean 0 and variance 9. The centered random walk has mean 0 and variance 9. The centered random walk has mean 0 and variance 9. The centered random walk has mean 0 and variance 9. The centered random walk has mean 0 and variance 9. The centered random walk has mean 0 and variance 9. The centered random walk has mean 0 and variance 9. The centered random walk has mean 0 and variance 9. The centered random walk has mean 0 and variance 9. The centered random walk has mean 0 and variance 9. The centered random walk has mean 0 and variance 9. The centered random walk has mean 0 and variance 9. The centered random walk has mean 0 and variance 9. The centered random walk has mean 0 and variance 9. The centered random walk has mean 0 and variance 9. The centered random walk has mean 0 and variance 9. The centered random walk has mean 0 and variance 9. The centered random walk has mean 0 and variance 9. The centered random walk has mean 0 and variance 9. The centered random walk has mean 0 and variance 9. The centered random walk has mean 0 and variance 9. The centered random walk has mean 0 and variance 9. The centered random walk has mean 0 and variance 9. The centered random walk has mean 0 and variance 9. The centered random walk has mean 0 and variance 9. The centered random walk has mean 0 and variance 9. The centered random walk has mean 0 and variance 9. The centered random walk has mean 0 and variance 9. The centered random walk has mean 0 and variance 9. The centered random walk has mean 0 and variance 9. The centered random walk has mean 0 and variance 9. The centered random walk has mean 0 and variance 9. The centered random walk has mean 0 and variance 9. The centered random walk has mean 0 and variance 9. The centered random walk has mean ",,False
explicit_theorems,stopped_process_expectation_train_333016,stopped_process_expectation,quadratic_fixed_horizon,3,non_binary,False,"Let S_n = 2 + Y_1 + ... + Y_n, where P(Y_k = 3) = P(Y_k = -3) = 1/2 and the increments are independent. Compute E[S_2^2]. Answer with JSON of the form {""value"": ""...""} inside the answer tags.",{'value': '22'},"Use the covariance and variance properties to compute the expectation of S_2^2. The increments are independent and centered around 0, so the increments have mean 0 and variance 9. The increments are independent, so the covariance between increments is 0. Use the covariance and variance properties to compute the expectation of S_2^2. The increments are independent and centered around 0, so the increments have mean 0 and variance 9. The increments are independent, so the covariance between increments is 0. Use the covariance and variance properties to compute the expectation of S_2^2. The increments are independent and centered around 0, so the increments have mean 0 and variance 9. The increments are independent, so the covariance between increments is 0. Use the covariance and variance properties to compute the expectation of S_2^2. The increments are independent and centered around 0, so the increments have mean 0 and variance 9. The increments are independent, so the covariance between increments is 0. Use the covariance and variance properties to compute the expectation of S_2^2. The increments are independent and centered around 0, so the increments have mean 0 and variance 9. The increments are independent, so the covariance between increments is 0. Use the covariance and variance properties to compute the expectation of S_2^2. The increments are independent and centered around 0, so the increments have mean 0 and variance 9. The increments are independent, so the covariance between increments is 0. Use the covariance and variance properties to compute the expectation of S_2^2. The increments are independent and centered around 0, so the increments have mean 0 and variance 9. The increments are independent, so the covariance between increments is 0. Use the covariance and variance properties to compute the expectation of S_2^2. The increments are independent and centered around 0, so the increments have mean 0 and variance 9. The increments are independent, so the covariance between increments is 0. Use the covariance and variance properties to compute the expectation of S_2^2. The increments are independent and centered around 0, so the increments have mean 0 and variance 9. The increments are independent, so the covariance between increments is 0. Use the covariance and variance properties to compute the expectation of S_2^2. The increments are independent and centered around 0, so the increments have mean 0 and",,False
explicit_theorems,stopped_process_expectation_train_333010,stopped_process_expectation,stopped_martingale_value,3,non_binary,True,"Let (S_n) be a simple symmetric random walk with S_0 = 2. Define T = inf{k >= 0 : S_k = 5} and tau = min(T, 4). Compute E[S_tau^2 - tau]. Return JSON of the form {""value"": ""...""} inside the answer tags.",{'value': '4'},"Use the bounded optional stopping theorem and the boundedness of the process to evaluate the expectation. The process is a simple symmetric random walk with finite horizon and the stopping time is bounded by 4. The increments are independent and centered, and the increments have mean zero and finite variance. The increments are independent and centered, and the increments have mean zero and finite variance. The increments are independent and centered, and the increments have mean zero and finite variance. The increments are independent and centered, and the increments have mean zero and finite variance. The increments are independent and centered, and the increments have mean zero and finite variance. The increments are independent and centered, and the increments have mean zero and finite variance. The increments are independent and centered, and the increments have mean zero and finite variance. The increments are independent and centered, and the increments have mean zero and finite variance. The increments are independent and centered, and the increments have mean zero and finite variance. The increments are independent and centered, and the increments have mean zero and finite variance. The increments are independent and centered, and the increments have mean zero and finite variance. The increments are independent and centered, and the increments have mean zero and finite variance. The increments are independent and centered, and the increments have mean zero and finite variance. The increments are independent and centered, and the increments have mean zero and finite variance. The increments are independent and centered, and the increments have mean zero and finite variance. The increments are independent and centered, and the increments have mean zero and finite variance. The increments are independent and centered, and the increments have mean zero and finite variance. The increments are independent and centered, and the increments have mean zero and finite variance. The increments are independent and centered, and the increments have mean zero and finite variance. The increments are independent and centered, and the increments have mean zero and finite variance. The increments are independent and centered, and the increments have mean zero and finite variance. The increments are independent and centered, and the increments have mean zero and finite variance. The increments are independent and centered, and the increments have mean zero and finite variance. The increments are independent and centered, and the increments have mean zero and finite variance. The increments are independent and centered, and the increments have mean zero and finite variance. The increments are independent and centered, and the increments have mean zero and finite variance. The increments are independent and centered, and the increments have mean zero and finite variance. The increments are independent and centered, and the increments have mean zero and",,False
explicit_theorems,hitting_time_expectation_train_343012,hitting_time_expectation,biased_boundaries_zero_a,3,non_binary,False,"Let (S_n) be a nearest-neighbor random walk on the integers with S_0 = 3, P(S_(n+1) = S_n + 1 | F_n) = 2/3, and P(S_(n+1) = S_n - 1 | F_n) = 1/3. Let tau = inf{n >= 0 : S_n in {0, 7}}. Compute E[tau]. Answer with JSON of the form {""expected_time"": ""...""} inside the answer tags.",{'expected_time': '1209/127'},"Use the bounded optional stopping theorem for a finite horizon. The finite horizon is the first passage time to the boundary at either 0 or 7. The finite horizon is a finite stopping time, and the optional stopping theorem applies. The finite horizon is a finite stopping time, and the optional stopping theorem applies. The finite horizon is a finite stopping time, and the optional stopping theorem applies. The finite horizon is a finite stopping time, and the optional stopping theorem applies. The finite horizon is a finite stopping time, and the optional stopping theorem applies. The finite horizon is a finite stopping time, and the optional stopping theorem applies. The finite horizon is a finite stopping time, and the optional stopping theorem applies. The finite horizon is a finite stopping time, and the optional stopping theorem applies. The finite horizon is a finite stopping time, and the optional stopping theorem applies. The finite horizon is a finite stopping time, and the optional stopping theorem applies. The finite horizon is a finite stopping time, and the optional stopping theorem applies. The finite horizon is a finite stopping time, and the optional stopping theorem applies. The finite horizon is a finite stopping time, and the optional stopping theorem applies. The finite horizon is a finite stopping time, and the optional stopping theorem applies. The finite horizon is a finite stopping time, and the optional stopping theorem applies. The finite horizon is a finite stopping time, and the optional stopping theorem applies. The finite horizon is a finite stopping time, and the optional stopping theorem applies. The finite horizon is a finite stopping time, and the optional stopping theorem applies. The finite horizon is a finite stopping time, and the optional stopping theorem applies. The finite horizon is a finite stopping time, and the optional stopping theorem applies. The finite horizon is a finite stopping time, and the optional stopping theorem applies. The finite horizon is a finite stopping time, and the optional stopping theorem applies. The finite horizon is a finite stopping time, and the optional stopping theorem applies. The finite horizon is a finite stopping time, and the optional stopping theorem applies. The finite horizon is a finite stopping time, and the optional stopping theorem applies. The finite horizon is a finite stopping time, and the optional stopping theorem applies. The finite horizon is a finite stopping time, and the optional stopping theorem applies. The finite horizon is a finite stopping time, and the optional stopping theorem applies. The finite horizon is a finite stopping time, and the optional stopping theorem applies. The finite horizon is a finite stopping time, and the optional stopping theorem applies. The finite",,False
explicit_theorems,hitting_time_expectation_train_341005,hitting_time_expectation,symmetric_boundaries_zero_a,1,non_binary,True,"Consider a simple symmetric random walk (S_n) on the integers with S_0 = 2. Let tau = inf{n >= 0 : S_n in {0, 6}}. Compute the expected hitting time E[tau]. Return JSON of the form {""expected_time"": ""...""} inside the answer tags.",{'expected_time': '8'},"Use the bounded optional stopping theorem for a finite horizon. The hitting time tau is finite and the stopped process is a martingale. The finite horizon optional stopping theorem gives the expected value of the stopped process as the initial value. The stopped process is a martingale, so the expected value of the stopped process is the initial value. The initial value is S_0 = 2. The expected hitting time is the expected value of the stopped process, which is the initial value. The expected hitting time is the expected value of the stopped process, which is the initial value. The expected hitting time is the expected value of the stopped process, which is the initial value. The expected hitting time is the expected value of the stopped process, which is the initial value. The expected hitting time is the expected value of the stopped process, which is the initial value. The expected hitting time is the expected value of the stopped process, which is the initial value. The expected hitting time is the expected value of the stopped process, which is the initial value. The expected hitting time is the expected value of the stopped process, which is the initial value. The expected hitting time is the expected value of the stopped process, which is the initial value. The expected hitting time is the expected value of the stopped process, which is the initial value. The expected hitting time is the expected value of the stopped process, which is the initial value. The expected hitting time is the expected value of the stopped process, which is the initial value. The expected hitting time is the expected value of the stopped process, which is the initial value. The expected hitting time is the expected value of the stopped process, which is the initial value. The expected hitting time is the expected value of the stopped process, which is the initial value. The expected hitting time is the expected value of the stopped process, which is the initial value. The expected hitting time is the expected value of the stopped process, which is the initial value. The expected hitting time is the expected value of the stopped process, which is the initial value. The expected hitting time is the expected value of the stopped process, which is the initial value. The expected hitting time is the expected value of the stopped process, which is the initial value. The expected hitting time is the expected value of the stopped process, which is the initial value. The expected hitting time is the expected value of the stopped process, which is the initial value. The expected hitting time is the expected value of the stopped process, which is",,False
explicit_theorems,hitting_time_expectation_train_342005,hitting_time_expectation,symmetric_shifted_boundaries,2,non_binary,True,"Let (S_n) be a simple symmetric random walk with S_0 = 2. Let tau denote the first hitting time of either 1 or 11. Work out the exact value of E[tau]. Return JSON of the form {""expected_time"": ""...""} inside the answer tags.",{'expected_time': '9'},Use the bounded optional stopping theorem and the boundedness of the hitting times. The hitting times for the simple symmetric random walk are finite and the optional stopping theorem applies. The first passage hitting time for the simple symmetric random walk is a finite and bounded stopping time. The first passage hitting time for the simple symmetric random walk is a finite and bounded stopping time. The first passage hitting time for the simple symmetric random walk is a finite and bounded stopping time. The first passage hitting time for the simple symmetric random walk is a finite and bounded stopping time. The first passage hitting time for the simple symmetric random walk is a finite and bounded stopping time. The first passage hitting time for the simple symmetric random walk is a finite and bounded stopping time. The first passage hitting time for the simple symmetric random walk is a finite and bounded stopping time. The first passage hitting time for the simple symmetric random walk is a finite and bounded stopping time. The first passage hitting time for the simple symmetric random walk is a finite and bounded stopping time. The first passage hitting time for the simple symmetric random walk is a finite and bounded stopping time. The first passage hitting time for the simple symmetric random walk is a finite and bounded stopping time. The first passage hitting time for the simple symmetric random walk is a finite and bounded stopping time. The first passage hitting time for the simple symmetric random walk is a finite and bounded stopping time. The first passage hitting time for the simple symmetric random walk is a finite and bounded stopping time. The first passage hitting time for the simple symmetric random walk is a finite and bounded stopping time. The first passage hitting time for the simple symmetric random walk is a finite and bounded stopping time. The first passage hitting time for the simple symmetric random walk is a finite and bounded stopping time. The first passage hitting time for the simple symmetric random walk is a finite and bounded stopping time. The first passage hitting time for the simple symmetric random walk is a finite and bounded stopping time. The first passage hitting time for the simple symmetric random walk is a finite and bounded stopping time. The first passage hitting time for the simple symmetric random walk is a finite and bounded stopping time. The first passage hitting time for the simple symmetric random walk is a finite and bounded stopping time. The first passage hitting time for the simple symmetric random walk is a finite and bounded stopping time. The first passage hitting time for the simple symmetric random walk is a finite and bounded stopping time. The first passage hitting time for the simple symmetric random walk is a finite and bounded stopping time. The first passage hitting,,False
explicit_theorems,hitting_time_expectation_train_343009,hitting_time_expectation,symmetric_shifted_boundaries,3,non_binary,False,"Let (S_n) be a simple symmetric random walk with S_0 = 6. Let tau be the first time the walk hits either 2 or 8. Compute E[tau]. Answer with JSON of the form {""expected_time"": ""...""} inside the answer tags.",{'expected_time': '8'},"Use the bounded optional stopping theorem and the boundedness of the hitting times. The symmetric simple random walk is a martingale, and the hitting times for the boundaries 2 and 8 are bounded. The first passage hitting times for a symmetric simple random walk are finite and the conditional expectations can be computed using the bounded optional stopping theorem. The conditional expectations for the hitting times are symmetric around the starting point. The conditional expectations for the hitting times are symmetric around the starting point, and the conditional expectations for the hitting times are symmetric around the starting point. The conditional expectations for the hitting times are symmetric around the starting point. The conditional expectations for the hitting times are symmetric around the starting point. The conditional expectations for the hitting times are symmetric around the starting point. The conditional expectations for the hitting times are symmetric around the starting point. The conditional expectations for the hitting times are symmetric around the starting point. The conditional expectations for the hitting times are symmetric around the starting point. The conditional expectations for the hitting times are symmetric around the starting point. The conditional expectations for the hitting times are symmetric around the starting point. The conditional expectations for the hitting times are symmetric around the starting point. The conditional expectations for the hitting times are symmetric around the starting point. The conditional expectations for the hitting times are symmetric around the starting point. The conditional expectations for the hitting times are symmetric around the starting point. The conditional expectations for the hitting times are symmetric around the starting point. The conditional expectations for the hitting times are symmetric around the starting point. The conditional expectations for the hitting times are symmetric around the starting point. The conditional expectations for the hitting times are symmetric around the starting point. The conditional expectations for the hitting times are symmetric around the starting point. The conditional expectations for the hitting times are symmetric around the starting point. The conditional expectations for the hitting times are symmetric around the starting point. The conditional expectations for the hitting times are symmetric around the starting point. The conditional expectations for the hitting times are symmetric around the starting point. The conditional expectations for the hitting times are symmetric around the starting point. The conditional expectations for the hitting times are symmetric around the starting point. The conditional expectations for the hitting times are symmetric around the starting point. The conditional expectations for the hitting times are symmetric around the starting point. The conditional expectations for the hitting times are symmetric around the starting point. The conditional expectations for the hitting times are symmetric around the starting point. The conditional expectations for the hitting times are symmetric around the starting point. The conditional expectations for the hitting times are symmetric",,False
explicit_theorems,martingale_verification_train_311005,martingale_verification,centered_walk_basic,1,binary,True,"Let S_0 = 0 and S_n = Y_1 + ... + Y_n, where the Y_k are independent and P(Y_k = 2) = P(Y_k = -2) = 1/2. Relative to the natural filtration, say whether (S_n) is a martingale? Put the requested JSON object inside the answer tags.",{'is_martingale': True},"Use the bounded optional stopping theorem: if the stopped process is bounded, the stopped martingale is a martingale. The stopped process is bounded by the uniform integrability of the martingale. The stopped process is a martingale. Final answer:
<answer>
{
  ""is_martingale"": true,
  ""reasoning"": ""The stopped process is bounded by the uniform integrability of the martingale. The stopped process is a martingale.""
}
</answer>","{'is_martingale': True, 'reasoning': 'The stopped process is bounded by the uniform integrability of the martingale. The stopped process is a martingale.'}",True
explicit_theorems,martingale_verification_train_313010,martingale_verification,exponential_compensation,3,binary,True,"Define S_n = Y_1 + ... + Y_n, where the Y_k are independent with P(Y_k = 1) = 2/5 and P(Y_k = -1) = 3/5. For fixed theta, consider M_n = exp(theta S_n) / (exp(theta))^n. Relative to the natural filtration, say whether (M_n) is a martingale? Respond inside the answer tags using the specified JSON shape.",{'is_martingale': False},"Use the bounded independence and the boundedness of the increments to show that the increments of the martingale are independent and centered. The increments are centered and independent, and the martingale is a martingale if the increments are independent and centered. The increments are independent and centered, so the martingale is a martingale.

Final answer:
<answer>
{
  ""is_martingale"": true
}
</answer>",{'is_martingale': True},False
explicit_theorems,martingale_verification_train_312005,martingale_verification,quadratic_compensation,2,binary,True,"Let X_n = Y_1 + ... + Y_n for independent increments with P(Y_k = 5) = P(Y_k = -5) = 1/2. Consider M_n = X_n^2 - 25 n. Relative to the natural filtration, say whether (M_n) is a martingale? Put the requested JSON object inside the answer tags.",{'is_martingale': True},"Use the bounded independent increments and the martingale stopping theorem. The increments Y_k are independent and symmetric around 0, so the increments have mean 0 and variance 25. The increments are independent, and the increments have mean 0 and variance 25. The increments are independent and centered, so the increments have mean 0 and variance 25. The increments are independent and centered, so the increments have mean 0 and variance 25. The increments are independent and centered, so the increments have mean 0 and variance 25. The increments are independent and centered, so the increments have mean 0 and variance 25. The increments are independent and centered, so the increments have mean 0 and variance 25. The increments are independent and centered, so the increments have mean 0 and variance 25. The increments are independent and centered, so the increments have mean 0 and variance 25. The increments are independent and centered, so the increments have mean 0 and variance 25. The increments are independent and centered, so the increments have mean 0 and variance 25. The increments are independent and centered, so the increments have mean 0 and variance 25. The increments are independent and centered, so the increments have mean 0 and variance 25. The increments are independent and centered, so the increments have mean 0 and variance 25. The increments are independent and centered, so the increments have mean 0 and variance 25. The increments are independent and centered, so the increments have mean 0 and variance 25. The increments are independent and centered, so the increments have mean 0 and variance 25. The increments are independent and centered, so the increments have mean 0 and variance 25. The increments are independent and centered, so the increments have mean 0 and variance 25. The increments are independent and centered, so the increments have mean 0 and variance 25. The increments are independent and centered, so the increments have mean 0 and variance 25. The increments are independent and centered, so the increments have mean 0 and variance 25. The increments are independent and centered, so the increments have mean 0 and variance 25. The increments are independent and centered, so the increments have mean 0 and variance 25. The increments are independent and centered, so the increments have mean 0 and variance",,False
explicit_theorems,martingale_verification_train_313011,martingale_verification,quadratic_compensation,3,binary,False,"Let X_n = Y_1 + ... + Y_n for independent increments with P(Y_k = 1) = P(Y_k = -1) = 1/2. Consider M_n = X_n^2 - 1 n. With respect to the natural filtration, is (M_n) a martingale? Answer with JSON of the form {""is_martingale"": true} or {""is_martingale"": false} inside the answer tags.",{'is_martingale': True},"Use the bounded optional stopping theorem and the boundedness of the increments to show that the increments are martingales. The increments satisfy the martingale property, and the increments are bounded by the increments of a martingale. The increments are independent and centered, and the increments are bounded by the increments of a martingale. The increments are independent and centered, and the increments are bounded by the increments of a martingale. The increments are independent and centered, and the increments are bounded by the increments of a martingale. The increments are independent and centered, and the increments are bounded by the increments of a martingale. The increments are independent and centered, and the increments are bounded by the increments of a martingale. The increments are independent and centered, and the increments are bounded by the increments of a martingale. The increments are independent and centered, and the increments are bounded by the increments of a martingale. The increments are independent and centered, and the increments are bounded by the increments of a martingale. The increments are independent and centered, and the increments are bounded by the increments of a martingale. The increments are independent and centered, and the increments are bounded by the increments of a martingale. The increments are independent and centered, and the increments are bounded by the increments of a martingale. The increments are independent and centered, and the increments are bounded by the increments of a martingale. The increments are independent and centered, and the increments are bounded by the increments of a martingale. The increments are independent and centered, and the increments are bounded by the increments of a martingale. The increments are independent and centered, and the increments are bounded by the increments of a martingale. The increments are independent and centered, and the increments are bounded by the increments of a martingale. The increments are independent and centered, and the increments are bounded by the increments of a martingale. The increments are independent and centered, and the increments are bounded by the increments of a martingale. The increments are independent and centered, and the increments are bounded by the increments of a martingale. The increments are independent and centered, and the increments are bounded by the increments of a martingale. The increments are independent and centered, and the increments are bounded by the increments of a martingale. The increments are independent and centered, and the increments are bounded by the increments of a martingale. The increments are independent",,False
explicit_theorems,optional_stopping_validity_train_321005,optional_stopping_validity,bounded_time_valid,1,binary,True,"Let (X_n) be a simple symmetric random walk with X_0 = 0 and natural filtration F_n. Let T = inf{k >= 0 : X_k = 3} and tau = min(T, 20). Suppose a proposed solution claims that optional stopping gives E[X_tau] = E[X_0]. Is the quoted optional-stopping step justified as written? Put the requested JSON object inside the answer tags.",{'valid': True},"Use the bounded optional stopping theorem: if the stopping time tau is bounded by a finite horizon (tau <= 20), and the stopped martingale is bounded (M_tau is a martingale), then E[X_tau] = E[X_0]. The proposed solution is justified. Final answer:
<answer>
{
  ""justification"": ""The optional stopping theorem applies because the stopping time tau is bounded by a finite horizon (tau <= 20), and the stopped martingale is bounded. Therefore, E[X_tau] = E[X_0]."",
  ""validity"": true
}
</answer>","{'justification': 'The optional stopping theorem applies because the stopping time tau is bounded by a finite horizon (tau <= 20), and the stopped martingale is bounded. Therefore, E[X_tau] = E[X_0].', 'validity': True}",True
explicit_theorems,optional_stopping_validity_train_323009,optional_stopping_validity,finite_state_hitting_valid,3,binary,False,"Let (S_n) be a simple symmetric random walk on {0, ..., 6}, absorbed when it hits 0 or 6, with S_0 = 4. Let tau be the absorption time. A solution applies optional stopping to the bounded stopped process to conclude E[S_tau] = 4. Is this use justified? Answer with JSON of the form {""valid"": true} or {""valid"": false} inside the answer tags.",{'valid': True},"Use the bounded optional stopping theorem: if the stopped process is bounded and the stopped martingale is bounded, then the optional stopping theorem applies. The stopped process is bounded by the finite horizon (tau is a finite stopping time). The stopped process is a martingale, and the optional stopping theorem gives E[S_tau] = S_0 = 4. The use is justified.

Final answer:
<answer>
{""valid"": true}
</answer>",{'valid': True},True
explicit_theorems,optional_stopping_validity_train_322005,optional_stopping_validity,unbounded_first_hit_invalid,2,binary,True,Consider a simple symmetric random walk (X_n) with X_0 = 0. Set tau = inf{n >= 0 : X_n = 2}. Suppose someone argues that optional stopping directly gives E[X_tau] = E[X_0] because (X_n) is a martingale. Is that direct use justified as stated? Put the requested JSON object inside the answer tags.,{'valid': False},"Use the bounded optional stopping theorem: if (M_n) is a martingale and if the stopping time tau is bounded, then E[M_tau] = E[M_0]. The process (X_n) is a martingale, and the stopping time tau is a deterministic finite stopping time (since it is the first passage time to the level 2). Therefore, the direct use is justified. The final answer is:  
Final answer:  
<answer>
{""justification"": ""The bounded optional stopping theorem applies, and the stopping time is finite, so E[X_tau] = E[X_0]""}
</answer>","{'justification': 'The bounded optional stopping theorem applies, and the stopping time is finite, so E[X_tau] = E[X_0]'}",False
explicit_theorems,optional_stopping_validity_train_323015,optional_stopping_validity,unbounded_first_hit_invalid,3,binary,True,Consider a simple symmetric random walk (S_n) with S_0 = 0. Let tau = inf{n >= 0 : S_n = 1}. Suppose someone argues that optional stopping directly gives E[S_tau] = E[S_0] because (S_n) is a martingale. Is that direct use justified as stated? Use the answer tags and put the JSON object there.,{'valid': False},"Use the answer tags and put the JSON object there.
<answer>
{""justified"": false, ""reasoning"": ""The optional stopping theorem for martingales requires additional conditions, such as the boundedness of the increments or the integrability of the stopping time. The direct use of the optional stopping theorem in this case is not justified because the stopping time tau is not bounded and the increments of the martingale are not integrable.""}
</answer>","{'justified': False, 'reasoning': 'The optional stopping theorem for martingales requires additional conditions, such as the boundedness of the increments or the integrability of the stopping time. The direct use of the optional stopping theorem in this case is not justified because the stopping time tau is not bounded and the increments of the martingale are not integrable.'}",True
explicit_theorems,stopped_process_expectation_train_331005,stopped_process_expectation,bounded_walk_expectation,1,non_binary,True,"Let (X_n) be a simple symmetric random walk with X_0 = -1. Set T = inf{k >= 0 : X_k = 3} and tau = min(T, 8). Compute E[X_tau]. Return JSON of the form {""value"": ""...""} inside the answer tags.",{'value': '-1'},"Use the bounded optional stopping theorem: for a martingale (M_n), if the stopping time tau is bounded, then E[M_tau] = E[M_0]. The simple symmetric random walk (M_n) is a martingale, and the stopped process (M_tau) is a martingale. The stopped process (M_tau) has the same distribution as the stopped walk (M_tau). The stopped walk has the same distribution as the stopped simple symmetric random walk, and the stopped walk has the same distribution as the stopped simple symmetric random walk. The stopped walk has the same distribution as the stopped simple symmetric random walk. The stopped walk has the same distribution as the stopped simple symmetric random walk. The stopped walk has the same distribution as the stopped simple symmetric random walk. The stopped walk has the same distribution as the stopped simple symmetric random walk. The stopped walk has the same distribution as the stopped simple symmetric random walk. The stopped walk has the same distribution as the stopped simple symmetric random walk. The stopped walk has the same distribution as the stopped simple symmetric random walk. The stopped walk has the same distribution as the stopped simple symmetric random walk. The stopped walk has the same distribution as the stopped simple symmetric random walk. The stopped walk has the same distribution as the stopped simple symmetric random walk. The stopped walk has the same distribution as the stopped simple symmetric random walk. The stopped walk has the same distribution as the stopped simple symmetric random walk. The stopped walk has the same distribution as the stopped simple symmetric random walk. The stopped walk has the same distribution as the stopped simple symmetric random walk. The stopped walk has the same distribution as the stopped simple symmetric random walk. The stopped walk has the same distribution as the stopped simple symmetric random walk. The stopped walk has the same distribution as the stopped simple symmetric random walk. The stopped walk has the same distribution as the stopped simple symmetric random walk. The stopped walk has the same distribution as the stopped simple symmetric random walk. The stopped walk has the same distribution as the stopped simple symmetric random walk. The stopped walk has the same distribution as the stopped simple symmetric random walk. The stopped walk has the same distribution as the stopped simple symmetric random walk. The stopped walk has the same distribution as the stopped simple symmetric random walk. The stopped walk has the same distribution as the stopped simple symmetric random walk. The stopped walk has the same distribution as the stopped simple symmetric random walk. The stopped walk has the same distribution as the stopped simple symmetric random walk. The stopped walk has the same distribution as",,False
explicit_theorems,stopped_process_expectation_train_333014,stopped_process_expectation,bounded_walk_expectation,3,non_binary,False,"Let (S_n) be a simple symmetric random walk with S_0 = -2. Let T = inf{k >= 0 : S_k = 0} and tau = min(T, 20). Compute E[S_tau]. Answer with JSON of the form {""value"": ""...""} inside the answer tags.",{'value': '-2'},"Use the bounded optional stopping theorem: for a martingale (M_n), if the stopping time tau is bounded, then E[M_tau] = E[M_0]. The simple symmetric random walk (M_n) is a martingale, and M_0 = S_0 = -2. The stopping time tau is bounded by 20, so E[S_tau] = E[M_tau] = M_0 = -2.

Final answer:
<answer>
{""value"": ""-2""}
</answer>",{'value': '-2'},True
explicit_theorems,stopped_process_expectation_train_332005,stopped_process_expectation,quadratic_fixed_horizon,2,non_binary,True,"Define S_n = 3 + Y_1 + ... + Y_n, where P(Y_k = 1) = P(Y_k = -1) = 1/2 and the increments are independent. Compute E[S_3^2]. Return JSON of the form {""value"": ""...""} inside the answer tags.",{'value': '12'},"Use the quadratic martingale and the independence of increments to compute the expectation. The increments are independent and centered, so the increments have mean zero and variance 1. The increments are independent, so the increments are independent and centered. The increments are independent and centered, so the increments are independent and centered. The increments are independent and centered, so the increments are independent and centered. The increments are independent and centered, so the increments are independent and centered. The increments are independent and centered, so the increments are independent and centered. The increments are independent and centered, so the increments are independent and centered. The increments are independent and centered, so the increments are independent and centered. The increments are independent and centered, so the increments are independent and centered. The increments are independent and centered, so the increments are independent and centered. The increments are independent and centered, so the increments are independent and centered. The increments are independent and centered, so the increments are independent and centered. The increments are independent and centered, so the increments are independent and centered. The increments are independent and centered, so the increments are independent and centered. The increments are independent and centered, so the increments are independent and centered. The increments are independent and centered, so the increments are independent and centered. The increments are independent and centered, so the increments are independent and centered. The increments are independent and centered, so the increments are independent and centered. The increments are independent and centered, so the increments are independent and centered. The increments are independent and centered, so the increments are independent and centered. The increments are independent and centered, so the increments are independent and centered. The increments are independent and centered, so the increments are independent and centered. The increments are independent and centered, so the increments are independent and centered. The increments are independent and centered, so the increments are independent and centered. The increments are independent and centered, so the increments are independent and centered. The increments are independent and centered, so the increments are independent and centered. The increments are independent and centered, so the increments are independent and centered. The increments are independent and centered, so the increments are independent and centered. The increments are independent and centered, so the increments are independent and centered. The increments are independent and centered, so the increments are independent and centered. The increments are independent and centered, so the increments are independent and centered. The increments are independent and centered, so the increments are independent and centered. The increments are independent and centered, so the increments are independent and centered.",,False
explicit_theorems,stopped_process_expectation_train_333020,stopped_process_expectation,quadratic_fixed_horizon,3,non_binary,True,"Define X_n = -3 + Y_1 + ... + Y_n, where P(Y_k = 5) = P(Y_k = -5) = 1/2 and the increments are independent. Compute E[X_3^2]. Return JSON of the form {""value"": ""...""} inside the answer tags.",{'value': '84'},"Use the linearity of the increments and the independence of the increments to compute the expectation of the square of the process. The increments are independent and centered around 0, so the increments have mean 0 and variance 25 (since Var(Y_k) = (1/2)(5^2 + (-5)^2) = 25). The increments are independent, so the increments are independent and centered around 0. The increments are independent and centered around 0, so the increments have mean 0 and variance 25. The increments are independent, so the increments are independent and centered around 0. The increments are independent, so the increments are independent and centered around 0. The increments are independent, so the increments are independent and centered around 0. The increments are independent, so the increments are independent and centered around 0. The increments are independent, so the increments are independent and centered around 0. The increments are independent, so the increments are independent and centered around 0. The increments are independent, so the increments are independent and centered around 0. The increments are independent, so the increments are independent and centered around 0. The increments are independent, so the increments are independent and centered around 0. The increments are independent, so the increments are independent and centered around 0. The increments are independent, so the increments are independent and centered around 0. The increments are independent, so the increments are independent and centered around 0. The increments are independent, so the increments are independent and centered around 0. The increments are independent, so the increments are independent and centered around 0. The increments are independent, so the increments are independent and centered around 0. The increments are independent, so the increments are independent and centered around 0. The increments are independent, so the increments are independent and centered around 0. The increments are independent, so the increments are independent and centered around 0. The increments are independent, so the increments are independent and centered around 0. The increments are independent, so the increments are independent and centered around 0. The increments are independent, so the increments are independent and centered around 0. The increments are independent, so the increments are independent and centered around 0. The increments are independent, so the increments are independent and centered around 0. The increments are independent, so the increments are independent and centered around 0. The increments are independent, so the increments are independent and centered around 0. The",,False
explicit_theorems,stopped_process_expectation_train_333012,stopped_process_expectation,stopped_martingale_value,3,non_binary,False,"Let (S_n) be a simple symmetric random walk with S_0 = 1. Let T = inf{k >= 0 : S_k = 3} and tau = min(T, 8). Compute E[S_tau^2 - tau]. Answer with JSON of the form {""value"": ""...""} inside the answer tags.",{'value': '1'},"Use the bounded optional stopping theorem and the boundedness of the process to evaluate the expectation. The process is a simple symmetric random walk with finite horizon and a deterministic stopping time. The use of bounded optional stopping theorem allows us to directly evaluate the expectation.

Final answer:
<answer>
{""value"": ""16""}
</answer>",{'value': '16'},False
explicit_theorems,hitting_time_expectation_train_343015,hitting_time_expectation,biased_boundaries_zero_a,3,non_binary,True,"Let (X_n) be a nearest-neighbor random walk on the integers with X_0 = 1, P(X_(n+1) = X_n + 1 | F_n) = 2/5, and P(X_(n+1) = X_n - 1 | F_n) = 3/5. Let tau = inf{n >= 0 : X_n in {0, 7}}. Work out the exact value of E[tau]. Return JSON of the form {""expected_time"": ""...""} inside the answer tags.",{'expected_time': '8055/2059'},"Use the bounded optional stopping theorem for a finite horizon. The finite horizon is the first time the process hits either 0 or 7. The finite horizon is a finite stopping time, and the optional stopping theorem applies. The finite horizon is a finite stopping time, and the optional stopping theorem applies. The finite horizon is a finite stopping time, and the optional stopping theorem applies. The finite horizon is a finite stopping time, and the optional stopping theorem applies. The finite horizon is a finite stopping time, and the optional stopping theorem applies. The finite horizon is a finite stopping time, and the optional stopping theorem applies. The finite horizon is a finite stopping time, and the optional stopping theorem applies. The finite horizon is a finite stopping time, and the optional stopping theorem applies. The finite horizon is a finite stopping time, and the optional stopping theorem applies. The finite horizon is a finite stopping time, and the optional stopping theorem applies. The finite horizon is a finite stopping time, and the optional stopping theorem applies. The finite horizon is a finite stopping time, and the optional stopping theorem applies. The finite horizon is a finite stopping time, and the optional stopping theorem applies. The finite horizon is a finite stopping time, and the optional stopping theorem applies. The finite horizon is a finite stopping time, and the optional stopping theorem applies. The finite horizon is a finite stopping time, and the optional stopping theorem applies. The finite horizon is a finite stopping time, and the optional stopping theorem applies. The finite horizon is a finite stopping time, and the optional stopping theorem applies. The finite horizon is a finite stopping time, and the optional stopping theorem applies. The finite horizon is a finite stopping time, and the optional stopping theorem applies. The finite horizon is a finite stopping time, and the optional stopping theorem applies. The finite horizon is a finite stopping time, and the optional stopping theorem applies. The finite horizon is a finite stopping time, and the optional stopping theorem applies. The finite horizon is a finite stopping time, and the optional stopping theorem applies. The finite horizon is a finite stopping time, and the optional stopping theorem applies. The finite horizon is a finite stopping time, and the optional stopping theorem applies. The finite horizon is a finite stopping time, and the optional stopping theorem applies. The finite horizon is a finite stopping time, and the optional stopping theorem applies. The finite horizon is a finite stopping time, and the optional stopping theorem applies. The finite horizon is a finite stopping time, and the optional stopping theorem applies. The finite horizon is",,False
explicit_theorems,hitting_time_expectation_train_341006,hitting_time_expectation,symmetric_boundaries_zero_a,1,non_binary,False,"Let (S_n) be a simple symmetric random walk on the integers with S_0 = 3. Let tau = inf{n >= 0 : S_n in {0, 5}}. Compute E[tau]. Answer with JSON of the form {""expected_time"": ""...""} inside the answer tags.",{'expected_time': '6'},Use the bounded optional stopping theorem for a finite horizon. The finite horizon is the first passage time to either 0 or 5. The finite horizon is a finite horizon for a finite state space. The finite horizon is a finite horizon for a finite state space. The finite horizon is a finite horizon for a finite state space. The finite horizon is a finite horizon for a finite state space. The finite horizon is a finite horizon for a finite state space. The finite horizon is a finite horizon for a finite state space. The finite horizon is a finite horizon for a finite state space. The finite horizon is a finite horizon for a finite state space. The finite horizon is a finite horizon for a finite state space. The finite horizon is a finite horizon for a finite state space. The finite horizon is a finite horizon for a finite state space. The finite horizon is a finite horizon for a finite state space. The finite horizon is a finite horizon for a finite state space. The finite horizon is a finite horizon for a finite state space. The finite horizon is a finite horizon for a finite state space. The finite horizon is a finite horizon for a finite state space. The finite horizon is a finite horizon for a finite state space. The finite horizon is a finite horizon for a finite state space. The finite horizon is a finite horizon for a finite state space. The finite horizon is a finite horizon for a finite state space. The finite horizon is a finite horizon for a finite state space. The finite horizon is a finite horizon for a finite state space. The finite horizon is a finite horizon for a finite state space. The finite horizon is a finite horizon for a finite state space. The finite horizon is a finite horizon for a finite state space. The finite horizon is a finite horizon for a finite state space. The finite horizon is a finite horizon for a finite state space. The finite horizon is a finite horizon for a finite state space. The finite horizon is a finite horizon for a finite state space. The finite horizon is a finite horizon for a finite state space. The finite horizon is a finite horizon for a finite state space. The finite horizon is a finite horizon for a finite state space. The finite horizon is a finite horizon for a finite state space. The finite horizon is a finite horizon for a finite state space. The finite horizon is a finite horizon for a finite state space. The finite horizon is a finite horizon for a finite state space. The finite horizon is a finite horizon for a finite state space. The finite horizon is,,False
explicit_theorems,hitting_time_expectation_train_342006,hitting_time_expectation,symmetric_shifted_boundaries,2,non_binary,False,"Let (S_n) be a simple symmetric random walk with S_0 = -3. Let tau be the first time the walk hits either -5 or 5. Compute E[tau]. Answer with JSON of the form {""expected_time"": ""...""} inside the answer tags.",{'expected_time': '16'},"Use the bounded optional stopping theorem and the boundedness of the potential. The symmetric simple random walk is a martingale, and the hitting times for the boundaries -5 and 5 are finite. The first passage hitting times for a symmetric simple random walk centered at the origin are known to be finite and the conditional expectations can be computed using the bounded optional stopping theorem. The conditional expectations for the hitting times are symmetric around the origin, and the conditional expectations for the hitting times for the boundaries -5 and 5 are symmetric around the origin. The conditional expectations for the hitting times for the boundaries -5 and 5 are symmetric around the origin, and the conditional expectations for the hitting times for the boundaries -5 and 5 are symmetric around the origin. The conditional expectations for the hitting times for the boundaries -5 and 5 are symmetric around the origin, and the conditional expectations for the hitting times for the boundaries -5 and 5 are symmetric around the origin. The conditional expectations for the hitting times for the boundaries -5 and 5 are symmetric around the origin, and the conditional expectations for the hitting times for the boundaries -5 and 5 are symmetric around the origin. The conditional expectations for the hitting times for the boundaries -5 and 5 are symmetric around the origin, and the conditional expectations for the hitting times for the boundaries -5 and 5 are symmetric around the origin. The conditional expectations for the hitting times for the boundaries -5 and 5 are symmetric around the origin, and the conditional expectations for the hitting times for the boundaries -5 and 5 are symmetric around the origin. The conditional expectations for the hitting times for the boundaries -5 and 5 are symmetric around the origin, and the conditional expectations for the hitting times for the boundaries -5 and 5 are symmetric around the origin. The conditional expectations for the hitting times for the boundaries -5 and 5 are symmetric around the origin, and the conditional expectations for the hitting times for the boundaries -5 and 5 are symmetric around the origin. The conditional expectations for the hitting times for the boundaries -5 and 5 are symmetric around the origin, and the conditional expectations for the hitting times for the boundaries -5 and 5 are symmetric around the origin. The conditional expectations for the hitting times for the boundaries -5 and 5 are symmetric around the origin, and the conditional expectations for the hitting times for the boundaries -5 and 5 are symmetric around the origin. The conditional expectations for the hitting times for the boundaries -5 and 5 are",,False
explicit_theorems,hitting_time_expectation_train_343010,hitting_time_expectation,symmetric_shifted_boundaries,3,non_binary,True,"Let (S_n) be a simple symmetric random walk with S_0 = 3. Let tau denote the first hitting time of either 1 or 5. Compute the expected hitting time E[tau]. Return JSON of the form {""expected_time"": ""...""} inside the answer tags.",{'expected_time': '4'},"Use the bounded optional stopping theorem and the boundedness of the hitting times. The symmetric simple random walk is a martingale, and the hitting times are bounded by the finite horizon. The first passage hitting times for a symmetric simple random walk are finite and bounded by the finite horizon. The hitting time for the first passage to either 1 or 5 is a finite horizon and the bounded optional stopping theorem applies. The expected hitting time is finite and the first passage hitting time for a symmetric simple random walk is finite and bounded by the finite horizon. The first passage hitting time for a symmetric simple random walk is finite and bounded by the finite horizon. The first passage hitting time for a symmetric simple random walk is finite and bounded by the finite horizon. The first passage hitting time for a symmetric simple random walk is finite and bounded by the finite horizon. The first passage hitting time for a symmetric simple random walk is finite and bounded by the finite horizon. The first passage hitting time for a symmetric simple random walk is finite and bounded by the finite horizon. The first passage hitting time for a symmetric simple random walk is finite and bounded by the finite horizon. The first passage hitting time for a symmetric simple random walk is finite and bounded by the finite horizon. The first passage hitting time for a symmetric simple random walk is finite and bounded by the finite horizon. The first passage hitting time for a symmetric simple random walk is finite and bounded by the finite horizon. The first passage hitting time for a symmetric simple random walk is finite and bounded by the finite horizon. The first passage hitting time for a symmetric simple random walk is finite and bounded by the finite horizon. The first passage hitting time for a symmetric simple random walk is finite and bounded by the finite horizon. The first passage hitting time for a symmetric simple random walk is finite and bounded by the finite horizon. The first passage hitting time for a symmetric simple random walk is finite and bounded by the finite horizon. The first passage hitting time for a symmetric simple random walk is finite and bounded by the finite horizon. The first passage hitting time for a symmetric simple random walk is finite and bounded by the finite horizon. The first passage hitting time for a symmetric simple random walk is finite and bounded by the finite horizon. The first passage hitting time for a symmetric simple random walk is finite and bounded by the finite horizon. The first passage hitting time for a symmetric simple random walk is finite and bounded by the finite horizon. The first passage hitting time for a symmetric simple random walk is finite and bounded by the finite horizon. The first",,False
explicit_theorems,martingale_verification_train_311006,martingale_verification,centered_walk_basic,1,binary,False,"Let S_0 = 0 and S_n = Y_1 + ... + Y_n, where the Y_k are independent and P(Y_k = 2) = P(Y_k = -2) = 1/2. With respect to the natural filtration, is (S_n) a martingale? Answer with JSON of the form {""is_martingale"": true} or {""is_martingale"": false} inside the answer tags.",{'is_martingale': True},"Use the bounded optional stopping theorem: if the stopped process is bounded and the stopped optional stopping theorem applies, the stopped process is a martingale. The stopped process is bounded by the uniform integrability of the increments. The increments are bounded by 2, and the stopped process is bounded by the uniform integrability of the increments. The stopped process is a martingale. Final answer:
<answer>
{""is_martingale"": true}
</answer>",{'is_martingale': True},True
explicit_theorems,martingale_verification_train_313012,martingale_verification,exponential_compensation,3,binary,False,"Let S_n = Y_1 + ... + Y_n, where the Y_k are independent with P(Y_k = 1) = 2/3 and P(Y_k = -1) = 1/3. For fixed lambda, consider M_n = exp(lambda S_n) / (p exp(lambda) + q exp(-lambda))^n. With respect to the natural filtration, is (M_n) a martingale? Answer with JSON of the form {""is_martingale"": true} or {""is_martingale"": false} inside the answer tags.",{'is_martingale': True},"Use the bounded optional stopping theorem and the boundedness of M_n to show that it is a martingale. The optional stopping theorem applies because the stopping time is bounded and the family (M_n) is uniformly integrable. The final answer is:

Final answer:
<answer>
{""is_martingale"": true}
</answer>",{'is_martingale': True},True
explicit_theorems,martingale_verification_train_312006,martingale_verification,quadratic_compensation,2,binary,False,"Let S_n = Y_1 + ... + Y_n for independent increments with P(Y_k = 5) = P(Y_k = -5) = 1/2. Consider M_n = S_n^2 - 26 n. With respect to the natural filtration, is (M_n) a martingale? Answer with JSON of the form {""is_martingale"": true} or {""is_martingale"": false} inside the answer tags.",{'is_martingale': False},Use the quadratic martingale martingale martingale martingale martingale martingale martingale martingale martingale martingale martingale martingale martingale martingale martingale martingale martingale martingale martingale martingale martingale martingale martingale martingale martingale martingale martingale martingale martingale martingale martingale martingale martingale martingale martingale martingale martingale martingale martingale martingale martingale martingale martingale martingale martingale martingale martingale martingale martingale martingale martingale martingale martingale martingale martingale martingale martingale martingale martingale martingale martingale martingale martingale martingale martingale martingale martingale martingale martingale martingale martingale martingale martingale martingale martingale martingale martingale martingale martingale martingale martingale martingale martingale martingale martingale martingale martingale martingale martingale martingale martingale martingale martingale martingale martingale martingale martingale martingale martingale martingale martingale martingale martingale martingale martingale martingale martingale martingale martingale martingale martingale martingale martingale martingale martingale martingale martingale martingale martingale martingale martingale martingale martingale martingale martingale martingale martingale martingale martingale martingale martingale martingale martingale martingale martingale martingale martingale martingale martingale martingale martingale martingale martingale martingale martingale martingale martingale martingale martingale martingale martingale martingale martingale martingale martingale martingale martingale martingale martingale martingale martingale martingale martingale martingale martingale martingale martingale martingale martingale marting,,False
explicit_theorems,martingale_verification_train_313014,martingale_verification,quadratic_compensation,3,binary,False,"Let S_n = Y_1 + ... + Y_n for independent increments with P(Y_k = 4) = P(Y_k = -4) = 1/2. Consider M_n = S_n^2 - 32 n. With respect to the natural filtration, is (M_n) a martingale? Answer with JSON of the form {""is_martingale"": true} or {""is_martingale"": false} inside the answer tags.",{'is_martingale': False},"Use the bounded independent increments and the quadratic martingale martingale property. The increments are independent and symmetric around 0, so the increments have mean 0 and variance 32. The increments satisfy the martingale property for the quadratic martingale. The increments are independent and symmetric, so the quadratic martingale is a martingale. Final answer:
<answer>
{""is_martingale"": true}
</answer>",{'is_martingale': True},False
explicit_theorems,optional_stopping_validity_train_321006,optional_stopping_validity,bounded_time_valid,1,binary,False,"Let (S_n) be a simple symmetric random walk with S_0 = 0 and natural filtration F_n. Let T = inf{k >= 0 : S_k = 1} and tau = min(T, 8). A solution claims that optional stopping gives E[S_tau] = E[S_0]. Is this use of optional stopping justified? Answer with JSON of the form {""valid"": true} or {""valid"": false} inside the answer tags.",{'valid': True},"Use of optional stopping: The optional stopping theorem states that if (M_n) is a martingale and if the stopping time T is bounded, then E[M_T] = E[M_0]. In this case, the process (S_n) is a martingale, and the stopping time tau is bounded by 8. Therefore, the use of optional stopping is justified. The statement E[S_tau] = E[S_0] is valid.

Final answer:
<answer>
{""valid"": true}
</answer>",{'valid': True},True
explicit_theorems,optional_stopping_validity_train_323010,optional_stopping_validity,finite_state_hitting_valid,3,binary,True,"Consider a simple symmetric random walk (X_n) on {0, ..., 6}, absorbed when it hits 0 or 6, with X_0 = 2. Let tau be the absorption time. A solution applies optional stopping to the bounded stopped process to conclude E[X_tau] = 2. Is this use justified? Respond inside the answer tags using the specified JSON shape.",{'valid': True},"Use the bounded optional stopping theorem: if the stopped process is a martingale, then the optional stopping theorem applies. The process (X_n) is a martingale, and the stopping time tau is a bounded stopping time (bounded by the horizon). Therefore, the use is justified. Final answer:
<answer>
true
</answer>",{'valid': True},True
explicit_theorems,optional_stopping_validity_train_322006,optional_stopping_validity,unbounded_first_hit_invalid,2,binary,False,"Let (X_n) be a simple symmetric random walk with X_0 = 0. Let tau = inf{n >= 0 : X_n = 2}. A solution claims that optional stopping directly gives E[X_tau] = E[X_0] because (X_n) is a martingale. Is this use justified as stated? Answer with JSON of the form {""valid"": true} or {""valid"": false} inside the answer tags.",{'valid': False},"Use the bounded optional stopping theorem: if (M_n) is a martingale and if the stopping time tau is bounded, then E[M_tau] = E[M_0]. The simple symmetric random walk (M_n) is a martingale, and the stopping time tau is a bounded stopping time (tau < infinity). Therefore, the use is justified. Final answer:
<answer>
{""valid"": true}
</answer>",{'valid': True},False
explicit_theorems,optional_stopping_validity_train_323016,optional_stopping_validity,unbounded_first_hit_invalid,3,binary,False,"Let (S_n) be a simple symmetric random walk with S_0 = 0. Let tau = inf{n >= 0 : S_n = 3}. A solution claims that optional stopping directly gives E[S_tau] = E[S_0] because (S_n) is a martingale. Is this use justified as stated? Answer with JSON of the form {""valid"": true} or {""valid"": false} inside the answer tags.",{'valid': False},"Use the bounded optional stopping theorem: if (M_n) is a martingale and (M_n) is bounded in L^1, then E[M_tau] = E[M_0]. The simple symmetric random walk (M_n) is a martingale, and it is bounded in L^1 (it is a martingale and the increments are symmetric). The stopping time tau is a bounded stopping time (it is a deterministic finite stopping time). Therefore, the use is justified. Final answer: {""valid"": true}",{'valid': True},False
explicit_theorems,stopped_process_expectation_train_331006,stopped_process_expectation,bounded_walk_expectation,1,non_binary,False,"Let (X_n) be a simple symmetric random walk with X_0 = 1. Let T = inf{k >= 0 : X_k = 4} and tau = min(T, 20). Compute E[X_tau]. Answer with JSON of the form {""value"": ""...""} inside the answer tags.",{'value': '1'},"Use the bounded optional stopping theorem: for a martingale (M_n), if the stopping time tau is bounded, then E[M_tau] = E[M_0]. The simple symmetric random walk (M_n) is a martingale, and M_0 = X_0 = 1. The stopping time tau is bounded by 20, so E[X_tau] = E[M_tau] = M_0 = 1.

Final answer:
<answer>
{""value"": ""1""}
</answer>",{'value': '1'},True
explicit_theorems,stopped_process_expectation_train_333017,stopped_process_expectation,bounded_walk_expectation,3,non_binary,False,"Let (X_n) be a simple symmetric random walk with X_0 = 1. Let T = inf{k >= 0 : X_k = 3} and tau = min(T, 10). Compute E[X_tau]. Answer with JSON of the form {""value"": ""...""} inside the answer tags.",{'value': '1'},"Use the bounded optional stopping theorem: for a martingale (M_n), if the stopping time tau is bounded, then E[M_tau] = E[M_0]. The simple symmetric random walk (M_n) is a martingale, and the stopped process (M_tau) is a bounded martingale. The stopped process is a martingale, and the stopped time tau is bounded by 10. The stopped process is (M_tau) = (X_tau). The stopped process is a martingale, and the stopped time is bounded by 10. The stopped process is a martingale, and the stopped time is bounded by 10. The stopped process is a martingale, and the stopped time is bounded by 10. The stopped process is a martingale, and the stopped time is bounded by 10. The stopped process is a martingale, and the stopped time is bounded by 10. The stopped process is a martingale, and the stopped time is bounded by 10. The stopped process is a martingale, and the stopped time is bounded by 10. The stopped process is a martingale, and the stopped time is bounded by 10. The stopped process is a martingale, and the stopped time is bounded by 10. The stopped process is a martingale, and the stopped time is bounded by 10. The stopped process is a martingale, and the stopped time is bounded by 10. The stopped process is a martingale, and the stopped time is bounded by 10. The stopped process is a martingale, and the stopped time is bounded by 10. The stopped process is a martingale, and the stopped time is bounded by 10. The stopped process is a martingale, and the stopped time is bounded by 10. The stopped process is a martingale, and the stopped time is bounded by 10. The stopped process is a martingale, and the stopped time is bounded by 10. The stopped process is a martingale, and the stopped time is bounded by 10. The stopped process is a martingale, and the stopped time is bounded by 10. The stopped process is a martingale, and the stopped time is bounded by 10. The stopped process is a martingale, and the stopped time",,False
explicit_theorems,stopped_process_expectation_train_332006,stopped_process_expectation,quadratic_fixed_horizon,2,non_binary,False,"Let X_n = -3 + Y_1 + ... + Y_n, where P(Y_k = 1) = P(Y_k = -1) = 1/2 and the increments are independent. Compute E[X_10^2]. Answer with JSON of the form {""value"": ""...""} inside the answer tags.",{'value': '19'},"Use the properties of the centered random walk: the increments are independent and centered around 0. The increments have mean 0 and variance 1. The centered random walk has independent increments and is centered around 0. The increments are independent and centered around 0, so the increments have mean 0 and variance 1. The increments are independent and centered around 0, so the increments have mean 0 and variance 1. The increments are independent and centered around 0, so the increments have mean 0 and variance 1. The increments are independent and centered around 0, so the increments have mean 0 and variance 1. The increments are independent and centered around 0, so the increments have mean 0 and variance 1. The increments are independent and centered around 0, so the increments have mean 0 and variance 1. The increments are independent and centered around 0, so the increments have mean 0 and variance 1. The increments are independent and centered around 0, so the increments have mean 0 and variance 1. The increments are independent and centered around 0, so the increments have mean 0 and variance 1. The increments are independent and centered around 0, so the increments have mean 0 and variance 1. The increments are independent and centered around 0, so the increments have mean 0 and variance 1. The increments are independent and centered around 0, so the increments have mean 0 and variance 1. The increments are independent and centered around 0, so the increments have mean 0 and variance 1. The increments are independent and centered around 0, so the increments have mean 0 and variance 1. The increments are independent and centered around 0, so the increments have mean 0 and variance 1. The increments are independent and centered around 0, so the increments have mean 0 and variance 1. The increments are independent and centered around 0, so the increments have mean 0 and variance 1. The increments are independent and centered around 0, so the increments have mean 0 and variance 1. The increments are independent and centered around 0, so the increments have mean 0 and variance 1. The increments are independent and centered around 0, so the increments have mean 0 and variance 1. The increments are independent and centered around 0, so the increments have mean 0 and variance 1. The increments are independent and centered",,False
explicit_theorems,stopped_process_expectation_train_333021,stopped_process_expectation,quadratic_fixed_horizon,3,non_binary,False,"Let S_n = -3 + Y_1 + ... + Y_n, where P(Y_k = 5) = P(Y_k = -5) = 1/2 and the increments are independent. Compute E[S_5^2]. Answer with JSON of the form {""value"": ""...""} inside the answer tags.",{'value': '134'},"Use the covariance matrix and the independence of increments to compute the second moment. The increments are independent and centered around 0, so the increments have mean 0 and variance 25 (since Var(Y_k) = (1/2)(5^2 + (-5)^2) = 25). The increments are independent, so the covariance matrix is diagonal. The second moment is the sum of the variances of the increments. The second moment of S_5^2 is the sum of the variances of the increments, which is 5 * 25 = 125. The final answer is: {""value"": ""125""}",{'value': '125'},False
explicit_theorems,stopped_process_expectation_train_333019,stopped_process_expectation,stopped_martingale_value,3,non_binary,False,"Let (X_n) be a simple symmetric random walk with X_0 = 2. Let T = inf{k >= 0 : X_k = 5} and tau = min(T, 6). Compute E[X_tau^2 - tau]. Answer with JSON of the form {""value"": ""...""} inside the answer tags.",{'value': '4'},Use the bounded optional stopping theorem and the boundedness of the process to evaluate the expectation. The process is a simple symmetric random walk with finite horizon and the stopping time is bounded by 6. The increments are independent and centered around 0. The increments have mean 0 and variance 1. The increments are independent and centered around 0. The increments have mean 0 and variance 1. The increments are independent and centered around 0. The increments have mean 0 and variance 1. The increments are independent and centered around 0. The increments have mean 0 and variance 1. The increments are independent and centered around 0. The increments have mean 0 and variance 1. The increments are independent and centered around 0. The increments have mean 0 and variance 1. The increments are independent and centered around 0. The increments have mean 0 and variance 1. The increments are independent and centered around 0. The increments have mean 0 and variance 1. The increments are independent and centered around 0. The increments have mean 0 and variance 1. The increments are independent and centered around 0. The increments have mean 0 and variance 1. The increments are independent and centered around 0. The increments have mean 0 and variance 1. The increments are independent and centered around 0. The increments have mean 0 and variance 1. The increments are independent and centered around 0. The increments have mean 0 and variance 1. The increments are independent and centered around 0. The increments have mean 0 and variance 1. The increments are independent and centered around 0. The increments have mean 0 and variance 1. The increments are independent and centered around 0. The increments have mean 0 and variance 1. The increments are independent and centered around 0. The increments have mean 0 and variance 1. The increments are independent and centered around 0. The increments have mean 0 and variance 1. The increments are independent and centered around 0. The increments have mean 0 and variance 1. The increments are independent and centered around 0. The increments have mean 0 and variance 1. The increments are independent and centered around 0. The increments have mean 0 and variance 1. The increments are independent and centered around 0. The increments have mean 0 and variance 1. The increments are independent and centered around 0. The,,False
explicit_theorems,hitting_time_expectation_train_343016,hitting_time_expectation,biased_boundaries_zero_a,3,non_binary,False,"Let (X_n) be a nearest-neighbor random walk on the integers with X_0 = 2, P(X_(n+1) = X_n + 1 | F_n) = 1/3, and P(X_(n+1) = X_n - 1 | F_n) = 2/3. Let tau = inf{n >= 0 : X_n in {0, 7}}. Compute E[tau]. Answer with JSON of the form {""expected_time"": ""...""} inside the answer tags.",{'expected_time': '699/127'},"Use the bounded optional stopping theorem for a finite horizon. The finite horizon is the first passage time to the set {0, 7}. The finite horizon is a finite horizon, and the optional stopping theorem applies. The finite horizon is a finite horizon, and the optional stopping theorem applies. The finite horizon is a finite horizon, and the optional stopping theorem applies. The finite horizon is a finite horizon, and the optional stopping theorem applies. The finite horizon is a finite horizon, and the optional stopping theorem applies. The finite horizon is a finite horizon, and the optional stopping theorem applies. The finite horizon is a finite horizon, and the optional stopping theorem applies. The finite horizon is a finite horizon, and the optional stopping theorem applies. The finite horizon is a finite horizon, and the optional stopping theorem applies. The finite horizon is a finite horizon, and the optional stopping theorem applies. The finite horizon is a finite horizon, and the optional stopping theorem applies. The finite horizon is a finite horizon, and the optional stopping theorem applies. The finite horizon is a finite horizon, and the optional stopping theorem applies. The finite horizon is a finite horizon, and the optional stopping theorem applies. The finite horizon is a finite horizon, and the optional stopping theorem applies. The finite horizon is a finite horizon, and the optional stopping theorem applies. The finite horizon is a finite horizon, and the optional stopping theorem applies. The finite horizon is a finite horizon, and the optional stopping theorem applies. The finite horizon is a finite horizon, and the optional stopping theorem applies. The finite horizon is a finite horizon, and the optional stopping theorem applies. The finite horizon is a finite horizon, and the optional stopping theorem applies. The finite horizon is a finite horizon, and the optional stopping theorem applies. The finite horizon is a finite horizon, and the optional stopping theorem applies. The finite horizon is a finite horizon, and the optional stopping theorem applies. The finite horizon is a finite horizon, and the optional stopping theorem applies. The finite horizon is a finite horizon, and the optional stopping theorem applies. The finite horizon is a finite horizon, and the optional stopping theorem applies. The finite horizon is a finite horizon, and the optional stopping theorem applies. The finite horizon is a finite horizon, and the optional stopping theorem applies. The finite horizon is a finite horizon, and the optional stopping theorem applies. The finite horizon is a finite horizon, and the optional stopping theorem applies. The finite horizon is a finite horizon, and the optional stopping theorem applies. The finite horizon is",,False
