adapter,id,family,problem_type,difficulty,answer_type,manual_variation,problem,canonical_answer,raw_output,predicted_answer,correct
algorithmic_scaffold_v2,hitting_time_expectation_train_1220001,hitting_time_expectation,biased_boundaries_zero_a,3,non_binary,False,"Let (X_n) be a nearest-neighbor random walk on the integers with X_0 = 5, P(X_(n+1) = X_n + 1 | F_n) = 1/3, and P(X_(n+1) = X_n - 1 | F_n) = 2/3. Let tau = inf{n >= 0 : X_n in {0, 6}}. Compute E[tau]. Answer with JSON of the form {""expected_time"": ""...""} inside the answer tags.",{'expected_time': '43/7'},"Step 1: Identify the walk type.
The walk is a nearest-neighbor walk, and the walk is biased.

Step 2: Extract the biased p.
p = 1/3; q = 2/3.

Step 3: Extract the start and target.
Start = 5; target = 0 or 6.

Step 4: Select target.
target = 0 or 6; pick one.

Step 5: Select the optional target.
target = 0 or 6; pick one.

Step 6: Select the optional start.
start = 5; pick one.

Step 7: Select the optional p.
p = 1/3; q = 2/3; pick one.

Step 8: Select the optional q.
q = 2/3; pick one.

Step 9: Select the optional n.
n = 0; pick one.

Step 10: Select the optional F.
F = F_0; pick one.

Step 11: Select the optional |F_n|.
|F_n| = |F_0|; pick one.

Step 12: Select the optional |F|.
|F| = |F_0|; pick one.

Step 13: Select the optional |F_n|.
|F_n| = |F_0|; pick one.

Step 14: Select the optional |F|.
|F| = |F_0|; pick one.

Step 15: Select the optional |F_n|.
|F_n| = |F_0|; pick one.

Step 16: Select the optional |F|.
|F| = |F_0|; pick one.

Step 17: Select the optional |F_n|.
|F_n| = |F_0|; pick one.

Step 18: Select the optional |F|.
|F| = |F_0|; pick one.

Step 19: Select the optional |F_n|.
|F_n| = |F_0|; pick one.

Step 20: Select the optional |F|.
|F| = |F_0|; pick one.

Step 21: Select the optional |F_n|.
|F_n| = |F_0|; pick one.

Step 22: Select the optional |F|.
|F| = |F_0|; pick one.

Step 23: Select",,False
algorithmic_scaffold_v2,hitting_time_expectation_train_1200000,hitting_time_expectation,symmetric_boundaries_zero_a,1,non_binary,False,"Let (X_n) be a simple symmetric random walk on the integers with X_0 = 1. Let tau = inf{n >= 0 : X_n in {0, 4}}. Compute E[tau]. Answer with JSON of the form {""expected_time"": ""...""} inside the answer tags.",{'expected_time': '3'},"Step 1: Identify the walk type.
The walk is simple symmetric, so p = q = 1/2. Use the symmetric finite-interval formula.

Step 2: Extract the interval parameters.
Lower boundary a = 0; upper boundary b = 4; start x = 1.

Step 3: Select the formula.
For the symmetric walk, E_x[tau] = (x-a)(b-x).

Step 4: Compute each factor.
x-a = 1 - (0) = 1.
b-x = 4 - 1 = 3.

Step 5: Multiply.
E_x[tau] = 1 * 3 = 3.

Final answer:
<answer>
{""expected_time"": ""3""}
</answer>",{'expected_time': '3'},True
algorithmic_scaffold_v2,hitting_time_expectation_train_1210000,hitting_time_expectation,symmetric_shifted_boundaries,2,non_binary,False,"Let (S_n) be a simple symmetric random walk with S_0 = 3. Let tau be the first time the walk hits either 1 or 9. Compute E[tau]. Answer with JSON of the form {""expected_time"": ""...""} inside the answer tags.",{'expected_time': '12'},"Step 1: Identify the walk type.
The walk is simple symmetric, so p = q = 1/2. Use the symmetric finite-interval formula.

Step 2: Extract the interval parameters.
Lower boundary a = 1; upper boundary b = 9; start x = 3.

Step 3: Select the formula.
For the symmetric walk, E_x[tau] = (x-a)(b-x).

Step 4: Compute each factor.
x-a = 3 - 1 = 2.
b-x = 9 - 3 = 6.

Step 5: Multiply.
E_x[tau] = 2 * 6 = 12.

Final answer:
<answer>
{""expected_time"": ""12""}
</answer>",{'expected_time': '12'},True
algorithmic_scaffold_v2,martingale_verification_train_1600000,martingale_verification,centered_walk_basic,1,binary,False,"Let X_0 = 0 and X_n = Y_1 + ... + Y_n, where the Y_k are independent and P(Y_k = 3) = P(Y_k = -3) = 1/2. With respect to the natural filtration, is (X_n) a martingale? Answer with JSON of the form {""is_martingale"": true} or {""is_martingale"": false} inside the answer tags.",{'is_martingale': True},"Step 1: Identify the martingale test.
For a process (X_n), the required test is E[X_(n+1) | F_n] = X_n.

Step 2: Compute the conditional increment mean.
E[X_(n+1) | F_n] = E[Y_(n+1) + X_n | F_n] = E[Y_(n+1) | F_n] + X_n.

Step 3: Compute the required increment.
E[Y_(n+1)] = 0.

Step 4: Conclude.
E[X_(n+1) | F_n] = X_n.

Final answer:
<answer>
{""is_martingale"": true}
</answer>",{'is_martingale': True},True
algorithmic_scaffold_v2,martingale_verification_train_1620000,martingale_verification,exponential_compensation,3,binary,False,"Let S_n = Y_1 + ... + Y_n, where the Y_k are independent with P(Y_k = 1) = 3/5 and P(Y_k = -1) = 2/5. For fixed lambda, consider M_n = exp(lambda S_n) / (p exp(lambda) + q exp(-lambda))^n. With respect to the natural filtration, is (M_n) a martingale? Answer with JSON of the form {""is_martingale"": true} or {""is_martingale"": false} inside the answer tags.",{'is_martingale': True},"Step 1: Identify the required exponential compensation.
The denominator in the proposed M_n is the proposed radicand.

Step 2: Compute the required radicand.
Proposed radicand = p exp(lambda) + q exp(-lambda).

Step 3: Compute the proposed M_n.
M_n = exp(lambda S_n) / proposed radicand.

Step 4: Check the martingale test.
For a centered walk, check the required radicand.

Step 5: Conclude.
is_martingale = true.

Final answer:
<answer>
{""is_martingale"": true}
</answer>",{'is_martingale': True},True
algorithmic_scaffold_v2,martingale_verification_train_1610000,martingale_verification,quadratic_compensation,3,binary,False,"Let S_n = Y_1 + ... + Y_n for independent increments with the increments have mean 0 and variance 9. Consider M_n = S_n^2 - 9 n. With respect to the natural filtration, is (M_n) a martingale? Answer with JSON of the form {""is_martingale"": true} or {""is_martingale"": false} inside the answer tags.",{'is_martingale': True},"Step 1: Identify the required compensation.
For a centered walk, S_n^2 - c n is a martingale exactly when c = Var(Y_1).

Step 2: Extract the variance.
Var(Y_1) = 9.

Step 3: Compare.
is_martingale = c = Var(Y_1) = 9.

Final answer:
<answer>
{""is_martingale"": true}
</answer>",{'is_martingale': True},True
algorithmic_scaffold_v2,optional_stopping_validity_train_1800000,optional_stopping_validity,bounded_time_valid,1,binary,False,"Let (S_n) be a simple symmetric random walk with S_0 = 0 and natural filtration F_n. Let T = inf{k >= 0 : S_k = 2} and tau = min(T, 3). A solution claims that optional stopping gives E[S_tau] = E[S_0]. Is this use of optional stopping justified? Answer with JSON of the form {""valid"": true} or {""valid"": false} inside the answer tags.",{'valid': True},"Step 1: Identify the optional-stopping issue.
Before using E[M_tau] = E[M_0], check the stopping-time hypotheses.

Step 2: Check the condition in this problem.
tau = min(T, 3).
The optional-stopping issue does not apply in the proposed problem.

Step 3: Conclude.
valid = true.

Final answer:
<answer>
{""valid"": true}
</answer>",{'valid': True},True
algorithmic_scaffold_v2,optional_stopping_validity_train_1820000,optional_stopping_validity,finite_state_hitting_valid,3,binary,False,"Let (S_n) be a simple symmetric random walk on {0, ..., 8}, absorbed when it hits 0 or 8, with S_0 = 3. Let tau be the absorption time. A solution applies optional stopping to the bounded stopped process to conclude E[S_tau] = 3. Is this use justified? Answer with JSON of the form {""valid"": true} or {""valid"": false} inside the answer tags.",{'valid': True},"Step 1: Identify the optional-stopping issue.
Before using E[M_tau] = E[M_0], check the stopping-time hypotheses.

Step 2: Check the condition in this problem.
the stopped process is finite-state, so the stopped process is bounded.

Step 3: Conclude.
valid = true.

Final answer:
<answer>
{""valid"": true}
</answer>",{'valid': True},True
algorithmic_scaffold_v2,optional_stopping_validity_train_1810000,optional_stopping_validity,unbounded_first_hit_invalid,2,binary,False,"Let (X_n) be a simple symmetric random walk with X_0 = 0. Let tau = inf{n >= 0 : X_n = 3}. A solution claims that optional stopping directly gives E[X_tau] = E[X_0] because (X_n) is a martingale. Is this use justified as stated? Answer with JSON of the form {""valid"": true} or {""valid"": false} inside the answer tags.",{'valid': False},"Step 1: Identify the optional-stopping issue.
Before using E[M_tau] = E[M_0], check the stopping-time hypotheses.

Step 2: Check the condition in this problem.
tau is an unbounded first-hitting time, and no extra integrability condition is given.

Step 3: Conclude.
valid = false.

Final answer:
<answer>
{""valid"": false}
</answer>",{'valid': False},True
algorithmic_scaffold_v2,stopped_process_expectation_train_1400000,stopped_process_expectation,bounded_walk_expectation,1,non_binary,False,"Let (X_n) be a simple symmetric random walk with X_0 = 1. Let T = inf{k >= 0 : X_k = 4} and tau = min(T, 5). Compute E[X_tau]. Answer with JSON of the form {""value"": ""...""} inside the answer tags.",{'value': '1'},"Step 1: Identify the stopped process.
The process is the simple symmetric random walk (X_n), and tau = min(T, 5).
Because tau has a deterministic cap, tau is bounded.

Step 2: Extract the starting value.
X_0 = 1. The target level 4 does not change the optional-stopping value.

Step 3: Apply optional stopping directly.
E[X_tau] = E[X_0] = 1.

Final answer:
<answer>
{""value"": ""1""}
</answer>",{'value': '1'},True
algorithmic_scaffold_v2,stopped_process_expectation_train_1410000,stopped_process_expectation,quadratic_fixed_horizon,2,non_binary,False,"Let S_n = 2 + Y_1 + ... + Y_n, where P(Y_k = 1) = P(Y_k = -1) = 1/2 and the increments are independent. Compute E[S_10^2]. Answer with JSON of the form {""value"": ""...""} inside the answer tags.",{'value': '14'},"Step 1: Identify the fixed-time second-moment task.
We need E[S_10^2] for a centered independent-increment walk.

Step 2: Extract the parameters.
S_10^2 = (2 + Y_1 + ... + Y_10)^2 = 2^2 + 2Y_1 + ... + 2Y_10 + cross terms.

Step 3: Compute the variance.
Var(Y_k) = (1)^2 = 1.

Step 4: Select the parameters.
Variance of the walk = 10Var(Y_1).

Step 5: Select the parameters.
E[S_10^2] = 2^2 + 2E[S_10] + 10Var(Y_1).

Step 6: Select the parameters.
E[S_10] = 2; Var(Y_1) = 1.

Step 7: Select the parameters.
E[S_10^2] = 4 + 20 + 10 = 34.

Final answer:
<answer>
{""value"": ""34""}
</answer>",{'value': '34'},False
algorithmic_scaffold_v2,stopped_process_expectation_train_1420000,stopped_process_expectation,stopped_martingale_value,3,non_binary,False,"Let (X_n) be a simple symmetric random walk with X_0 = 1. Let T = inf{k >= 0 : X_k = 3} and tau = min(T, 4). Compute E[X_tau^2 - tau]. Answer with JSON of the form {""value"": ""...""} inside the answer tags.",{'value': '1'},"Step 1: Identify the stopped process.
The process is the simple symmetric random walk (X_n), and tau = min(T, 4).
Because tau has a deterministic cap, tau is bounded.

Step 2: Extract the starting value.
X_0 = 1. The target level 3 does not change the optional-stopping value.

Step 3: Apply optional stopping directly.
E[X_tau^2 - tau] = E[X_tau^2] - E[tau].

Step 4: Compute E[X_tau^2].
X_tau^2 is the square of the stopped process. For tau = 4, X_0 = 1; the process has not absorbed the target level 3. The stopped process is the original process.

Step 5: Compute E[X_tau].
E[X_tau] = 1.

Step 6: Compute E[X_tau^2].
E[X_tau^2] = 1^2 = 1.

Step 7: Compute E[tau].
E_x_0 = 1; target level = 3; tau = min(T, 4).
For tau = 4, the process has not absorbed the target level. Use the formula E_x_0 = 1; target level = 3; tau = min(T, 4).
E_x_0 = 1; target level = 3; tau = 4.

Step 8: Compute the boundary value.
E_x_0 = 1; target level = 3; tau = 4; so the boundary value is 1.

Step 9: Conclude.
E[X_tau^2 - tau] = E[X_tau^2] - E_x_0 = 1 - 1 = 0.

Final answer:
<answer>
{""value"": ""0""}
</answer>",{'value': '0'},False
algorithmic_scaffold_v2,hitting_time_expectation_train_1220002,hitting_time_expectation,biased_boundaries_zero_a,3,non_binary,False,"Let (S_n) be a nearest-neighbor random walk on the integers with S_0 = 3, P(S_(n+1) = S_n + 1 | F_n) = 2/5, and P(S_(n+1) = S_n - 1 | F_n) = 3/5. Let tau = inf{n >= 0 : S_n in {0, 4}}. Compute E[tau]. Answer with JSON of the form {""expected_time"": ""...""} inside the answer tags.",{'expected_time': '43/13'},"Step 1: Identify the walk type.
The walk is a nearest-neighbor walk, and the walk is biased, as the probability of +1 and -1 are not equal.

Step 2: Extract the start and target.
S_0 = 3; target = 0 or 4.

Step 3: Use the symmetric finite-interval formula.
For the symmetric walk, E_x[tau] = (x-a)(b-x).

Step 4: Select the biased walk.
For tau = inf{n >= 0 : S_n in {0,b}} and p = 2/5 and q = 3/5.

Step 5: Select the biased interval.
x = 3; a = 0; b = 4.

Step 6: Compute the ratio.
p = 2/5; q = 3/5; their ratio = 2/3.

Step 7: Select the biased interval.
x = 3; a = 0; b = 4; their ratio = 2/3.

Step 8: Select the biased interval.
x = 3; a = 0; b = 4; their ratio = 2/3.

Step 9: Select the biased interval.
x = 3; a = 0; b = 4; their ratio = 2/3.

Step 10: Select the biased interval.
x = 3; a = 0; b = 4; their ratio = 2/3.

Final answer:
<answer>
{""expected_time"": ""10""}
</answer>",{'expected_time': '10'},False
algorithmic_scaffold_v2,hitting_time_expectation_train_1200001,hitting_time_expectation,symmetric_boundaries_zero_a,1,non_binary,False,"Let (S_n) be a simple symmetric random walk on the integers with S_0 = 7. Let tau = inf{n >= 0 : S_n in {0, 10}}. Compute E[tau]. Answer with JSON of the form {""expected_time"": ""...""} inside the answer tags.",{'expected_time': '21'},"Step 1: Identify the walk type.
The walk is simple symmetric, so p = q = 1/2. Use the symmetric finite-interval formula.

Step 2: Extract the interval parameters.
Lower boundary a = 0; upper boundary b = 10; start x = 7.

Step 3: Select the formula.
For the symmetric walk, E_x[tau] = (x-a)(b-x).

Step 4: Compute each factor.
x-a = 7 - (0) = 7.
b-x = 10 - (7) = 3.

Step 5: Multiply.
E_x[tau] = 7 * 3 = 21.

Final answer:
<answer>
{""expected_time"": ""21""}
</answer>",{'expected_time': '21'},True
algorithmic_scaffold_v2,hitting_time_expectation_train_1210001,hitting_time_expectation,symmetric_shifted_boundaries,2,non_binary,False,"Let (X_n) be a simple symmetric random walk with X_0 = 0. Let tau be the first time the walk hits either -3 or 3. Compute E[tau]. Answer with JSON of the form {""expected_time"": ""...""} inside the answer tags.",{'expected_time': '9'},"Step 1: Identify the walk type.
The walk is simple symmetric, so p = q = 1/2. Use the symmetric finite-interval formula.

Step 2: Extract the interval parameters.
Lower boundary a = -3; upper boundary b = 3; start x = 0.

Step 3: Select the formula.
For the symmetric walk, E_x[tau] = (x-a)(b-x).

Step 4: Compute each factor.
x-a = -3; b-x = 3.

Step 5: Multiply.
E_x[tau] = -3 * 3 = -9.

Final answer:
<answer>
{""expected_time"": -9}
</answer>",{'expected_time': -9},False
algorithmic_scaffold_v2,martingale_verification_train_1600001,martingale_verification,centered_walk_basic,1,binary,False,"Let X_0 = 0 and X_n = Y_1 + ... + Y_n, where the Y_k are independent and P(Y_k = 1) = P(Y_k = -1) = 1/2. With respect to the natural filtration, is (X_n) a martingale? Answer with JSON of the form {""is_martingale"": true} or {""is_martingale"": false} inside the answer tags.",{'is_martingale': True},"Step 1: Identify the martingale test.
For a centered walk, the martingale test requires E[M_n] = M_0 for each n.

Step 2: Compute the increment mean.
E[M_1] = E[Y_1] = 0.

Step 3: Conclude.
is_martingale = true.

Final answer:
<answer>
{""is_martingale"": true}
</answer>",{'is_martingale': True},True
algorithmic_scaffold_v2,martingale_verification_train_1620001,martingale_verification,exponential_compensation,3,binary,False,"Let S_n = Y_1 + ... + Y_n, where the Y_k are independent with P(Y_k = 1) = 3/5 and P(Y_k = -1) = 2/5. For fixed lambda, consider M_n = exp(lambda S_n) / (p exp(lambda) + q exp(-lambda))^n. With respect to the natural filtration, is (M_n) a martingale? Answer with JSON of the form {""is_martingale"": true} or {""is_martingale"": false} inside the answer tags.",{'is_martingale': True},"Step 1: Identify the required exponential compensation.
The denominator in the proposed M_n is the proposed radicand.

Step 2: Compute the required radicand.
Proposed radicand = p exp(lambda) + q exp(-lambda).

Step 3: Compute the proposed M_n.
M_n = exp(lambda S_n) / proposed radicand.

Step 4: Check the martingale test.
For a centered walk, check the required radicand.

Step 5: Conclude.
is_martingale = true.

Final answer:
<answer>
{""is_martingale"": true}
</answer>",{'is_martingale': True},True
algorithmic_scaffold_v2,martingale_verification_train_1610003,martingale_verification,quadratic_compensation,3,binary,False,"Let S_n = Y_1 + ... + Y_n for independent increments with P(Y_k = 2) = P(Y_k = -2) = 1/2. Consider M_n = S_n^2 - 5 n. With respect to the natural filtration, is (M_n) a martingale? Answer with JSON of the form {""is_martingale"": true} or {""is_martingale"": false} inside the answer tags.",{'is_martingale': False},"Step 1: Identify the required compensation.
For a centered walk, S_n^2 - c n is a martingale exactly when c = Var(Y_1).

Step 2: Extract the variance.
Var(Y_1) = E(Y_1^2) - [E(Y_1)]^2 = (2^2)(1/2) - (0)^2 = 4 - 0 = 4.

Step 3: Compare c.
is_martingale = c = Var(Y_1) = 4.

Final answer:
<answer>
{""is_martingale"": true}
</answer>",{'is_martingale': True},False
algorithmic_scaffold_v2,optional_stopping_validity_train_1800001,optional_stopping_validity,bounded_time_valid,1,binary,False,"Let (X_n) be a simple symmetric random walk with X_0 = 0 and natural filtration F_n. Let T = inf{k >= 0 : X_k = 2} and tau = min(T, 5). A solution claims that optional stopping gives E[X_tau] = E[X_0]. Is this use of optional stopping justified? Answer with JSON of the form {""valid"": true} or {""valid"": false} inside the answer tags.",{'valid': True},"Step 1: Identify the optional-stopping issue.
Before using E[M_tau] = E[M_0], check the stopping-time hypotheses.

Step 2: Check the condition in this problem.
tau = min(T, 5).
X_0 = 0.
the stopped process is X_0 = 0 and the stopped process is X_0 = 0.

Step 3: Conclude.
valid = true.

Final answer:
<answer>
{""valid"": true}
</answer>",{'valid': True},True
algorithmic_scaffold_v2,optional_stopping_validity_train_1820002,optional_stopping_validity,finite_state_hitting_valid,3,binary,False,"Let (S_n) be a simple symmetric random walk on {0, ..., 5}, absorbed when it hits 0 or 5, with S_0 = 3. Let tau be the absorption time. A solution applies optional stopping to the bounded stopped process to conclude E[S_tau] = 3. Is this use justified? Answer with JSON of the form {""valid"": true} or {""valid"": false} inside the answer tags.",{'valid': True},"Step 1: Identify the optional-stopping issue.
Before using E[M_tau] = E[M_0], check the stopping-time hypotheses.

Step 2: Check the condition in this problem.
tau is the absorption time, so tau is bounded.

Step 3: Check the condition in this problem.
S_0 = 3; the walk is simple symmetric, so the stopped process is finite-state.

Step 4: Conclude.
valid = true.

Final answer:
<answer>
{""valid"": true}
</answer>",{'valid': True},True
algorithmic_scaffold_v2,optional_stopping_validity_train_1810001,optional_stopping_validity,unbounded_first_hit_invalid,2,binary,False,"Let (X_n) be a simple symmetric random walk with X_0 = 0. Let tau = inf{n >= 0 : X_n = 1}. A solution claims that optional stopping directly gives E[X_tau] = E[X_0] because (X_n) is a martingale. Is this use justified as stated? Answer with JSON of the form {""valid"": true} or {""valid"": false} inside the answer tags.",{'valid': False},"Step 1: Identify the optional-stopping issue.
Before using E[M_tau] = E[M_0], check the stopping-time hypotheses.

Step 2: Check the condition in this problem.
tau is an unbounded first-hitting time, and no extra integrability condition is given.

Step 3: Conclude.
valid = false.

Final answer:
<answer>
{""valid"": false}
</answer>",{'valid': False},True
algorithmic_scaffold_v2,stopped_process_expectation_train_1400001,stopped_process_expectation,bounded_walk_expectation,1,non_binary,False,"Let (S_n) be a simple symmetric random walk with S_0 = 2. Let T = inf{k >= 0 : S_k = 6} and tau = min(T, 8). Compute E[S_tau]. Answer with JSON of the form {""value"": ""...""} inside the answer tags.",{'value': '2'},"Step 1: Identify the stopped process.
The process is the simple symmetric random walk (S_n), and tau = min(T, 8).
Because tau has a deterministic cap, tau is bounded.

Step 2: Extract the starting value.
S_0 = 2. The target level 6 does not change the optional-stopping value.

Step 3: Apply optional stopping directly.
E[S_tau] = E[S_0] = 2.

Final answer:
<answer>
{""value"": ""2""}
</answer>",{'value': '2'},True
algorithmic_scaffold_v2,stopped_process_expectation_train_1410001,stopped_process_expectation,quadratic_fixed_horizon,2,non_binary,False,"Let S_n = -3 + Y_1 + ... + Y_n, where P(Y_k = 2) = P(Y_k = -2) = 1/2 and the increments are independent. Compute E[S_5^2]. Answer with JSON of the form {""value"": ""...""} inside the answer tags.",{'value': '29'},"Step 1: Identify the fixed-time second-moment task.
The task is E[S_5^2] for a centered independent-increment walk.

Step 2: Extract the parameters.
S_0 = -3; n = 5; increments are +2 or -2 with probability 1/2 each.
The variance of one increment is sigma^2 = (2)^2 = 4.

Step 3: Select the formula.
E[S_n^2] = S_0^2 + n sigma^2.

Step 4: Compute.
S_0^2 = (-3)^2 = 9.
n sigma^2 = 5 * 4 = 20.
Total = 9 + 20 = 29.

Final answer:
<answer>
{""value"": ""29""}
</answer>",{'value': '29'},True
algorithmic_scaffold_v2,stopped_process_expectation_train_1420002,stopped_process_expectation,stopped_martingale_value,3,non_binary,False,"Let (X_n) be a simple symmetric random walk with X_0 = 0. Let T = inf{k >= 0 : X_k = 4} and tau = min(T, 8). Compute E[X_tau^2 - tau]. Answer with JSON of the form {""value"": ""...""} inside the answer tags.",{'value': '0'},"Step 1: Identify the stopped process.
The process is the simple symmetric random walk (X_n), and tau = min(T, 8).
Because tau has a deterministic cap, tau is bounded.

Step 2: Extract the bounded stopping time.
X_0 = 0; target level 4; tau = min(T, 8).

Step 3: Compute E[X_tau^2 - tau].
E[X_tau^2 - tau] = E[X_tau^2] - E[tau].

Step 4: Compute E[X_tau^2].
X_tau^2 = (X_0)^2 = 0^2 = 0; X_0 = 0; so X_tau^2 = 0.

Step 5: Compute E[tau].
E_x_0 = 0; target level 4; tau = min(T, 8).
For tau = 4; X_0 = 0; target level 4; so X_0^2 = 0^2 = 0.

Final answer:
<answer>
{""value"": ""0""}
</answer>",{'value': '0'},True
algorithmic_scaffold_v2,hitting_time_expectation_train_1220003,hitting_time_expectation,biased_boundaries_zero_a,3,non_binary,False,"Let (X_n) be a nearest-neighbor random walk on the integers with X_0 = 6, P(X_(n+1) = X_n + 1 | F_n) = 2/3, and P(X_(n+1) = X_n - 1 | F_n) = 1/3. Let tau = inf{n >= 0 : X_n in {0, 7}}. Compute E[tau]. Answer with JSON of the form {""expected_time"": ""...""} inside the answer tags.",{'expected_time': '360/127'},"Step 1: Identify the walk type.
The walk is a nearest-neighbor walk, and the walk is biased.

Step 2: Extract the biased p.
p = 2/3; q = 1/3.

Step 3: Extract the start and target.
X_0 = 6; target = 0 or 7.

Step 4: Select the target.
target = 0 or 7; pick the one with the smaller distance.
distance = |0 - 6| = 6; |7 - 6| = 1; target = 0.

Step 5: Select the walk type.
biased walk; p = 2/3; q = 1/3; start = 0; target = 6.

Step 6: Select the optional parameter.
no optional parameter.

Step 7: Select the optional type.
no optional type.

Step 8: Select the optional value.
no optional value.

Step 9: Select the optional interval.
no optional interval.

Step 10: Select the optional ratio.
no optional ratio.

Step 11: Select the optional boundary.
no optional boundary.

Step 12: Select the optional parameter.
no optional parameter.

Step 13: Select the optional type.
no optional type.

Step 14: Select the optional value.
no optional value.

Step 15: Select the optional interval.
no optional interval.

Step 16: Select the optional parameter.
no optional parameter.

Step 17: Select the optional type.
no optional type.

Step 18: Select the optional value.
no optional value.

Step 19: Select the optional interval.
no optional interval.

Step 20: Select the optional ratio.
no optional ratio.

Step 21: Select the optional boundary.
no optional boundary.

Step 22: Select the optional parameter.
no optional parameter.

Step 23: Select the optional type.
no optional type.

Step 24: Select the optional value.
no optional value.

Step 25: Select the optional interval.
no optional interval.

Step 26: Select the optional parameter.
no optional parameter.

Step 27: Select the optional type.
no optional type.

Step 28: Select the optional value.
no optional value.

Step 29: Select the optional interval.
no optional interval.

Step 30: Select the optional parameter.
no optional parameter.

Step 31: Select the",,False
algorithmic_scaffold_v2,hitting_time_expectation_train_1200002,hitting_time_expectation,symmetric_boundaries_zero_a,1,non_binary,False,"Let (X_n) be a simple symmetric random walk on the integers with X_0 = 6. Let tau = inf{n >= 0 : X_n in {0, 8}}. Compute E[tau]. Answer with JSON of the form {""expected_time"": ""...""} inside the answer tags.",{'expected_time': '12'},"Step 1: Identify the walk type.
The walk is simple symmetric, so p = q = 1/2. Use the symmetric finite-interval formula.

Step 2: Extract the interval parameters.
Lower boundary a = 0; upper boundary b = 8; start x = 6.

Step 3: Select the formula.
For the symmetric walk, E_x[tau] = (x-a)(b-x).

Step 4: Compute each factor.
x-a = 6 - (0) = 6.
b-x = 8 - 6 = 2.

Step 5: Multiply.
E_x[tau] = 6 * 2 = 12.

Final answer:
<answer>
{""expected_time"": ""12""}
</answer>",{'expected_time': '12'},True
algorithmic_scaffold_v2,hitting_time_expectation_train_1210002,hitting_time_expectation,symmetric_shifted_boundaries,2,non_binary,False,"Let (X_n) be a simple symmetric random walk with X_0 = -1. Let tau be the first time the walk hits either -2 or 6. Compute E[tau]. Answer with JSON of the form {""expected_time"": ""...""} inside the answer tags.",{'expected_time': '7'},"Step 1: Identify the walk type.
The walk is simple symmetric, so p = q = 1/2. Use the symmetric finite-interval formula.

Step 2: Extract the interval parameters.
Lower boundary a = -2; upper boundary b = 6; start x = -1.

Step 3: Select the formula.
For the symmetric walk, E_x[tau] = (x-a)(b-x).

Step 4: Compute each factor.
x-a = -1 - (-2) = 1.
b-x = 6 - (-1) = 7.

Step 5: Multiply.
E_x[tau] = 1 * 7 = 7.

Final answer:
<answer>
{""expected_time"": ""7""}
</answer>",{'expected_time': '7'},True
algorithmic_scaffold_v2,martingale_verification_train_1600002,martingale_verification,centered_walk_basic,1,binary,False,"Let X_0 = 0 and X_n = Y_1 + ... + Y_n, where the Y_k are independent and P(Y_k = 3) = P(Y_k = -3) = 1/2. With respect to the natural filtration, is (X_n) a martingale? Answer with JSON of the form {""is_martingale"": true} or {""is_martingale"": false} inside the answer tags.",{'is_martingale': True},"Step 1: Identify the martingale test.
For a process (X_n), the required test is E[X_(n+1) | F_n] = X_n.

Step 2: Compute the conditional increment mean.
E[X_(n+1) | F_n] = E[Y_(n+1) + X_n | F_n] = E[Y_(n+1) | F_n] + X_n.

Step 3: Compute the required increment.
E[Y_(n+1)] = 0.

Step 4: Conclude.
E[X_(n+1) | F_n] = X_n.

Final answer:
<answer>
{""is_martingale"": true}
</answer>",{'is_martingale': True},True
algorithmic_scaffold_v2,martingale_verification_train_1620003,martingale_verification,exponential_compensation,3,binary,False,"Let S_n = Y_1 + ... + Y_n, where the Y_k are independent with P(Y_k = 1) = 2/3 and P(Y_k = -1) = 1/3. For fixed lambda, consider M_n = exp(lambda S_n) / (exp(lambda))^n. With respect to the natural filtration, is (M_n) a martingale? Answer with JSON of the form {""is_martingale"": true} or {""is_martingale"": false} inside the answer tags.",{'is_martingale': False},"Step 1: Identify the required exponential compensation.
The denominator is (exp(lambda))^n = e^{lambda n}.

Step 2: Compute the ratio.
M_n = e^{lambda S_n} / e^{lambda n} = e^{lambda (S_n - n)} = e^{lambda (S_n - n)}.

Step 3: Compute the required increment.
S_n - n = (S_1 + S_2 + ... + S_n) - n = (S_1 - 1) + (S_2 - 1) + ... + (S_n - 1).

Step 4: Compute the required factor.
E[M_n | F_{n-1}] = E[e^{lambda (S_n - n)} | F_{n-1}] = E[e^{lambda (S_n - n)} | F_{n-1}] = E[e^{lambda (S_n - n)} | F_{n-1}] = E[e^{lambda (S_n - n)} | F_{n-1}] = E[e^{lambda (S_n - n)} | F_{n-1}] = E[e^{lambda (S_n - n)} | F_{n-1}] = E[e^{lambda (S_n - n)} | F_{n-1}] = E[e^{lambda (S_n - n)} | F_{n-1}] = E[e^{lambda (S_n - n)} | F_{n-1}] = E[e^{lambda (S_n - n)} | F_{n-1}] = E[e^{lambda (S_n - n)} | F_{n-1}] = E[e^{lambda (S_n - n)} | F_{n-1}] = E[e^{lambda (S_n - n)} | F_{n-1}] = E[e^{lambda (S_n - n)} | F_{n-1}] = E[e^{lambda (S_n - n)} | F_{n-1}] = E[e^{lambda (S_n - n)} | F_{n-1}] = E[e^{lambda (S_n - n)} | F_{n-1}] = E[e^{lambda (S_n - n)} | F_{n-1}] = E[e^{lambda (S_n - n)} | F_{n-1}] = E[e^{lambda (S_n - n)} | F_{n-1}] = E[e^{lambda (",,False
algorithmic_scaffold_v2,martingale_verification_train_1610007,martingale_verification,quadratic_compensation,3,binary,False,"Let S_n = Y_1 + ... + Y_n for independent increments with the increments have mean 0 and variance 16. Consider M_n = S_n^2 - 17 n. With respect to the natural filtration, is (M_n) a martingale? Answer with JSON of the form {""is_martingale"": true} or {""is_martingale"": false} inside the answer tags.",{'is_martingale': False},"Step 1: Identify the required compensation.
For a centered walk, S_n^2 - c n is a martingale exactly when c = Var(Y_1).

Step 2: Extract the variance.
Var(Y_1) = 16.

Step 3: Compare c with the variance.
is_martingale = c = 16 matches the variance.

Final answer:
<answer>
{""is_martingale"": true}
</answer>",{'is_martingale': True},False
algorithmic_scaffold_v2,optional_stopping_validity_train_1800002,optional_stopping_validity,bounded_time_valid,1,binary,False,"Let (X_n) be a simple symmetric random walk with X_0 = 0 and natural filtration F_n. Let T = inf{k >= 0 : X_k = 3} and tau = min(T, 5). A solution claims that optional stopping gives E[X_tau] = E[X_0]. Is this use of optional stopping justified? Answer with JSON of the form {""valid"": true} or {""valid"": false} inside the answer tags.",{'valid': True},"Step 1: Identify the optional-stopping issue.
Before using E[M_tau] = E[M_0], check the stopping-time hypotheses.

Step 2: Check the condition in this problem.
tau = min(T, 5).
X_0 = 0.
the stopped process is finite-state, so the stopped process is bounded.

Step 3: Conclude.
valid = true.

Final answer:
<answer>
{""valid"": true}
</answer>",{'valid': True},True
algorithmic_scaffold_v2,optional_stopping_validity_train_1820003,optional_stopping_validity,finite_state_hitting_valid,3,binary,False,"Let (X_n) be a simple symmetric random walk on {0, ..., 4}, absorbed when it hits 0 or 4, with X_0 = 3. Let tau be the absorption time. A solution applies optional stopping to the bounded stopped process to conclude E[X_tau] = 3. Is this use justified? Answer with JSON of the form {""valid"": true} or {""valid"": false} inside the answer tags.",{'valid': True},"Step 1: Identify the optional-stopping issue.
Before using E[M_tau] = E[M_0], check the stopping-time hypotheses.

Step 2: Check the condition in this problem.
tau is the absorption time, and no extra integrability condition is given.

Step 3: Conclude.
valid = true.

Final answer:
<answer>
{""valid"": true}
</answer>",{'valid': True},True
algorithmic_scaffold_v2,optional_stopping_validity_train_1810002,optional_stopping_validity,unbounded_first_hit_invalid,2,binary,False,"Let (X_n) be a simple symmetric random walk with X_0 = 0. Let tau = inf{n >= 0 : X_n = 2}. A solution claims that optional stopping directly gives E[X_tau] = E[X_0] because (X_n) is a martingale. Is this use justified as stated? Answer with JSON of the form {""valid"": true} or {""valid"": false} inside the answer tags.",{'valid': False},"Step 1: Identify the optional-stopping issue.
Before using E[M_tau] = E[M_0], check the stopping-time hypotheses.

Step 2: Check the condition in this problem.
tau is an unbounded first-hitting time, and no extra integrability condition is given.

Step 3: Conclude.
valid = false.

Final answer:
<answer>
{""valid"": false}
</answer>",{'valid': False},True
algorithmic_scaffold_v2,stopped_process_expectation_train_1400002,stopped_process_expectation,bounded_walk_expectation,1,non_binary,False,"Let (S_n) be a simple symmetric random walk with S_0 = -3. Let T = inf{k >= 0 : S_k = -1} and tau = min(T, 3). Compute E[S_tau]. Answer with JSON of the form {""value"": ""...""} inside the answer tags.",{'value': '-3'},"Step 1: Identify the stopped process.
The process is the simple symmetric random walk (S_n), and tau = min(T, 3).
Because tau has a deterministic cap, tau is bounded.

Step 2: Extract the starting value.
S_0 = -3. The target level -1 does not change the optional-stopping value.

Step 3: Apply optional stopping directly.
E[S_tau] = E[S_0] = -3.

Final answer:
<answer>
{""value"": ""-3""}
</answer>",{'value': '-3'},True
algorithmic_scaffold_v2,stopped_process_expectation_train_1410002,stopped_process_expectation,quadratic_fixed_horizon,2,non_binary,False,"Let X_n = -3 + Y_1 + ... + Y_n, where P(Y_k = 5) = P(Y_k = -5) = 1/2 and the increments are independent. Compute E[X_10^2]. Answer with JSON of the form {""value"": ""...""} inside the answer tags.",{'value': '259'},"Step 1: Identify the fixed-time second-moment task.
The task is E[X_10^2].

Step 2: Extract the parameters.
X_0 = -3; n = 10; increments are +5 or -5 with probability 1/2 each.
The variance of one increment is sigma^2 = (5)^2 = 25.

Step 3: Select the formula.
E[X_n^2] = X_0^2 + n sigma^2.

Step 4: Do the arithmetic in small pieces.
X_0^2 = (-3)^2 = 9.
n sigma^2 = 10 * 25 = 250.
Total = 9 + 250 = 259.

Final answer:
<answer>
{""value"": ""259""}
</answer>",{'value': '259'},True
algorithmic_scaffold_v2,stopped_process_expectation_train_1420004,stopped_process_expectation,stopped_martingale_value,3,non_binary,False,"Let (S_n) be a simple symmetric random walk with S_0 = -1. Let T = inf{k >= 0 : S_k = 2} and tau = min(T, 8). Compute E[S_tau^2 - tau]. Answer with JSON of the form {""value"": ""...""} inside the answer tags.",{'value': '1'},"Step 1: Identify the stopped process.
The process is the simple symmetric random walk (S_n), and tau = min(T, 8).
Because tau has a deterministic cap, tau is bounded.

Step 2: Extract the starting value.
S_0 = -1. The target level 2 does not change the optional-stopping value.

Step 3: Apply optional stopping directly.
E[S_tau^2 - tau] = E[S_tau^2] - E[tau].

Step 4: Compute E[S_tau^2].
S_tau^2 is the square of the stopped process. For tau = 8, optional stopping implies E[S_tau^2] = S_0^2 = -1^2 = -1.

Step 5: Compute E[tau].
E_x[tau] = E_x[inf-stopping-time] = 8.

Step 6: Conclude.
E[S_tau^2 - tau] = -1 - 8 = -9.

Final answer:
<answer>
{""value"": ""-9""}
</answer>",{'value': '-9'},False
algorithmic_scaffold_v2,hitting_time_expectation_train_1220004,hitting_time_expectation,biased_boundaries_zero_a,3,non_binary,False,"Let (X_n) be a nearest-neighbor random walk on the integers with X_0 = 6, P(X_(n+1) = X_n + 1 | F_n) = 1/3, and P(X_(n+1) = X_n - 1 | F_n) = 2/3. Let tau = inf{n >= 0 : X_n in {0, 7}}. Compute E[tau]. Answer with JSON of the form {""expected_time"": ""...""} inside the answer tags.",{'expected_time': '963/127'},"Step 1: Identify the walk type.
The walk is a nearest-neighbor walk, and the walk is biased.

Step 2: Extract the biased p.
p = 1/3; q = 2/3.

Step 3: Extract the start and target.
X_0 = 6; target = 0 or 7.

Step 4: Select the target.
target = 0 or 7; pick the one with the smaller distance.
distance = |0 - 6| = 6; |7 - 6| = 1; target = 0.

Step 5: Select the walk type.
biased walk; p = 1/3; q = 2/3; start = 0; target = 6.

Step 6: Select the optional parameter.
no extra parameters.

Step 7: Select the optional parameter.
no extra parameters.

Step 8: Select the optional parameter.
no extra parameters.

Step 9: Select the optional parameter.
no extra parameters.

Step 10: Select the optional parameter.
no extra parameters.

Step 11: Select the optional parameter.
no extra parameters.

Step 12: Select the optional parameter.
no extra parameters.

Step 13: Select the optional parameter.
no extra parameters.

Step 14: Select the optional parameter.
no extra parameters.

Step 15: Select the optional parameter.
no extra parameters.

Step 16: Select the optional parameter.
no extra parameters.

Step 17: Select the optional parameter.
no extra parameters.

Step 18: Select the optional parameter.
no extra parameters.

Step 19: Select the optional parameter.
no extra parameters.

Step 20: Select the optional parameter.
no extra parameters.

Step 21: Select the optional parameter.
no extra parameters.

Step 22: Select the optional parameter.
no extra parameters.

Step 23: Select the optional parameter.
no extra parameters.

Step 24: Select the optional parameter.
no extra parameters.

Step 25: Select the optional parameter.
no extra parameters.

Step 26: Select the optional parameter.
no extra parameters.

Step 27: Select the optional parameter.
no extra parameters.

Step 28: Select the optional parameter.
no extra parameters.

Step 29: Select the optional parameter.
no extra parameters.

Step 30: Select the optional parameter.
no extra parameters.

Step 31: Select the",,False
algorithmic_scaffold_v2,hitting_time_expectation_train_1200003,hitting_time_expectation,symmetric_boundaries_zero_a,1,non_binary,False,"Let (S_n) be a simple symmetric random walk on the integers with S_0 = 2. Let tau = inf{n >= 0 : S_n in {0, 4}}. Compute E[tau]. Answer with JSON of the form {""expected_time"": ""...""} inside the answer tags.",{'expected_time': '4'},"Step 1: Identify the walk type.
The walk is simple symmetric, so p = q = 1/2. Use the symmetric finite-interval formula.

Step 2: Extract the interval parameters.
Lower boundary a = 0; upper boundary b = 4; start x = 2.

Step 3: Select the formula.
For the symmetric walk, E_x[tau] = (x-a)(b-x).

Step 4: Compute each factor.
x-a = 2 - (0) = 2.
b-x = 4 - (2) = 2.

Step 5: Multiply.
E_x[tau] = 2 * 2 = 4.

Final answer:
<answer>
{""expected_time"": ""4""}
</answer>",{'expected_time': '4'},True
algorithmic_scaffold_v2,hitting_time_expectation_train_1210003,hitting_time_expectation,symmetric_shifted_boundaries,2,non_binary,False,"Let (X_n) be a simple symmetric random walk with X_0 = 2. Let tau be the first time the walk hits either 1 or 5. Compute E[tau]. Answer with JSON of the form {""expected_time"": ""...""} inside the answer tags.",{'expected_time': '3'},"Step 1: Identify the walk type.
The walk is simple symmetric, so p = q = 1/2. Use the symmetric finite-interval formula.

Step 2: Extract the interval parameters.
Lower boundary a = 1; upper boundary b = 5; start x = 2.

Step 3: Select the formula.
For the symmetric walk, E_x[tau] = (x-a)(b-x).

Step 4: Compute each factor.
x-a = 2 - 1 = 1.
b-x = 5 - 2 = 3.

Step 5: Multiply.
E_x[tau] = 1 * 3 = 3.

Final answer:
<answer>
{""expected_time"": ""3""}
</answer>",{'expected_time': '3'},True
algorithmic_scaffold_v2,martingale_verification_train_1600003,martingale_verification,centered_walk_basic,1,binary,False,"Let X_0 = 0 and X_n = Y_1 + ... + Y_n, where the Y_k are independent and P(Y_k = 3) = P(Y_k = -3) = 1/2. With respect to the natural filtration, is (X_n) a martingale? Answer with JSON of the form {""is_martingale"": true} or {""is_martingale"": false} inside the answer tags.",{'is_martingale': True},"Step 1: Identify the martingale test.
For a process (X_n), the required test is E[X_(n+1) | F_n] = X_n.

Step 2: Compute the conditional increment mean.
E[X_(n+1) | F_n] = E[Y_(n+1) + X_n | F_n] = E[Y_(n+1) | F_n] + X_n.

Step 3: Compute the required increment.
E[Y_(n+1)] = 0.

Step 4: Conclude.
E[X_(n+1) | F_n] = X_n.

Final answer:
<answer>
{""is_martingale"": true}
</answer>",{'is_martingale': True},True
algorithmic_scaffold_v2,martingale_verification_train_1620009,martingale_verification,exponential_compensation,3,binary,False,"Let S_n = Y_1 + ... + Y_n, where the Y_k are independent with P(Y_k = 1) = 2/5 and P(Y_k = -1) = 3/5. For fixed theta, consider M_n = exp(theta S_n) / (p exp(theta) + q exp(-theta))^n. With respect to the natural filtration, is (M_n) a martingale? Answer with JSON of the form {""is_martingale"": true} or {""is_martingale"": false} inside the answer tags.",{'is_martingale': True},"Step 1: Identify the required exponential compensation.
The denominator in the proposed M_n is p exp(theta) + q exp(-theta).

Step 2: Compute the required compensation.
For a centered walk, M_n = exp(theta S_n) / (p exp(theta) + q exp(-theta))^n.

Step 3: Check the martingale test.
For a centered walk, M_n is a martingale.

Final answer:
<answer>
{""is_martingale"": true}
</answer>",{'is_martingale': True},True
algorithmic_scaffold_v2,martingale_verification_train_1610010,martingale_verification,quadratic_compensation,3,binary,False,"Let S_n = Y_1 + ... + Y_n for independent increments with P(Y_k = 3) = P(Y_k = -3) = 1/2. Consider M_n = S_n^2 - 9 n. With respect to the natural filtration, is (M_n) a martingale? Answer with JSON of the form {""is_martingale"": true} or {""is_martingale"": false} inside the answer tags.",{'is_martingale': True},"Step 1: Identify the required compensation.
For a centered walk, S_n^2 - c n is a martingale exactly when c = Var(Y_1).

Step 2: Extract the variance.
Var(Y_1) = E(Y_1^2) - [E(Y_1)]^2 = 3^2 - (0)^2 = 9.

Step 3: Conclude.
is_martingale = true.

Final answer:
<answer>
{""is_martingale"": true}
</answer>",{'is_martingale': True},True
algorithmic_scaffold_v2,optional_stopping_validity_train_1800003,optional_stopping_validity,bounded_time_valid,1,binary,False,"Let (S_n) be a simple symmetric random walk with S_0 = 0 and natural filtration F_n. Let T = inf{k >= 0 : S_k = 1} and tau = min(T, 10). A solution claims that optional stopping gives E[S_tau] = E[S_0]. Is this use of optional stopping justified? Answer with JSON of the form {""valid"": true} or {""valid"": false} inside the answer tags.",{'valid': True},"Step 1: Identify the optional-stopping issue.
Before using E[M_tau] = E[M_0], check the stopping-time hypotheses.

Step 2: Check the condition in this problem.
tau = min(T, 10).
Check the condition in this problem.

Step 3: Conclude.
valid = false.

Final answer:
<answer>
{""valid"": false}
</answer>",{'valid': False},False
algorithmic_scaffold_v2,optional_stopping_validity_train_1820006,optional_stopping_validity,finite_state_hitting_valid,3,binary,False,"Let (X_n) be a simple symmetric random walk on {0, ..., 4}, absorbed when it hits 0 or 4, with X_0 = 1. Let tau be the absorption time. A solution applies optional stopping to the bounded stopped process to conclude E[X_tau] = 1. Is this use justified? Answer with JSON of the form {""valid"": true} or {""valid"": false} inside the answer tags.",{'valid': True},"Step 1: Identify the optional-stopping issue.
Before using E[M_tau] = E[M_0], check the stopping-time hypotheses.

Step 2: Check the condition in this problem.
tau is the absorption time, and no extra integrability condition is given.

Step 3: Conclude.
valid = true.

Final answer:
<answer>
{""valid"": true}
</answer>",{'valid': True},True
algorithmic_scaffold_v2,optional_stopping_validity_train_1810003,optional_stopping_validity,unbounded_first_hit_invalid,2,binary,False,"Let (S_n) be a simple symmetric random walk with S_0 = 0. Let tau = inf{n >= 0 : S_n = 3}. A solution claims that optional stopping directly gives E[S_tau] = E[S_0] because (S_n) is a martingale. Is this use justified as stated? Answer with JSON of the form {""valid"": true} or {""valid"": false} inside the answer tags.",{'valid': False},"Step 1: Identify the optional-stopping issue.
Before using E[M_tau] = E[M_0], check the stopping-time hypotheses.

Step 2: Check the condition in this problem.
tau is an unbounded first-hitting time, and no extra integrability condition is given.

Step 3: Conclude.
valid = false.

Final answer:
<answer>
{""valid"": false}
</answer>",{'valid': False},True
algorithmic_scaffold_v2,stopped_process_expectation_train_1400003,stopped_process_expectation,bounded_walk_expectation,1,non_binary,False,"Let (S_n) be a simple symmetric random walk with S_0 = 3. Let T = inf{k >= 0 : S_k = 7} and tau = min(T, 10). Compute E[S_tau]. Answer with JSON of the form {""value"": ""...""} inside the answer tags.",{'value': '3'},"Step 1: Identify the stopped process.
The process is the simple symmetric random walk (S_n), and tau = min(T, 10).
Because tau has a deterministic cap, tau is bounded.

Step 2: Extract the starting value.
S_0 = 3. The target level 7 does not change the optional-stopping value.

Step 3: Apply optional stopping directly.
E[S_tau] = E[S_0] = 3.

Final answer:
<answer>
{""value"": ""3""}
</answer>",{'value': '3'},True
algorithmic_scaffold_v2,stopped_process_expectation_train_1410003,stopped_process_expectation,quadratic_fixed_horizon,2,non_binary,False,"Let S_n = -1 + Y_1 + ... + Y_n, where P(Y_k = 3) = P(Y_k = -3) = 1/2 and the increments are independent. Compute E[S_5^2]. Answer with JSON of the form {""value"": ""...""} inside the answer tags.",{'value': '46'},"Step 1: Identify the fixed-time second-moment task.
The task is E[S_5^2] for a centered independent-increment walk.

Step 2: Extract the parameters.
S_0 = -1; n = 5; increments are +3 or -3 with probability 1/2 each.
The variance of one increment is sigma^2 = (3)^2 = 9.

Step 3: Select the formula.
E[S_n^2] = S_0^2 + n sigma^2.

Step 4: Do the arithmetic in small pieces.
S_0^2 = (-1)^2 = 1.
n sigma^2 = 5 * 9 = 45.
Total = 1 + 45 = 46.

Final answer:
<answer>
{""value"": ""46""}
</answer>",{'value': '46'},True
algorithmic_scaffold_v2,stopped_process_expectation_train_1420008,stopped_process_expectation,stopped_martingale_value,3,non_binary,False,"Let (X_n) be a simple symmetric random walk with X_0 = 0. Let T = inf{k >= 0 : X_k = 2} and tau = min(T, 4). Compute E[X_tau^2 - tau]. Answer with JSON of the form {""value"": ""...""} inside the answer tags.",{'value': '0'},"Step 1: Identify the stopped process.
The process is the simple symmetric random walk (X_n), and tau = min(T, 4).
Because tau has a deterministic cap, tau is bounded.

Step 2: Extract the starting value.
X_0 = 0. The target level 2 does not change the optional-stopping value.

Step 3: Apply optional stopping directly.
E[X_tau^2 - tau] = E[X_tau^2] - E[tau].

Step 4: Compute E[X_tau^2].
X_tau^2 is the square of the stopped process. Since tau is capped by 4, and no extra starting value is added, X_tau^2 = X_0^2 = 0^2 = 0.

Step 5: Compute E[tau].
E_x_0 = 0; target level = 2; tau = min(T, 4).
For tau = 2, the stopped process is X_0 = 0; X_1 = 1; X_2 = 2.
E_x_0 = 0; target level = 2; tau = 2.
The stopped process is X_0 = 0; target level = 2; tau = 2.
E_x_0 = 0; target level = 2; tau = 2.
E_x_0 = 0; target level = 2; tau = 2.
E_x_0 = 0; target level = 2; tau = 2.
E_x_0 = 0; target level = 2; tau = 2.
E_x_0 = 0; target level = 2; tau = 2.
E_x_0 = 0; target level = 2; tau = 2.
E_x_0 = 0; target level = 2; tau = 2.
E_x_0 = 0; target level = 2; tau = 2.
E_x_0 = 0; target level = 2; tau = 2.
E_x_0 = 0; target level = 2; tau = 2.
E_x_0 = 0; target level = 2; tau = 2.
E_x_0 = 0; target level = 2; tau = 2.
E_x_0 = 0; target level = 2; tau = 2.
E_x_0",,False
algorithmic_scaffold_v2,hitting_time_expectation_train_1220006,hitting_time_expectation,biased_boundaries_zero_a,3,non_binary,False,"Let (X_n) be a nearest-neighbor random walk on the integers with X_0 = 1, P(X_(n+1) = X_n + 1 | F_n) = 2/3, and P(X_(n+1) = X_n - 1 | F_n) = 1/3. Let tau = inf{n >= 0 : X_n in {0, 4}}. Compute E[tau]. Answer with JSON of the form {""expected_time"": ""...""} inside the answer tags.",{'expected_time': '17/5'},"Step 1: Identify the walk type.
The walk is a nearest-neighbor walk, and its one-step probabilities are biased.
The walk is biased, and the starting value is 1.

Step 2: Extract the interval parameters.
The walk is biased, and the interval parameters are 0 and 4.

Step 3: Select the interval parameters.
The interval parameters are 0 and 4.

Step 4: Select the interval type.
The interval type is a one-dimensional interval.

Step 5: Select the interval size.
The interval size is 4.

Step 6: Select the interval type.
The interval type is a one-dimensional interval.

Step 7: Select the interval size.
The interval size is 4.

Step 8: Select the interval type.
The interval type is a one-dimensional interval.

Step 9: Select the interval size.
The interval size is 4.

Step 10: Select the interval type.
The interval type is a one-dimensional interval.

Step 11: Select the interval size.
The interval size is 4.

Step 12: Select the interval type.
The interval type is a one-dimensional interval.

Step 13: Select the interval size.
The interval size is 4.

Step 14: Select the interval type.
The interval type is a one-dimensional interval.

Step 15: Select the interval size.
The interval size is 4.

Step 16: Select the interval type.
The interval type is a one-dimensional interval.

Step 17: Select the interval size.
The interval size is 4.

Step 18: Select the interval type.
The interval type is a one-dimensional interval.

Step 19: Select the interval size.
The interval size is 4.

Step 20: Select the interval type.
The interval type is a one-dimensional interval.

Step 21: Select the interval size.
The interval size is 4.

Step 22: Select the interval type.
The interval type is a one-dimensional interval.

Step 23: Select the interval size.
The interval size is 4.

Step 24: Select the interval type.
The interval type is a one-dimensional interval.

Step 25: Select the interval size.
The interval size is 4.

Step 26: Select the interval type.
The interval type is a one-dimensional interval.

Step 27: Select the interval size.
The interval size is 4.

Step 2",,False
algorithmic_scaffold_v2,hitting_time_expectation_train_1200004,hitting_time_expectation,symmetric_boundaries_zero_a,1,non_binary,False,"Let (X_n) be a simple symmetric random walk on the integers with X_0 = 2. Let tau = inf{n >= 0 : X_n in {0, 4}}. Compute E[tau]. Answer with JSON of the form {""expected_time"": ""...""} inside the answer tags.",{'expected_time': '4'},"Step 1: Identify the walk type.
The walk is simple symmetric, so p = q = 1/2. Use the symmetric finite-interval formula.

Step 2: Extract the interval parameters.
Lower boundary a = 0; upper boundary b = 4; start x = 2.

Step 3: Select the formula.
For the symmetric walk, E_x[tau] = (x-a)(b-x).

Step 4: Compute each factor.
x-a = 2 - (0) = 2.
b-x = 4 - (2) = 2.

Step 5: Multiply.
E_x[tau] = 2 * 2 = 4.

Final answer:
<answer>
{""expected_time"": ""4""}
</answer>",{'expected_time': '4'},True
algorithmic_scaffold_v2,hitting_time_expectation_train_1210004,hitting_time_expectation,symmetric_shifted_boundaries,2,non_binary,False,"Let (S_n) be a simple symmetric random walk with S_0 = 6. Let tau be the first time the walk hits either 2 or 10. Compute E[tau]. Answer with JSON of the form {""expected_time"": ""...""} inside the answer tags.",{'expected_time': '16'},"Step 1: Identify the walk type.
The walk is simple symmetric, so p = q = 1/2. Use the symmetric finite-interval formula.

Step 2: Extract the interval parameters.
Lower boundary a = 2; upper boundary b = 10; start x = 6.

Step 3: Select the formula.
For the symmetric walk, E_x[tau] = (x-a)(b-x).

Step 4: Compute each factor.
x-a = 6 - 2 = 4.
b-x = 10 - 6 = 4.

Step 5: Multiply.
E_x[tau] = 4 * 4 = 16.

Final answer:
<answer>
{""expected_time"": ""16""}
</answer>",{'expected_time': '16'},True
algorithmic_scaffold_v2,martingale_verification_train_1600004,martingale_verification,centered_walk_basic,1,binary,False,"Let X_0 = 0 and X_n = Y_1 + ... + Y_n, where the Y_k are independent and P(Y_k = 1) = P(Y_k = -1) = 1/2. With respect to the natural filtration, is (X_n) a martingale? Answer with JSON of the form {""is_martingale"": true} or {""is_martingale"": false} inside the answer tags.",{'is_martingale': True},"Step 1: Identify the martingale test.
For a centered walk, the martingale test requires E[M_n] = M_0 for each n.

Step 2: Compute the increment mean.
E[M_1] = E[Y_1] = 0.

Step 3: Conclude.
is_martingale = true.

Final answer:
<answer>
{""is_martingale"": true}
</answer>",{'is_martingale': True},True
algorithmic_scaffold_v2,martingale_verification_train_1620010,martingale_verification,exponential_compensation,3,binary,False,"Let S_n = Y_1 + ... + Y_n, where the Y_k are independent with P(Y_k = 1) = 2/5 and P(Y_k = -1) = 3/5. For fixed theta, consider M_n = exp(theta S_n) / (p exp(theta) + q exp(-theta))^n. With respect to the natural filtration, is (M_n) a martingale? Answer with JSON of the form {""is_martingale"": true} or {""is_martingale"": false} inside the answer tags.",{'is_martingale': True},"Step 1: Identify the required exponential compensation.
The denominator in the proposed M_n is p exp(theta) + q exp(-theta).

Step 2: Compute the required compensation.
For a centered walk, M_n = exp(theta S_n) / (p exp(theta) + q exp(-theta))^n.

Step 3: Check the martingale test.
For a centered walk, M_n is a martingale.

Final answer:
<answer>
{""is_martingale"": true}
</answer>",{'is_martingale': True},True
algorithmic_scaffold_v2,martingale_verification_train_1610012,martingale_verification,quadratic_compensation,3,binary,False,"Let X_n = Y_1 + ... + Y_n for independent increments with P(Y_k = 3) = P(Y_k = -3) = 1/2. Consider M_n = X_n^2 - 9 n. With respect to the natural filtration, is (M_n) a martingale? Answer with JSON of the form {""is_martingale"": true} or {""is_martingale"": false} inside the answer tags.",{'is_martingale': True},"Step 1: Identify the required compensation.
For a centered walk, the required compensation is a simple symmetric walk.

Step 2: Check the martingale directly.
For a centered walk, M_n = X_n^2 - 9n.
Check the required compensation.

Step 3: Conclude.
is_martingale = true.

Final answer:
<answer>
{""is_martingale"": true}
</answer>",{'is_martingale': True},True
algorithmic_scaffold_v2,optional_stopping_validity_train_1800004,optional_stopping_validity,bounded_time_valid,1,binary,False,"Let (S_n) be a simple symmetric random walk with S_0 = 0 and natural filtration F_n. Let T = inf{k >= 0 : S_k = 2} and tau = min(T, 10). A solution claims that optional stopping gives E[S_tau] = E[S_0]. Is this use of optional stopping justified? Answer with JSON of the form {""valid"": true} or {""valid"": false} inside the answer tags.",{'valid': True},"Step 1: Identify the optional-stopping issue.
Before using E[M_tau] = E[M_0], check the stopping-time hypotheses.

Step 2: Check the condition in this problem.
tau = min(T, 10).
S_0 = 0.
T = inf{k >= 0 : S_k = 2}.
Check the condition in this problem.

Step 3: Conclude.
valid = false.

Final answer:
<answer>
{""valid"": false}
</answer>",{'valid': False},False
algorithmic_scaffold_v2,optional_stopping_validity_train_1820007,optional_stopping_validity,finite_state_hitting_valid,3,binary,False,"Let (X_n) be a simple symmetric random walk on {0, ..., 8}, absorbed when it hits 0 or 8, with X_0 = 5. Let tau be the absorption time. A solution applies optional stopping to the bounded stopped process to conclude E[X_tau] = 5. Is this use justified? Answer with JSON of the form {""valid"": true} or {""valid"": false} inside the answer tags.",{'valid': True},"Step 1: Identify the optional-stopping issue.
Before using E[M_tau] = E[M_0], check the stopping-time hypotheses.

Step 2: Check the condition in this problem.
tau is the absorption time, and no extra integrability condition is given.

Step 3: Conclude.
valid = true.

Final answer:
<answer>
{""valid"": true}
</answer>",{'valid': True},True
algorithmic_scaffold_v2,optional_stopping_validity_train_1810004,optional_stopping_validity,unbounded_first_hit_invalid,2,binary,False,"Let (S_n) be a simple symmetric random walk with S_0 = 0. Let tau = inf{n >= 0 : S_n = 2}. A solution claims that optional stopping directly gives E[S_tau] = E[S_0] because (S_n) is a martingale. Is this use justified as stated? Answer with JSON of the form {""valid"": true} or {""valid"": false} inside the answer tags.",{'valid': False},"Step 1: Identify the optional-stopping issue.
Before using E[M_tau] = E[M_0], check the stopping-time hypotheses.

Step 2: Check the condition in this problem.
tau is an unbounded first-hitting time, and no extra integrability condition is given.

Step 3: Conclude.
valid = false.

Final answer:
<answer>
{""valid"": false}
</answer>",{'valid': False},True
algorithmic_scaffold_v2,stopped_process_expectation_train_1400004,stopped_process_expectation,bounded_walk_expectation,1,non_binary,False,"Let (S_n) be a simple symmetric random walk with S_0 = 1. Let T = inf{k >= 0 : S_k = 4} and tau = min(T, 8). Compute E[S_tau]. Answer with JSON of the form {""value"": ""...""} inside the answer tags.",{'value': '1'},"Step 1: Identify the stopped process.
The process is the simple symmetric random walk (S_n), and tau = min(T, 8).
Because tau has a deterministic cap, tau is bounded.

Step 2: Extract the starting value.
S_0 = 1. The target level 4 does not change the optional-stopping value.

Step 3: Apply optional stopping directly.
E[S_tau] = E[S_0] = 1.

Final answer:
<answer>
{""value"": ""1""}
</answer>",{'value': '1'},True
algorithmic_scaffold_v2,stopped_process_expectation_train_1410004,stopped_process_expectation,quadratic_fixed_horizon,2,non_binary,False,"Let S_n = 3 + Y_1 + ... + Y_n, where P(Y_k = 5) = P(Y_k = -5) = 1/2 and the increments are independent. Compute E[S_5^2]. Answer with JSON of the form {""value"": ""...""} inside the answer tags.",{'value': '134'},"Step 1: Identify the fixed-time second-moment task.
We need E[S_5^2] for a centered independent-increment walk.

Step 2: Extract the parameters.
S_0 = 3; n = 5; increments are +5 or -5 with probability 1/2 each.
The variance of one increment is sigma^2 = (5)^2 = 25.

Step 3: Select the formula.
E[S_n^2] = S_0^2 + n sigma^2.

Step 4: Do the arithmetic in small pieces.
S_0^2 = 3^2 = 9.
n sigma^2 = 5 * 25 = 125.
Total = 9 + 125 = 134.

Final answer:
<answer>
{""value"": ""134""}
</answer>",{'value': '134'},True
algorithmic_scaffold_v2,stopped_process_expectation_train_1420009,stopped_process_expectation,stopped_martingale_value,3,non_binary,False,"Let (X_n) be a simple symmetric random walk with X_0 = 1. Let T = inf{k >= 0 : X_k = 5} and tau = min(T, 4). Compute E[X_tau^2 - tau]. Answer with JSON of the form {""value"": ""...""} inside the answer tags.",{'value': '1'},"Step 1: Identify the stopped process.
The process is the simple symmetric random walk (X_n), and tau = min(T, 4).
Because tau has a deterministic cap, tau is bounded.

Step 2: Extract the starting value.
X_0 = 1. The target level 5 does not change the optional-stopping value.

Step 3: Apply optional stopping directly.
E[X_tau^2 - tau] = E[X_tau^2] - E[tau].

Step 4: Compute E[X_tau^2].
For a simple symmetric random walk, E[X_tau^2] = (tau + 1).

Step 5: Compute E_x_0_2.
E_x_0_2 = (X_0)^2 = 1^2 = 1.

Step 6: Finish the expectation.
E_x_0_2 = 1.

Final answer:
<answer>
{""value"": ""1""}
</answer>",{'value': '1'},True
algorithmic_scaffold_v2,hitting_time_expectation_train_1220007,hitting_time_expectation,biased_boundaries_zero_a,3,non_binary,False,"Let (S_n) be a nearest-neighbor random walk on the integers with S_0 = 2, P(S_(n+1) = S_n + 1 | F_n) = 2/3, and P(S_(n+1) = S_n - 1 | F_n) = 1/3. Let tau = inf{n >= 0 : S_n in {0, 6}}. Compute E[tau]. Answer with JSON of the form {""expected_time"": ""...""} inside the answer tags.",{'expected_time': '54/7'},"Step 1: Identify the walk type.
The walk is a nearest-neighbor walk, and the walk is biased.

Step 2: Extract the biased p.
p = 2/3; q = 1/3.

Step 3: Extract the interval parameters.
Lower boundary a = 0; upper boundary b = 6.

Step 4: Extract the start value.
S_0 = 2.

Step 5: Extract the interval parameters.
Lower boundary a = 0; upper boundary b = 6.

Step 6: Extract the start value.
S_0 = 2.

Step 7: Extract the interval parameters.
Lower boundary a = 0; upper boundary b = 6.

Step 8: Extract the start value.
S_0 = 2.

Step 9: Extract the interval parameters.
Lower boundary a = 0; upper boundary b = 6.

Step 10: Extract the start value.
S_0 = 2.

Step 11: Extract the interval parameters.
Lower boundary a = 0; upper boundary b = 6.

Step 12: Extract the start value.
S_0 = 2.

Step 13: Extract the interval parameters.
Lower boundary a = 0; upper boundary b = 6.

Step 14: Extract the start value.
S_0 = 2.

Step 15: Extract the interval parameters.
Lower boundary a = 0; upper boundary b = 6.

Step 16: Extract the start value.
S_0 = 2.

Step 17: Extract the interval parameters.
Lower boundary a = 0; upper boundary b = 6.

Step 18: Extract the start value.
S_0 = 2.

Step 19: Extract the interval parameters.
Lower boundary a = 0; upper boundary b = 6.

Step 20: Extract the start value.
S_0 = 2.

Step 21: Extract the interval parameters.
Lower boundary a = 0; upper boundary b = 6.

Step 22: Extract the start value.
S_0 = 2.

Step 23: Extract the interval parameters.
Lower boundary a = 0; upper boundary b = 6.

Step 24: Extract the start value.
S_0 = 2.

Step 25: Extract the interval parameters.
Lower boundary a = 0; upper boundary b =",,False
algorithmic_scaffold_v2,hitting_time_expectation_train_1200005,hitting_time_expectation,symmetric_boundaries_zero_a,1,non_binary,False,"Let (X_n) be a simple symmetric random walk on the integers with X_0 = 4. Let tau = inf{n >= 0 : X_n in {0, 8}}. Compute E[tau]. Answer with JSON of the form {""expected_time"": ""...""} inside the answer tags.",{'expected_time': '16'},"Step 1: Identify the walk type.
The walk is simple symmetric, so p = q = 1/2. Use the symmetric finite-interval formula.

Step 2: Extract the interval parameters.
Lower boundary a = 0; upper boundary b = 8; start x = 4.

Step 3: Select the formula.
For the symmetric walk, E_x[tau] = (x-a)(b-x).

Step 4: Compute each factor.
x-a = 4 - (0) = 4.
b-x = 8 - (4) = 4.

Step 5: Multiply.
E_x[tau] = 4 * 4 = 16.

Final answer:
<answer>
{""expected_time"": ""16""}
</answer>",{'expected_time': '16'},True
algorithmic_scaffold_v2,hitting_time_expectation_train_1210005,hitting_time_expectation,symmetric_shifted_boundaries,2,non_binary,False,"Let (X_n) be a simple symmetric random walk with X_0 = 4. Let tau be the first time the walk hits either 1 or 11. Compute E[tau]. Answer with JSON of the form {""expected_time"": ""...""} inside the answer tags.",{'expected_time': '21'},"Step 1: Identify the walk type.
The walk is simple symmetric, so p = q = 1/2. Use the symmetric finite-interval formula.

Step 2: Extract the interval parameters.
Lower boundary a = 1; upper boundary b = 11; start x = 4.

Step 3: Select the formula.
For the symmetric walk, E_x[tau] = (x-a)(b-x).

Step 4: Compute each factor.
x-a = 4 - 1 = 3.
b-x = 11 - 4 = 7.

Step 5: Multiply.
E_x[tau] = 3 * 7 = 21.

Final answer:
<answer>
{""expected_time"": ""21""}
</answer>",{'expected_time': '21'},True
algorithmic_scaffold_v2,martingale_verification_train_1600005,martingale_verification,centered_walk_basic,1,binary,False,"Let S_0 = 0 and S_n = Y_1 + ... + Y_n, where the Y_k are independent and P(Y_k = 1) = P(Y_k = -1) = 1/2. With respect to the natural filtration, is (S_n) a martingale? Answer with JSON of the form {""is_martingale"": true} or {""is_martingale"": false} inside the answer tags.",{'is_martingale': True},"Step 1: Identify the martingale test.
For a process (S_n), the martingale test requires E[S_(n+1) | F_n] = S_n.

Step 2: Compute E[S_(n+1) | F_n].
S_(n+1) = S_n + Y_(n+1).
E[S_(n+1) | F_n] = E[S_n + Y_(n+1) | F_n] = E[S_n | F_n] + E[Y_(n+1) | F_n] = S_n + E[Y_(n+1)] = S_n + 0 = S_n.

Step 3: Conclude.
E[S_(n+1) | F_n] = S_n, so is_martingale = true.

Final answer:
<answer>
{""is_martingale"": true}
</answer>",{'is_martingale': True},True
algorithmic_scaffold_v2,martingale_verification_train_1620012,martingale_verification,exponential_compensation,3,binary,False,"Let S_n = Y_1 + ... + Y_n, where the Y_k are independent with P(Y_k = 1) = 2/5 and P(Y_k = -1) = 3/5. For fixed theta, consider M_n = exp(theta S_n) / (p exp(theta) + q exp(-theta))^n. With respect to the natural filtration, is (M_n) a martingale? Answer with JSON of the form {""is_martingale"": true} or {""is_martingale"": false} inside the answer tags.",{'is_martingale': True},"Step 1: Identify the required exponential compensation.
The denominator in the proposed M_n is p exp(theta) + q exp(-theta).

Step 2: Compute the required compensation.
For a centered walk, M_n = exp(theta S_n) / (p exp(theta) + q exp(-theta))^n.

Step 3: Check the martingale test.
For a centered walk, M_n is a martingale.

Final answer:
<answer>
{""is_martingale"": true}
</answer>",{'is_martingale': True},True
algorithmic_scaffold_v2,martingale_verification_train_1610013,martingale_verification,quadratic_compensation,3,binary,False,"Let S_n = Y_1 + ... + Y_n for independent increments with the increments have mean 0 and variance 9. Consider M_n = S_n^2 - 10 n. With respect to the natural filtration, is (M_n) a martingale? Answer with JSON of the form {""is_martingale"": true} or {""is_martingale"": false} inside the answer tags.",{'is_martingale': False},"Step 1: Identify the required compensation.
For a centered walk, S_n^2 - c n is a martingale exactly when c = Var(Y_1).

Step 2: Extract the variance.
Var(Y_1) = 9.

Step 3: Compare c with Var(Y_1).
is_martingale = c = Var(Y_1) = 9.

Final answer:
<answer>
{""is_martingale"": true}
</answer>",{'is_martingale': True},False
algorithmic_scaffold_v2,optional_stopping_validity_train_1800005,optional_stopping_validity,bounded_time_valid,1,binary,False,"Let (S_n) be a simple symmetric random walk with S_0 = 0 and natural filtration F_n. Let T = inf{k >= 0 : S_k = 1} and tau = min(T, 10). A solution claims that optional stopping gives E[S_tau] = E[S_0]. Is this use of optional stopping justified? Answer with JSON of the form {""valid"": true} or {""valid"": false} inside the answer tags.",{'valid': True},"Step 1: Identify the optional-stopping issue.
Before using E[M_tau] = E[M_0], check the stopping-time hypotheses.

Step 2: Check the condition in this problem.
tau = min(T, 10).
Check the condition in this problem.

Step 3: Conclude.
valid = false.

Final answer:
<answer>
{""valid"": false}
</answer>",{'valid': False},False
algorithmic_scaffold_v2,optional_stopping_validity_train_1820008,optional_stopping_validity,finite_state_hitting_valid,3,binary,False,"Let (X_n) be a simple symmetric random walk on {0, ..., 5}, absorbed when it hits 0 or 5, with X_0 = 2. Let tau be the absorption time. A solution applies optional stopping to the bounded stopped process to conclude E[X_tau] = 2. Is this use justified? Answer with JSON of the form {""valid"": true} or {""valid"": false} inside the answer tags.",{'valid': True},"Step 1: Identify the optional-stopping issue.
Before using E[M_tau] = E[M_0], check the stopping-time hypotheses.

Step 2: Check the condition in this problem.
tau is the absorption time, and no extra integrability condition is given.

Step 3: Conclude.
valid = false.

Final answer:
<answer>
{""valid"": false}
</answer>",{'valid': False},False
algorithmic_scaffold_v2,optional_stopping_validity_train_1810005,optional_stopping_validity,unbounded_first_hit_invalid,2,binary,False,"Let (S_n) be a simple symmetric random walk with S_0 = 0. Let tau = inf{n >= 0 : S_n = 3}. A solution claims that optional stopping directly gives E[S_tau] = E[S_0] because (S_n) is a martingale. Is this use justified as stated? Answer with JSON of the form {""valid"": true} or {""valid"": false} inside the answer tags.",{'valid': False},"Step 1: Identify the optional-stopping issue.
Before using E[M_tau] = E[M_0], check the stopping-time hypotheses.

Step 2: Check the condition in this problem.
tau is an unbounded first-hitting time, and no extra integrability condition is given.

Step 3: Conclude.
valid = false.

Final answer:
<answer>
{""valid"": false}
</answer>",{'valid': False},True
algorithmic_scaffold_v2,stopped_process_expectation_train_1400005,stopped_process_expectation,bounded_walk_expectation,1,non_binary,False,"Let (X_n) be a simple symmetric random walk with X_0 = 3. Let T = inf{k >= 0 : X_k = 7} and tau = min(T, 10). Compute E[X_tau]. Answer with JSON of the form {""value"": ""...""} inside the answer tags.",{'value': '3'},"Step 1: Identify the stopped process.
The process is the simple symmetric random walk (X_n), and tau = min(T, 10).
Because tau has a deterministic cap, tau is bounded.

Step 2: Extract the starting value.
X_0 = 3. The target level 7 does not change the optional-stopping value.

Step 3: Apply optional stopping directly.
E[X_tau] = E[X_0] = 3.

Final answer:
<answer>
{""value"": ""3""}
</answer>",{'value': '3'},True
algorithmic_scaffold_v2,stopped_process_expectation_train_1410005,stopped_process_expectation,quadratic_fixed_horizon,2,non_binary,False,"Let X_n = 0 + Y_1 + ... + Y_n, where P(Y_k = 2) = P(Y_k = -2) = 1/2 and the increments are independent. Compute E[X_10^2]. Answer with JSON of the form {""value"": ""...""} inside the answer tags.",{'value': '40'},"Step 1: Identify the fixed-time second-moment task.
The task is E[X_10^2] for a centered independent-increment walk.

Step 2: Extract the parameters.
X_10^2 = (Y_1 + Y_2 + ... + Y_10)^2 = (S_10)^2.

Step 3: Select the formula.
E[S_10^2] = Var(S_10) + [E(S_10)]^2.

Step 4: Select the variance.
S_10 = Y_1 + ... + Y_10.
Var(S_10) = 10[Var(Y_1)] = 10[(1/2)(0^2 - 2^2)] = 10[(1/2)(0 - 4)] = 10[2] = 20.

Step 5: Select the mean.
E(S_10) = 0.

Step 6: Select the combined variance.
E[X_10^2] = Var(S_10) + [E(S_10)]^2 = 20 + (0)^2 = 20.

Final answer:
<answer>
{""value"": ""20""}
</answer>",{'value': '20'},False
algorithmic_scaffold_v2,stopped_process_expectation_train_1420013,stopped_process_expectation,stopped_martingale_value,3,non_binary,False,"Let (S_n) be a simple symmetric random walk with S_0 = 2. Let T = inf{k >= 0 : S_k = 4} and tau = min(T, 8). Compute E[S_tau^2 - tau]. Answer with JSON of the form {""value"": ""...""} inside the answer tags.",{'value': '4'},"Step 1: Identify the stopped process.
The process is the simple symmetric random walk (S_n), and tau = min(T, 8).
Because tau has a deterministic cap, tau is bounded.

Step 2: Extract the starting value.
S_0 = 2. The target level 4 does not change the optional-stopping value.

Step 3: Apply optional stopping directly.
E[S_tau^2 - tau] = E[S_tau^2] - E[tau].

Step 4: Compute E[S_tau^2].
For the symmetric random walk, E[S_tau^2] = (V_0)^2 + (V_0)^2 = 2^2 + 2^2 = 4 + 4 = 8.

Step 5: Compute E[tau].
E_x[tau] = (V_0)^2 = 2^2 = 4.

Step 6: Conclude.
E[S_tau^2 - tau] = E[S_tau^2] - E_x[tau] = 8 - 4 = 4.

Final answer:
<answer>
{""value"": ""4""}
</answer>",{'value': '4'},True
algorithmic_scaffold_v2,hitting_time_expectation_train_1220008,hitting_time_expectation,biased_boundaries_zero_a,3,non_binary,False,"Let (S_n) be a nearest-neighbor random walk on the integers with S_0 = 4, P(S_(n+1) = S_n + 1 | F_n) = 2/5, and P(S_(n+1) = S_n - 1 | F_n) = 3/5. Let tau = inf{n >= 0 : S_n in {0, 6}}. Compute E[tau]. Answer with JSON of the form {""expected_time"": ""...""} inside the answer tags.",{'expected_time': '1100/133'},"Step 1: Identify the walk type.
The walk is a nearest-neighbor walk, and the walk is biased, as the probability of +1 and -1 are not equal.

Step 2: Extract the interval parameters.
S_0 = 4; target interval is {0, 6}. The start is 4; the interval has a width of 6.

Step 3: Select the biased walk type.
The biased walk type is a one-dimensional walk with a bias.

Step 4: Select the optional-stopping-time type.
The tau type is the first time the walk is in the interval {0, 6}.

Step 5: Select the optional-stopping-time type.
The optional-stopping-time type is a one-dimensional walk with a bias.

Step 6: Select the optional-stopping-time type.
The optional-stopping-time type is a one-dimensional walk with a bias.

Step 7: Select the optional-stopping-time type.
The optional-stopping-time type is a one-dimensional walk with a bias.

Step 8: Select the optional-stopping-time type.
The optional-stopping-time type is a one-dimensional walk with a bias.

Step 9: Select the optional-stopping-time type.
The optional-stopping-time type is a one-dimensional walk with a bias.

Step 10: Select the optional-stopping-time type.
The optional-stopping-time type is a one-dimensional walk with a bias.

Step 11: Select the optional-stopping-time type.
The optional-stopping-time type is a one-dimensional walk with a bias.

Step 12: Select the optional-stopping-time type.
The optional-stopping-time type is a one-dimensional walk with a bias.

Step 13: Select the optional-stopping-time type.
The optional-stopping-time type is a one-dimensional walk with a bias.

Step 14: Select the optional-stopping-time type.
The optional-stopping-time type is a one-dimensional walk with a bias.

Step 15: Select the optional-stopping-time type.
The optional-stopping-time type is a one-dimensional walk with a bias.

Step 16: Select the optional-stopping-time type.
The optional-stopping-time type is a one-dimensional walk with a bias.

Step 17: Select the optional-stopping-time type.
The optional-stopping-time type is a one-dimensional walk with a bias.

Step 18: Select the optional-stopping-time type.
The optional-stopping-time type is a",,False
algorithmic_scaffold_v2,hitting_time_expectation_train_1200006,hitting_time_expectation,symmetric_boundaries_zero_a,1,non_binary,False,"Let (X_n) be a simple symmetric random walk on the integers with X_0 = 2. Let tau = inf{n >= 0 : X_n in {0, 4}}. Compute E[tau]. Answer with JSON of the form {""expected_time"": ""...""} inside the answer tags.",{'expected_time': '4'},"Step 1: Identify the walk type.
The walk is simple symmetric, so p = q = 1/2. Use the symmetric finite-interval formula.

Step 2: Extract the interval parameters.
Lower boundary a = 0; upper boundary b = 4; start x = 2.

Step 3: Select the formula.
For the symmetric walk, E_x[tau] = (x-a)(b-x).

Step 4: Compute each factor.
x-a = 2 - (0) = 2.
b-x = 4 - (2) = 2.

Step 5: Multiply.
E_x[tau] = 2 * 2 = 4.

Final answer:
<answer>
{""expected_time"": ""4""}
</answer>",{'expected_time': '4'},True
algorithmic_scaffold_v2,hitting_time_expectation_train_1210006,hitting_time_expectation,symmetric_shifted_boundaries,2,non_binary,False,"Let (S_n) be a simple symmetric random walk with S_0 = 6. Let tau be the first time the walk hits either 2 or 10. Compute E[tau]. Answer with JSON of the form {""expected_time"": ""...""} inside the answer tags.",{'expected_time': '16'},"Step 1: Identify the walk type.
The walk is simple symmetric, so p = q = 1/2. Use the symmetric finite-interval formula.

Step 2: Extract the interval parameters.
Lower boundary a = 2; upper boundary b = 10; start x = 6.

Step 3: Select the formula.
For the symmetric walk, E_x[tau] = (x-a)(b-x).

Step 4: Compute each factor.
x-a = 6 - 2 = 4.
b-x = 10 - 6 = 4.

Step 5: Multiply.
E_x[tau] = 4 * 4 = 16.

Final answer:
<answer>
{""expected_time"": ""16""}
</answer>",{'expected_time': '16'},True
algorithmic_scaffold_v2,martingale_verification_train_1600006,martingale_verification,centered_walk_basic,1,binary,False,"Let X_0 = 0 and X_n = Y_1 + ... + Y_n, where the Y_k are independent and P(Y_k = 1) = P(Y_k = -1) = 1/2. With respect to the natural filtration, is (X_n) a martingale? Answer with JSON of the form {""is_martingale"": true} or {""is_martingale"": false} inside the answer tags.",{'is_martingale': True},"Step 1: Identify the martingale test.
For a centered walk, the martingale test requires E[M_n] = M_0 for each n.

Step 2: Compute the increment mean.
E[M_1] = E[Y_1] = 0.

Step 3: Conclude.
is_martingale = true.

Final answer:
<answer>
{""is_martingale"": true}
</answer>",{'is_martingale': True},True
algorithmic_scaffold_v2,martingale_verification_train_1620014,martingale_verification,exponential_compensation,3,binary,False,"Let X_n = Y_1 + ... + Y_n, where the Y_k are independent with P(Y_k = 1) = 2/5 and P(Y_k = -1) = 3/5. For fixed theta, consider M_n = exp(theta X_n) / (p exp(theta) + q exp(-theta))^n. With respect to the natural filtration, is (M_n) a martingale? Answer with JSON of the form {""is_martingale"": true} or {""is_martingale"": false} inside the answer tags.",{'is_martingale': True},"Step 1: Identify the required exponential compensation.
The denominator in the proposed M_n is given by p exp(theta) + q exp(-theta).

Step 2: Compute the required compensation.
Proposed M_n = exp(theta X_n) / (p exp(theta) + q exp(-theta))^n.

Step 3: Check the martingale test.
For a centered walk, proposed M_n is a martingale.

Final answer:
<answer>
{""is_martingale"": true}
</answer>",{'is_martingale': True},True
algorithmic_scaffold_v2,martingale_verification_train_1610014,martingale_verification,quadratic_compensation,3,binary,False,"Let S_n = Y_1 + ... + Y_n for independent increments with the increments have mean 0 and standard deviation 3. Consider M_n = S_n^2 - 9 n. With respect to the natural filtration, is (M_n) a martingale? Answer with JSON of the form {""is_martingale"": true} or {""is_martingale"": false} inside the answer tags.",{'is_martingale': True},"Step 1: Identify the required compensation.
For a centered walk, S_n^2 - c n is a martingale exactly when c = Var(Y_1).

Step 2: Extract the variance.
Var(Y_1) = 3^2 = 9.

Step 3: Compare c.
is_martingale = c = 9 matches the variance.

Final answer:
<answer>
{""is_martingale"": true}
</answer>",{'is_martingale': True},True
algorithmic_scaffold_v2,optional_stopping_validity_train_1800006,optional_stopping_validity,bounded_time_valid,1,binary,False,"Let (S_n) be a simple symmetric random walk with S_0 = 0 and natural filtration F_n. Let T = inf{k >= 0 : S_k = 1} and tau = min(T, 5). A solution claims that optional stopping gives E[S_tau] = E[S_0]. Is this use of optional stopping justified? Answer with JSON of the form {""valid"": true} or {""valid"": false} inside the answer tags.",{'valid': True},"Step 1: Identify the optional-stopping issue.
Before using E[M_tau] = E[M_0], check the stopping-time hypotheses.

Step 2: Check the condition in this problem.
tau = min(T, 5).
The optional-stopping issue does not apply in the proposed problem.

Step 3: Conclude.
valid = true.

Final answer:
<answer>
{""valid"": true}
</answer>",{'valid': True},True
algorithmic_scaffold_v2,optional_stopping_validity_train_1820009,optional_stopping_validity,finite_state_hitting_valid,3,binary,False,"Let (S_n) be a simple symmetric random walk on {0, ..., 10}, absorbed when it hits 0 or 10, with S_0 = 2. Let tau be the absorption time. A solution applies optional stopping to the bounded stopped process to conclude E[S_tau] = 2. Is this use justified? Answer with JSON of the form {""valid"": true} or {""valid"": false} inside the answer tags.",{'valid': True},"Step 1: Identify the optional-stopping issue.
Before using E[M_tau] = E[M_0], check the stopping-time hypotheses.

Step 2: Check the condition in this problem.
tau is the absorption time, so tau is bounded.

Step 3: Conclude.
valid = true.

Final answer:
<answer>
{""valid"": true}
</answer>",{'valid': True},True
algorithmic_scaffold_v2,optional_stopping_validity_train_1810006,optional_stopping_validity,unbounded_first_hit_invalid,2,binary,False,"Let (X_n) be a simple symmetric random walk with X_0 = 0. Let tau = inf{n >= 0 : X_n = 1}. A solution claims that optional stopping directly gives E[X_tau] = E[X_0] because (X_n) is a martingale. Is this use justified as stated? Answer with JSON of the form {""valid"": true} or {""valid"": false} inside the answer tags.",{'valid': False},"Step 1: Identify the optional-stopping issue.
Before using E[M_tau] = E[M_0], check the stopping-time hypotheses.

Step 2: Check the condition in this problem.
tau is an unbounded first-hitting time, and no extra integrability condition is given.

Step 3: Conclude.
valid = false.

Final answer:
<answer>
{""valid"": false}
</answer>",{'valid': False},True
algorithmic_scaffold_v2,stopped_process_expectation_train_1400006,stopped_process_expectation,bounded_walk_expectation,1,non_binary,False,"Let (X_n) be a simple symmetric random walk with X_0 = -3. Let T = inf{k >= 0 : X_k = 1} and tau = min(T, 20). Compute E[X_tau]. Answer with JSON of the form {""value"": ""...""} inside the answer tags.",{'value': '-3'},"Step 1: Identify the stopped process.
The process is the simple symmetric random walk (X_n), and tau = min(T, 20).
Because tau has a deterministic cap, tau is bounded.

Step 2: Extract the starting value.
X_0 = -3. The target level 1 does not change the optional-stopping value.

Step 3: Apply optional stopping directly.
E[X_tau] = E[X_0] = -3.

Final answer:
<answer>
{""value"": ""-3""}
</answer>",{'value': '-3'},True
algorithmic_scaffold_v2,stopped_process_expectation_train_1410006,stopped_process_expectation,quadratic_fixed_horizon,2,non_binary,False,"Let X_n = 3 + Y_1 + ... + Y_n, where P(Y_k = 5) = P(Y_k = -5) = 1/2 and the increments are independent. Compute E[X_10^2]. Answer with JSON of the form {""value"": ""...""} inside the answer tags.",{'value': '259'},"Step 1: Identify the fixed-time second-moment task.
The task is E[X_10^2] for a centered independent-increment walk.

Step 2: Extract the parameters.
X_0 = 3; n = 10; increments are +5 or -5 with probability 1/2 each.
The variance of one increment is sigma^2 = (5)^2 = 25.

Step 3: Select the formula.
E[X_n^2] = X_0^2 + n sigma^2.

Step 4: Compute.
X_0^2 = 3^2 = 9.
n sigma^2 = 10 * 25 = 250.
Total = 9 + 250 = 259.

Final answer:
<answer>
{""value"": ""259""}
</answer>",{'value': '259'},True
algorithmic_scaffold_v2,stopped_process_expectation_train_1420025,stopped_process_expectation,stopped_martingale_value,3,non_binary,False,"Let (X_n) be a simple symmetric random walk with X_0 = 1. Let T = inf{k >= 0 : X_k = 3} and tau = min(T, 6). Compute E[X_tau^2 - tau]. Answer with JSON of the form {""value"": ""...""} inside the answer tags.",{'value': '1'},"Step 1: Identify the stopped process.
The process is the simple symmetric random walk (X_n), and tau = min(T, 6).
Because tau has a deterministic cap, tau is bounded.

Step 2: Extract the starting value.
X_0 = 1. The target level 3 does not change the optional-stopping value.

Step 3: Apply optional stopping directly.
E[X_tau^2 - tau] = E[X_tau^2] - E[tau].

Step 4: Compute E[X_tau^2].
For a simple symmetric random walk, E[X_tau^2] = (tau + 1).

Step 5: Compute E_x_0_2.
E_x_0_2 = (X_0)^2 = 1^2 = 1.

Step 6: Finish.
E[X_tau^2 - tau] = E_x_0_2 - X_0 = 1 - 1 = 0.

Final answer:
<answer>
{""value"": ""0""}
</answer>",{'value': '0'},False
algorithmic_scaffold_v2,hitting_time_expectation_train_1220009,hitting_time_expectation,biased_boundaries_zero_a,3,non_binary,False,"Let (X_n) be a nearest-neighbor random walk on the integers with X_0 = 3, P(X_(n+1) = X_n + 1 | F_n) = 3/5, and P(X_(n+1) = X_n - 1 | F_n) = 2/5. Let tau = inf{n >= 0 : X_n in {0, 7}}. Compute E[tau]. Answer with JSON of the form {""expected_time"": ""...""} inside the answer tags.",{'expected_time': '22980/2059'},"Step 1: Identify the walk type.
The walk is a one-dimensional nearest-neighbor walk, and the walk matrix is given.

Step 2: Extract the walk type.
The walk type is biased, and the probability p = 3/5 for +1 and q = 2/5 for -1.

Step 3: Select the interval.
The interval is [0, 7].

Step 4: Select the start.
X_0 = 3.

Step 5: Select the target.
tau = inf{n >= 0 : X_n in {0, 7}}.

Step 6: Select the optional-stopping-time.
E_x[tau] = E[tau] for the walk type p = 3/5 and q = 2/5.

Step 7: Select the optional-stopping-time.
E_x[tau] = (x-a)(b-x).

Step 8: Select the start.
x = 3; a = 0; b = 7.

Step 9: Select the optional-stopping-time.
E_x[tau] = (3)(7 - 3).

Step 10: Select the optional-stopping-time.
E_x[tau] = 12.

Final answer:
<answer>
{""expected_time"": ""12""}
</answer>",{'expected_time': '12'},False
algorithmic_scaffold_v2,hitting_time_expectation_train_1200007,hitting_time_expectation,symmetric_boundaries_zero_a,1,non_binary,False,"Let (X_n) be a simple symmetric random walk on the integers with X_0 = 7. Let tau = inf{n >= 0 : X_n in {0, 12}}. Compute E[tau]. Answer with JSON of the form {""expected_time"": ""...""} inside the answer tags.",{'expected_time': '35'},"Step 1: Identify the walk type.
The walk is simple symmetric, so p = q = 1/2. Use the symmetric finite-interval formula.

Step 2: Extract the interval parameters.
Lower boundary a = 0; upper boundary b = 12; start x = 7.

Step 3: Select the formula.
For the symmetric walk, E_x[tau] = (x-a)(b-x).

Step 4: Compute each factor.
x-a = 7 - (0) = 7.
b-x = 12 - (7) = 5.

Step 5: Multiply.
E_x[tau] = 7 * 5 = 35.

Final answer:
<answer>
{""expected_time"": ""35""}
</answer>",{'expected_time': '35'},True
algorithmic_scaffold_v2,hitting_time_expectation_train_1210007,hitting_time_expectation,symmetric_shifted_boundaries,2,non_binary,False,"Let (S_n) be a simple symmetric random walk with S_0 = 5. Let tau be the first time the walk hits either 1 or 9. Compute E[tau]. Answer with JSON of the form {""expected_time"": ""...""} inside the answer tags.",{'expected_time': '16'},"Step 1: Identify the walk type.
The walk is simple symmetric, so p = q = 1/2. Use the symmetric finite-interval formula.

Step 2: Extract the interval parameters.
Lower boundary a = 1; upper boundary b = 9; start x = 5.

Step 3: Select the formula.
For the symmetric walk, E_x[tau] = (x-a)(b-x).

Step 4: Compute each factor.
x-a = 5 - 1 = 4.
b-x = 9 - 5 = 4.

Step 5: Multiply.
E_x[tau] = 4 * 4 = 16.

Final answer:
<answer>
{""expected_time"": ""16""}
</answer>",{'expected_time': '16'},True
algorithmic_scaffold_v2,martingale_verification_train_1600007,martingale_verification,centered_walk_basic,1,binary,False,"Let X_0 = 0 and X_n = Y_1 + ... + Y_n, where the Y_k are independent and P(Y_k = 3) = P(Y_k = -3) = 1/2. With respect to the natural filtration, is (X_n) a martingale? Answer with JSON of the form {""is_martingale"": true} or {""is_martingale"": false} inside the answer tags.",{'is_martingale': True},"Step 1: Identify the martingale test.
For a process (X_n), the required test is E[X_(n+1) | F_n] = X_n.

Step 2: Compute the conditional increment mean.
E[X_(n+1) | F_n] = E[Y_(n+1) + X_n | F_n] = E[Y_(n+1) | F_n] + X_n.

Step 3: Compute the required increment.
E[Y_(n+1)] = 0.

Step 4: Conclude.
E[X_(n+1) | F_n] = X_n.

Final answer:
<answer>
{""is_martingale"": true}
</answer>",{'is_martingale': True},True
algorithmic_scaffold_v2,martingale_verification_train_1620015,martingale_verification,exponential_compensation,3,binary,False,"Let X_n = Y_1 + ... + Y_n, where the Y_k are independent with P(Y_k = 1) = 3/5 and P(Y_k = -1) = 2/5. For fixed theta, consider M_n = exp(theta X_n) / (p exp(theta) + q exp(-theta))^n. With respect to the natural filtration, is (M_n) a martingale? Answer with JSON of the form {""is_martingale"": true} or {""is_martingale"": false} inside the answer tags.",{'is_martingale': True},"Step 1: Identify the required exponential compensation.
The denominator in the proposed M_n is given by p exp(theta) + q exp(-theta).

Step 2: Compute the required compensation.
Proposed M_n = exp(theta X_n) / (p exp(theta) + q exp(-theta))^n.

Step 3: Check the martingale test.
For a centered walk, proposed M_n is a martingale.

Final answer:
<answer>
{""is_martingale"": true}
</answer>",{'is_martingale': True},True
algorithmic_scaffold_v2,martingale_verification_train_1610017,martingale_verification,quadratic_compensation,3,binary,False,"Let X_n = Y_1 + ... + Y_n for independent increments with P(Y_k = 1) = P(Y_k = -1) = 1/2. Consider M_n = X_n^2 - 1 n. With respect to the natural filtration, is (M_n) a martingale? Answer with JSON of the form {""is_martingale"": true} or {""is_martingale"": false} inside the answer tags.",{'is_martingale': True},"Step 1: Identify the required compensation.
For a centered walk, X_n^2 - n is a martingale exactly when the walk is symmetric, and no extra bias is present.

Step 2: Check the martingale test.
For a centered walk, M_n = X_n^2 - n is a martingale exactly when the walk is symmetric, and no extra bias is present.

Step 3: Conclude.
is_martingale = true.

Final answer:
<answer>
{""is_martingale"": true}
</answer>",{'is_martingale': True},True
algorithmic_scaffold_v2,optional_stopping_validity_train_1800007,optional_stopping_validity,bounded_time_valid,1,binary,False,"Let (X_n) be a simple symmetric random walk with X_0 = 0 and natural filtration F_n. Let T = inf{k >= 0 : X_k = 3} and tau = min(T, 8). A solution claims that optional stopping gives E[X_tau] = E[X_0]. Is this use of optional stopping justified? Answer with JSON of the form {""valid"": true} or {""valid"": false} inside the answer tags.",{'valid': True},"Step 1: Identify the optional-stopping issue.
Before using E[M_tau] = E[M_0], check the stopping-time hypotheses.

Step 2: Check the condition in this problem.
tau = min(T, 8).
X_0 = 0.
the stopped process is finite-state, so the stopped process is bounded.

Step 3: Conclude.
valid = true.

Final answer:
<answer>
{""valid"": true}
</answer>",{'valid': True},True
algorithmic_scaffold_v2,optional_stopping_validity_train_1820013,optional_stopping_validity,finite_state_hitting_valid,3,binary,False,"Let (X_n) be a simple symmetric random walk on {0, ..., 10}, absorbed when it hits 0 or 10, with X_0 = 4. Let tau be the absorption time. A solution applies optional stopping to the bounded stopped process to conclude E[X_tau] = 4. Is this use justified? Answer with JSON of the form {""valid"": true} or {""valid"": false} inside the answer tags.",{'valid': True},"Step 1: Identify the optional-stopping issue.
Before using E[M_tau] = E[M_0], check the stopping-time hypotheses.

Step 2: Check the condition in this problem.
tau is the absorption time, and no extra integrability condition is given.

Step 3: Conclude.
valid = true.

Final answer:
<answer>
{""valid"": true}
</answer>",{'valid': True},True
algorithmic_scaffold_v2,optional_stopping_validity_train_1810007,optional_stopping_validity,unbounded_first_hit_invalid,2,binary,False,"Let (S_n) be a simple symmetric random walk with S_0 = 0. Let tau = inf{n >= 0 : S_n = 3}. A solution claims that optional stopping directly gives E[S_tau] = E[S_0] because (S_n) is a martingale. Is this use justified as stated? Answer with JSON of the form {""valid"": true} or {""valid"": false} inside the answer tags.",{'valid': False},"Step 1: Identify the optional-stopping issue.
Before using E[M_tau] = E[M_0], check the stopping-time hypotheses.

Step 2: Check the condition in this problem.
tau is an unbounded first-hitting time, and no extra integrability condition is given.

Step 3: Conclude.
valid = false.

Final answer:
<answer>
{""valid"": false}
</answer>",{'valid': False},True
algorithmic_scaffold_v2,stopped_process_expectation_train_1400007,stopped_process_expectation,bounded_walk_expectation,1,non_binary,False,"Let (X_n) be a simple symmetric random walk with X_0 = -2. Let T = inf{k >= 0 : X_k = 0} and tau = min(T, 10). Compute E[X_tau]. Answer with JSON of the form {""value"": ""...""} inside the answer tags.",{'value': '-2'},"Step 1: Identify the stopped process.
The process is the simple symmetric random walk (X_n), and tau = min(T, 10).
Because tau has a deterministic cap, tau is bounded.

Step 2: Extract the starting value.
X_0 = -2. The target level 0 does not change the optional-stopping value.

Step 3: Apply optional stopping directly.
E[X_tau] = E[X_0] = -2.

Final answer:
<answer>
{""value"": ""-2""}
</answer>",{'value': '-2'},True
algorithmic_scaffold_v2,stopped_process_expectation_train_1410007,stopped_process_expectation,quadratic_fixed_horizon,2,non_binary,False,"Let S_n = 2 + Y_1 + ... + Y_n, where P(Y_k = 2) = P(Y_k = -2) = 1/2 and the increments are independent. Compute E[S_3^2]. Answer with JSON of the form {""value"": ""...""} inside the answer tags.",{'value': '16'},"Step 1: Identify the fixed-time second-moment task.
We need E[S_3^2] for a centered independent-increment walk.

Step 2: Extract the parameters.
S_0 = 2; n = 3; increments are +2 or -2 with probability 1/2 each.
The variance of one increment is sigma^2 = (2)^2 = 4.

Step 3: Select the formula.
E[S_n^2] = S_0^2 + n sigma^2.

Step 4: Do the arithmetic in small pieces.
S_0^2 = (2)^2 = 4.
n sigma^2 = 3 * 4 = 12.
Total = 4 + 12 = 16.

Final answer:
<answer>
{""value"": ""16""}
</answer>",{'value': '16'},True
algorithmic_scaffold_v2,stopped_process_expectation_train_1420035,stopped_process_expectation,stopped_martingale_value,3,non_binary,False,"Let (S_n) be a simple symmetric random walk with S_0 = 1. Let T = inf{k >= 0 : S_k = 5} and tau = min(T, 8). Compute E[S_tau^2 - tau]. Answer with JSON of the form {""value"": ""...""} inside the answer tags.",{'value': '1'},"Step 1: Identify the stopped process.
The process is the simple symmetric random walk (S_n), and tau = min(T, 8).
Because tau has a deterministic cap, tau is bounded.

Step 2: Extract the required expression.
E[S_tau^2 - tau] = E[S_tau^2] - E[tau].

Step 3: Compute E[S_tau^2].
S_tau^2 is the square of the stopped process. For the symmetric random walk, the stopped process is finite-state, and its mean and variance are bounded.

Step 4: Compute E[tau].
E_x[tau] = E_x[inf{k >= 0 : X_k = 5} and tau = min(T, 8)] = 8.

Step 5: Conclude.
E[S_tau^2 - tau] = E[S_tau^2] - 8.

Final answer:
<answer>
{""value"": ""E[S_tau^2] - 8""}
</answer>",{'value': 'E[S_tau^2] - 8'},False
algorithmic_scaffold_v2,hitting_time_expectation_train_1220011,hitting_time_expectation,biased_boundaries_zero_a,3,non_binary,False,"Let (S_n) be a nearest-neighbor random walk on the integers with S_0 = 3, P(S_(n+1) = S_n + 1 | F_n) = 3/5, and P(S_(n+1) = S_n - 1 | F_n) = 2/5. Let tau = inf{n >= 0 : S_n in {0, 4}}. Compute E[tau]. Answer with JSON of the form {""expected_time"": ""...""} inside the answer tags.",{'expected_time': '33/13'},"Step 1: Identify the walk type.
The walk is a nearest-neighbor walk, and the walk is biased.

Step 2: Extract the biased p.
p = 3/5; q = 2/5.

Step 3: Extract the interval.
Lower boundary = 0; Upper boundary = 4.

Step 4: Extract the start.
S_0 = 3.

Step 5: Extract the regenerative/optimal stopping time.
tau = inf{n >= 0 : S_n in {0, 4}}.

Step 6: Extract the optional-stopping value.
E_x[tau] = E[tau] = 0; the starting time is 0.

Step 7: Extract the optional-stopping value.
E_x[tau] = E_x[0] = 0; the starting time is 0.

Final answer:
<answer>
{""expected_time"": ""0""}
</answer>",{'expected_time': '0'},False
algorithmic_scaffold_v2,hitting_time_expectation_train_1200008,hitting_time_expectation,symmetric_boundaries_zero_a,1,non_binary,False,"Let (S_n) be a simple symmetric random walk on the integers with S_0 = 3. Let tau = inf{n >= 0 : S_n in {0, 10}}. Compute E[tau]. Answer with JSON of the form {""expected_time"": ""...""} inside the answer tags.",{'expected_time': '21'},"Step 1: Identify the walk type.
The walk is simple symmetric, so p = q = 1/2. Use the symmetric finite-interval formula.

Step 2: Extract the interval parameters.
Lower boundary a = 0; upper boundary b = 10; start x = 3.

Step 3: Select the formula.
For the symmetric walk, E_x[tau] = (x-a)(b-x).

Step 4: Compute each factor.
x-a = 3 - (0) = 3.
b-x = 10 - (3) = 7.

Step 5: Multiply.
E_x[tau] = 3 * 7 = 21.

Final answer:
<answer>
{""expected_time"": ""21""}
</answer>",{'expected_time': '21'},True
algorithmic_scaffold_v2,hitting_time_expectation_train_1210008,hitting_time_expectation,symmetric_shifted_boundaries,2,non_binary,False,"Let (X_n) be a simple symmetric random walk with X_0 = -4. Let tau be the first time the walk hits either -5 or 1. Compute E[tau]. Answer with JSON of the form {""expected_time"": ""...""} inside the answer tags.",{'expected_time': '5'},"Step 1: Identify the walk type.
The walk is simple symmetric, so p = q = 1/2. Use the symmetric finite-interval formula.

Step 2: Extract the interval parameters.
Lower boundary a = -5; upper boundary b = 1; start x = -4.

Step 3: Select the formula.
For the symmetric walk, E_x[tau] = (x-a)(b-x).

Step 4: Compute each factor.
x-a = -4 - (-5) = 1.
b-x = 1 - (-4) = 5.

Step 5: Multiply.
E_x[tau] = 1 * 5 = 5.

Final answer:
<answer>
{""expected_time"": ""5""}
</answer>",{'expected_time': '5'},True
algorithmic_scaffold_v2,martingale_verification_train_1600008,martingale_verification,centered_walk_basic,1,binary,False,"Let X_0 = 0 and X_n = Y_1 + ... + Y_n, where the Y_k are independent and P(Y_k = 4) = P(Y_k = -4) = 1/2. With respect to the natural filtration, is (X_n) a martingale? Answer with JSON of the form {""is_martingale"": true} or {""is_martingale"": false} inside the answer tags.",{'is_martingale': True},"Step 1: Identify the martingale test.
For a process (X_n), the required test is E[X_(n+1) | F_n] = X_n.

Step 2: Compute the conditional increment mean.
E[X_(n+1) | F_n] = E[Y_(n+1) + X_n | F_n] = E[Y_(n+1) | F_n] + X_n.

Step 3: Compute the required mean.
E[Y_(n+1) | F_n] = 0.

Step 4: Conclude.
E[X_(n+1) | F_n] = X_n, so is_martingale = true.

Final answer:
<answer>
{""is_martingale"": true}
</answer>",{'is_martingale': True},True
algorithmic_scaffold_v2,martingale_verification_train_1620016,martingale_verification,exponential_compensation,3,binary,False,"Let S_n = Y_1 + ... + Y_n, where the Y_k are independent with P(Y_k = 1) = 2/5 and P(Y_k = -1) = 3/5. For fixed lambda, consider M_n = exp(lambda S_n) / (p exp(lambda) + q exp(-lambda))^n. With respect to the natural filtration, is (M_n) a martingale? Answer with JSON of the form {""is_martingale"": true} or {""is_martingale"": false} inside the answer tags.",{'is_martingale': True},"Step 1: Identify the required exponential compensation.
The denominator in the proposed M_n is the proposed radicand.

Step 2: Compute the required radicand.
Proposed radicand = p exp(lambda) + q exp(-lambda).

Step 3: Compute the proposed M_n.
M_n = exp(lambda S_n) / proposed radicand.

Step 4: Check the martingale test.
For a centered walk, check the required radicand.

Step 5: Conclude.
is_martingale = true.

Final answer:
<answer>
{""is_martingale"": true}
</answer>",{'is_martingale': True},True
algorithmic_scaffold_v2,martingale_verification_train_1610019,martingale_verification,quadratic_compensation,3,binary,False,"Let X_n = Y_1 + ... + Y_n for independent increments with the increments have mean 0 and variance 1. Consider M_n = X_n^2 - 1 n. With respect to the natural filtration, is (M_n) a martingale? Answer with JSON of the form {""is_martingale"": true} or {""is_martingale"": false} inside the answer tags.",{'is_martingale': True},"Step 1: Identify the required compensation.
The process X_n is the centered walk, and its variance is 1. The target is the process (M_n) = X_n^2 - n.

Step 2: Check the martingale test.
For a centered walk, M_n = X_n^2 - n is a martingale.

Step 3: Conclude.
is_martingale = true.

Final answer:
<answer>
{""is_martingale"": true}
</answer>",{'is_martingale': True},True
algorithmic_scaffold_v2,optional_stopping_validity_train_1800008,optional_stopping_validity,bounded_time_valid,1,binary,False,"Let (X_n) be a simple symmetric random walk with X_0 = 0 and natural filtration F_n. Let T = inf{k >= 0 : X_k = 3} and tau = min(T, 5). A solution claims that optional stopping gives E[X_tau] = E[X_0]. Is this use of optional stopping justified? Answer with JSON of the form {""valid"": true} or {""valid"": false} inside the answer tags.",{'valid': True},"Step 1: Identify the optional-stopping issue.
Before using E[M_tau] = E[M_0], check the stopping-time hypotheses.

Step 2: Check the condition in this problem.
tau = min(T, 5).
X_0 = 0.
the stopped process is finite-state, so the stopped process is bounded.

Step 3: Conclude.
valid = true.

Final answer:
<answer>
{""valid"": true}
</answer>",{'valid': True},True
algorithmic_scaffold_v2,optional_stopping_validity_train_1820018,optional_stopping_validity,finite_state_hitting_valid,3,binary,False,"Let (S_n) be a simple symmetric random walk on {0, ..., 5}, absorbed when it hits 0 or 5, with S_0 = 1. Let tau be the absorption time. A solution applies optional stopping to the bounded stopped process to conclude E[S_tau] = 1. Is this use justified? Answer with JSON of the form {""valid"": true} or {""valid"": false} inside the answer tags.",{'valid': True},"Step 1: Identify the optional-stopping issue.
Before using E[M_tau] = E[M_0], check the stopping-time hypotheses.

Step 2: Check the condition in this problem.
tau is the absorption time, so tau is bounded.

Step 3: Conclude.
valid = true.

Final answer:
<answer>
{""valid"": true}
</answer>",{'valid': True},True
algorithmic_scaffold_v2,optional_stopping_validity_train_1810008,optional_stopping_validity,unbounded_first_hit_invalid,2,binary,False,"Let (S_n) be a simple symmetric random walk with S_0 = 0. Let tau = inf{n >= 0 : S_n = 3}. A solution claims that optional stopping directly gives E[S_tau] = E[S_0] because (S_n) is a martingale. Is this use justified as stated? Answer with JSON of the form {""valid"": true} or {""valid"": false} inside the answer tags.",{'valid': False},"Step 1: Identify the optional-stopping issue.
Before using E[M_tau] = E[M_0], check the stopping-time hypotheses.

Step 2: Check the condition in this problem.
tau is an unbounded first-hitting time, and no extra integrability condition is given.

Step 3: Conclude.
valid = false.

Final answer:
<answer>
{""valid"": false}
</answer>",{'valid': False},True
algorithmic_scaffold_v2,stopped_process_expectation_train_1400008,stopped_process_expectation,bounded_walk_expectation,1,non_binary,False,"Let (X_n) be a simple symmetric random walk with X_0 = 1. Let T = inf{k >= 0 : X_k = 3} and tau = min(T, 20). Compute E[X_tau]. Answer with JSON of the form {""value"": ""...""} inside the answer tags.",{'value': '1'},"Step 1: Identify the stopped process.
The process is the simple symmetric random walk (X_n), and tau = min(T, 20).
Because tau has a deterministic cap, tau is bounded.

Step 2: Extract the starting value.
X_0 = 1. The target level 3 does not change the optional-stopping value.

Step 3: Apply optional stopping directly.
E[X_tau] = E[X_0] = 1.

Final answer:
<answer>
{""value"": ""1""}
</answer>",{'value': '1'},True
algorithmic_scaffold_v2,stopped_process_expectation_train_1410008,stopped_process_expectation,quadratic_fixed_horizon,2,non_binary,False,"Let S_n = -3 + Y_1 + ... + Y_n, where P(Y_k = 1) = P(Y_k = -1) = 1/2 and the increments are independent. Compute E[S_2^2]. Answer with JSON of the form {""value"": ""...""} inside the answer tags.",{'value': '11'},"Step 1: Identify the fixed-time second-moment task.
We need E[S_2^2] for a centered independent-increment walk.

Step 2: Extract the parameters.
S_0 = -3; n = 2; increments are +1 or -1 with probability 1/2 each.
The variance of one increment is sigma^2 = (1)^2 = 1.

Step 3: Select the formula.
E[S_2^2] = S_0^2 + n sigma^2.

Step 4: Do the arithmetic in small pieces.
S_0^2 = (-3)^2 = 9.
n sigma^2 = 2 * 1 = 2.
Total = 9 + 2 = 11.

Final answer:
<answer>
{""value"": ""11""}
</answer>",{'value': '11'},True
algorithmic_scaffold_v2,stopped_process_expectation_train_1420038,stopped_process_expectation,stopped_martingale_value,3,non_binary,False,"Let (S_n) be a simple symmetric random walk with S_0 = -1. Let T = inf{k >= 0 : S_k = 2} and tau = min(T, 8). Compute E[S_tau^2 - tau]. Answer with JSON of the form {""value"": ""...""} inside the answer tags.",{'value': '1'},"Step 1: Identify the stopped process.
The process is the simple symmetric random walk (S_n), and tau = min(T, 8).
Because tau has a deterministic cap, tau is bounded.

Step 2: Extract the starting value.
S_0 = -1. The target level 2 does not change the optional-stopping value.

Step 3: Apply optional stopping directly.
E[S_tau^2 - tau] = E[S_tau^2] - E[tau].

Step 4: Compute E[S_tau^2].
S_tau^2 is the square of the stopped process. For tau = 8, optional stopping implies E[S_tau^2] = S_0^2 = -1^2 = -1.

Step 5: Compute E[tau].
E_x[tau] = E_x[inf-stopping-time] = 8.

Step 6: Conclude.
E[S_tau^2 - tau] = -1 - 8 = -9.

Final answer:
<answer>
{""value"": ""-9""}
</answer>",{'value': '-9'},False
algorithmic_scaffold_v2,hitting_time_expectation_train_1220012,hitting_time_expectation,biased_boundaries_zero_a,3,non_binary,False,"Let (X_n) be a nearest-neighbor random walk on the integers with X_0 = 5, P(X_(n+1) = X_n + 1 | F_n) = 3/5, and P(X_(n+1) = X_n - 1 | F_n) = 2/5. Let tau = inf{n >= 0 : X_n in {0, 7}}. Compute E[tau]. Answer with JSON of the form {""expected_time"": ""...""} inside the answer tags.",{'expected_time': '14990/2059'},"Step 1: Identify the walk type.
The walk is a one-dimensional nearest-neighbor walk, and the walk matrix is given.

Step 2: Extract the walk type.
The walk type is biased, and the probability p = 3/5 for +1 and q = 2/5 for -1.

Step 3: Select the interval.
The interval is [0, 7].

Step 4: Select the start.
X_0 = 5.

Step 5: Select the target interval.
target = [0, 7].

Step 6: Select the optional start.
start = 5.

Step 7: Select the optional target.
target = [0, 7].

Step 8: Select the optional start.
start = 5.

Step 9: Select the optional target.
target = [0, 7].

Step 10: Select the optional start.
start = 5.

Step 11: Select the optional target.
target = [0, 7].

Step 12: Select the optional start.
start = 5.

Step 13: Select the optional target.
target = [0, 7].

Step 14: Select the optional start.
start = 5.

Step 15: Select the optional target.
target = [0, 7].

Step 16: Select the optional start.
start = 5.

Step 17: Select the optional target.
target = [0, 7].

Step 18: Select the optional start.
start = 5.

Step 19: Select the optional target.
target = [0, 7].

Step 20: Select the optional start.
start = 5.

Step 21: Select the optional target.
target = [0, 7].

Step 22: Select the optional start.
start = 5.

Step 23: Select the optional target.
target = [0, 7].

Step 24: Select the optional start.
start = 5.

Step 25: Select the optional target.
target = [0, 7].

Step 26: Select the optional start.
start = 5.

Step 27: Select the optional target.
target = [0, 7].

Step 28: Select the optional start.
start = 5.

Step 29: Select the optional target.
target = [0, 7].

Step 30: Select",,False
algorithmic_scaffold_v2,hitting_time_expectation_train_1200009,hitting_time_expectation,symmetric_boundaries_zero_a,1,non_binary,False,"Let (X_n) be a simple symmetric random walk on the integers with X_0 = 3. Let tau = inf{n >= 0 : X_n in {0, 10}}. Compute E[tau]. Answer with JSON of the form {""expected_time"": ""...""} inside the answer tags.",{'expected_time': '21'},"Step 1: Identify the walk type.
The walk is simple symmetric, so p = q = 1/2. Use the symmetric finite-interval formula.

Step 2: Extract the interval parameters.
Lower boundary a = 0; upper boundary b = 10; start x = 3.

Step 3: Select the formula.
For the symmetric walk, E_x[tau] = (x-a)(b-x).

Step 4: Compute each factor.
x-a = 3 - (0) = 3.
b-x = 10 - (3) = 7.

Step 5: Multiply.
E_x[tau] = 3 * 7 = 21.

Final answer:
<answer>
{""expected_time"": ""21""}
</answer>",{'expected_time': '21'},True
algorithmic_scaffold_v2,hitting_time_expectation_train_1210009,hitting_time_expectation,symmetric_shifted_boundaries,2,non_binary,False,"Let (X_n) be a simple symmetric random walk with X_0 = 1. Let tau be the first time the walk hits either -2 or 4. Compute E[tau]. Answer with JSON of the form {""expected_time"": ""...""} inside the answer tags.",{'expected_time': '9'},"Step 1: Identify the walk type.
The walk is simple symmetric, so p = q = 1/2. Use the symmetric finite-interval formula.

Step 2: Extract the interval parameters.
Lower boundary a = -2; upper boundary b = 4; start x = 1.

Step 3: Select the formula.
For the symmetric walk, E_x[tau] = (x-a)(b-x).

Step 4: Compute each factor.
x-a = 1 - (-2) = 3.
b-x = 4 - 1 = 3.

Step 5: Multiply.
E_x[tau] = 3 * 3 = 9.

Final answer:
<answer>
{""expected_time"": ""9""}
</answer>",{'expected_time': '9'},True
algorithmic_scaffold_v2,martingale_verification_train_1600009,martingale_verification,centered_walk_basic,1,binary,False,"Let X_0 = 0 and X_n = Y_1 + ... + Y_n, where the Y_k are independent and P(Y_k = 3) = P(Y_k = -3) = 1/2. With respect to the natural filtration, is (X_n) a martingale? Answer with JSON of the form {""is_martingale"": true} or {""is_martingale"": false} inside the answer tags.",{'is_martingale': True},"Step 1: Identify the martingale test.
For a process (X_n), the required test is E[X_(n+1) | F_n] = X_n.

Step 2: Compute the conditional increment mean.
E[X_(n+1) | F_n] = E[Y_(n+1) + X_n | F_n] = E[Y_(n+1) | F_n] + X_n.

Step 3: Compute the required increment.
E[Y_(n+1)] = 0.

Step 4: Conclude.
E[X_(n+1) | F_n] = X_n.

Final answer:
<answer>
{""is_martingale"": true}
</answer>",{'is_martingale': True},True
algorithmic_scaffold_v2,martingale_verification_train_1620017,martingale_verification,exponential_compensation,3,binary,False,"Let X_n = Y_1 + ... + Y_n, where the Y_k are independent with P(Y_k = 1) = 3/5 and P(Y_k = -1) = 2/5. For fixed theta, consider M_n = exp(theta X_n) / (p exp(theta) + q exp(-theta))^n. With respect to the natural filtration, is (M_n) a martingale? Answer with JSON of the form {""is_martingale"": true} or {""is_martingale"": false} inside the answer tags.",{'is_martingale': True},"Step 1: Identify the required exponential compensation.
The denominator in the proposed M_n is given by p exp(theta) + q exp(-theta).

Step 2: Compute the required compensation.
Proposed M_n = exp(theta X_n) / (p exp(theta) + q exp(-theta))^n.

Step 3: Check the martingale test.
For a centered walk, proposed M_n is a martingale.

Final answer:
<answer>
{""is_martingale"": true}
</answer>",{'is_martingale': True},True
algorithmic_scaffold_v2,martingale_verification_train_1610020,martingale_verification,quadratic_compensation,3,binary,False,"Let X_n = Y_1 + ... + Y_n for independent increments with the increments have mean 0 and variance 1. Consider M_n = X_n^2 - 1 n. With respect to the natural filtration, is (M_n) a martingale? Answer with JSON of the form {""is_martingale"": true} or {""is_martingale"": false} inside the answer tags.",{'is_martingale': True},"Step 1: Identify the required compensation.
The process X_n is the centered walk, and its variance is 1. The target is the process (M_n) = X_n^2 - n.

Step 2: Check the martingale test.
For a centered walk, M_n = X_n^2 - n is a martingale.

Step 3: Conclude.
is_martingale = true.

Final answer:
<answer>
{""is_martingale"": true}
</answer>",{'is_martingale': True},True
algorithmic_scaffold_v2,optional_stopping_validity_train_1800009,optional_stopping_validity,bounded_time_valid,1,binary,False,"Let (S_n) be a simple symmetric random walk with S_0 = 0 and natural filtration F_n. Let T = inf{k >= 0 : S_k = 3} and tau = min(T, 8). A solution claims that optional stopping gives E[S_tau] = E[S_0]. Is this use of optional stopping justified? Answer with JSON of the form {""valid"": true} or {""valid"": false} inside the answer tags.",{'valid': True},"Step 1: Identify the optional-stopping issue.
Before using E[M_tau] = E[M_0], check the stopping-time hypotheses.

Step 2: Check the condition in this problem.
tau = min(T, 8).
The optional-stopping issue does not apply in the proposed problem.

Step 3: Conclude.
valid = true.

Final answer:
<answer>
{""valid"": true}
</answer>",{'valid': True},True
algorithmic_scaffold_v2,optional_stopping_validity_train_1820019,optional_stopping_validity,finite_state_hitting_valid,3,binary,False,"Let (X_n) be a simple symmetric random walk on {0, ..., 6}, absorbed when it hits 0 or 6, with X_0 = 5. Let tau be the absorption time. A solution applies optional stopping to the bounded stopped process to conclude E[X_tau] = 5. Is this use justified? Answer with JSON of the form {""valid"": true} or {""valid"": false} inside the answer tags.",{'valid': True},"Step 1: Identify the optional-stopping issue.
Before using E[M_tau] = E[M_0], check the stopping-time hypotheses.

Step 2: Check the condition in this problem.
tau is the absorption time, and no extra integrability condition is given.

Step 3: Conclude.
valid = true.

Final answer:
<answer>
{""valid"": true}
</answer>",{'valid': True},True
algorithmic_scaffold_v2,optional_stopping_validity_train_1810009,optional_stopping_validity,unbounded_first_hit_invalid,2,binary,False,"Let (S_n) be a simple symmetric random walk with S_0 = 0. Let tau = inf{n >= 0 : S_n = 4}. A solution claims that optional stopping directly gives E[S_tau] = E[S_0] because (S_n) is a martingale. Is this use justified as stated? Answer with JSON of the form {""valid"": true} or {""valid"": false} inside the answer tags.",{'valid': False},"Step 1: Identify the optional-stopping issue.
Before using E[M_tau] = E[M_0], check the stopping-time hypotheses.

Step 2: Check the condition in this problem.
tau is an unbounded first-hitting time, and no extra integrability condition is given.

Step 3: Conclude.
valid = false.

Final answer:
<answer>
{""valid"": false}
</answer>",{'valid': False},True
algorithmic_scaffold_v2,stopped_process_expectation_train_1400009,stopped_process_expectation,bounded_walk_expectation,1,non_binary,False,"Let (S_n) be a simple symmetric random walk with S_0 = 0. Let T = inf{k >= 0 : S_k = 3} and tau = min(T, 8). Compute E[S_tau]. Answer with JSON of the form {""value"": ""...""} inside the answer tags.",{'value': '0'},"Step 1: Identify the stopped process.
The process is the simple symmetric random walk (S_n), and tau = min(T, 8).
Because tau has a deterministic cap, tau is bounded.

Step 2: Extract the starting value.
S_0 = 0. The target level 3 does not change the optional-stopping value.

Step 3: Apply optional stopping directly.
E[S_tau] = E[S_0] = 0.

Final answer:
<answer>
{""value"": ""0""}
</answer>",{'value': '0'},True
algorithmic_scaffold_v2,stopped_process_expectation_train_1410009,stopped_process_expectation,quadratic_fixed_horizon,2,non_binary,False,"Let S_n = 2 + Y_1 + ... + Y_n, where P(Y_k = 3) = P(Y_k = -3) = 1/2 and the increments are independent. Compute E[S_10^2]. Answer with JSON of the form {""value"": ""...""} inside the answer tags.",{'value': '94'},"Step 1: Identify the fixed-time second-moment task.
We need E[S_10^2] for a centered independent-increment walk.

Step 2: Extract the parameters.
S_0 = 2; n = 10; increments are +3 or -3 with probability 1/2 each.
The variance of one increment is sigma^2 = (3)^2 = 9.

Step 3: Select the formula.
E[S_n^2] = S_0^2 + n sigma^2.

Step 4: Do the arithmetic in small pieces.
S_0^2 = (2)^2 = 4.
n sigma^2 = 10 * 9 = 90.
Total = 4 + 90 = 94.

Final answer:
<answer>
{""value"": ""94""}
</answer>",{'value': '94'},True
algorithmic_scaffold_v2,stopped_process_expectation_train_1420039,stopped_process_expectation,stopped_martingale_value,3,non_binary,False,"Let (S_n) be a simple symmetric random walk with S_0 = 0. Let T = inf{k >= 0 : S_k = 4} and tau = min(T, 8). Compute E[S_tau^2 - tau]. Answer with JSON of the form {""value"": ""...""} inside the answer tags.",{'value': '0'},"Step 1: Identify the stopped process.
The process is the simple symmetric random walk (S_n), and tau = min(T, 8).
Because tau has a deterministic cap, tau is bounded.

Step 2: Extract the required expression.
E[S_tau^2 - tau] = E[S_tau^2] - E[tau].

Step 3: Compute E[S_tau^2].
S_tau^2 is the square of the stopped process. For tau = 8, optional-stopping applies.
For tau = 4, optional-stopping applies.
For tau = 8, optional-stopping applies.
For tau = 0, no motion.

Step 4: Compute E[tau].
E_x[tau] = 0 for tau = 0.
E_x[tau] = 4 for tau = 4.
E_x[tau] = 8 for tau = 8.
E_x[tau] = 0 for tau = 0.

Step 5: Compute the boundary values.
E_x[S_tau^2] = 0^2 = 0.
E_x[tau] = 0.
E_x[S_tau^2 - tau] = -0 = 0.

Final answer:
<answer>
{""value"": ""0""}
</answer>",{'value': '0'},True
